chord,shape,usage_count,song_or_track_count,usage_rank_for_chord,sounding_strings,muted_strings,open_strings,pressed_strings,min_pressed_fret,max_pressed_fret,pressed_fret_span,playable_span_4,open_plus_high_position,fret_string_6,note_string_6,fret_string_5,note_string_5,fret_string_4,note_string_4,fret_string_3,note_string_3,fret_string_2,note_string_2,fret_string_1,note_string_1
#Cm(4),4.4.6.6.5.4,1,1,1,6,0,0,6,4,6,2,True,False,4,G#,4,C#,6,G#,6,C#,5,E,4,G#
#Cm7,4.4.6.4.5.4,1,1,1,6,0,0,6,4,6,2,True,False,4,G#,4,C#,6,G#,4,B,5,E,4,G#
#Fm,2.4.4.2.2.2,11,1,1,6,0,0,6,2,4,2,True,False,2,F#,4,C#,4,F#,2,A,2,C#,2,F#
#FM,2.4.4.2.2.2,3,1,1,6,0,0,6,2,4,2,True,False,2,F#,4,C#,4,F#,2,A,2,C#,2,F#
#Gm,4.6.6.4.4.4,1,1,1,6,0,0,6,4,6,2,True,False,4,G#,6,D#,6,G#,4,B,4,D#,4,G#
(alt.),x.2.x.2.3.3,2,1,1,4,2,0,4,2,3,1,True,False,x,,2,B,x,,2,A,3,D,3,G
(alt.),x.4.x.4.5.5,1,1,2,4,2,0,4,4,5,1,True,False,x,,4,C#,x,,4,B,5,E,5,A
(alt.),x.0.3.5.5.3,1,1,3,5,1,1,4,3,5,2,True,False,x,,0,A,3,F,5,C,5,E,3,G
(C),x.3.x.x.4.x,8,1,1,2,4,0,2,3,4,1,True,False,x,,3,C,x,,x,,4,D#,x,
(Dsus2/E),0.x.x.x.3.x,1,1,1,2,4,1,1,3,3,0,True,False,0,E,x,,x,,x,,3,D,x,
- - - - - -,0.x.x.7.7.7,2,1,1,4,2,1,3,7,7,0,True,True,0,E,x,,x,,7,D,7,F#,7,B
- - - - - -,3.x.4.0.3.2,1,1,2,5,1,1,4,2,4,2,True,False,3,G,x,,4,F#,0,G,3,D,2,F#
- - - - - 1,x.x.x.x.x.0,6,2,1,1,5,1,0,0,0,0,True,False,x,,x,,x,,x,,x,,0,E
- - - - - 1,x.x.x.x.x.5,6,1,2,1,5,0,1,5,5,0,True,False,x,,x,,x,,x,,x,,5,A
- - - - - 1,x.x.x.x.x.7,6,1,3,1,5,0,1,7,7,0,True,False,x,,x,,x,,x,,x,,7,B
- - - - - 1,2.2.2.2.2.2,3,1,4,6,0,0,6,2,2,0,True,False,2,F#,2,B,2,E,2,A,2,C#,2,F#
- - - - - 1,x.x.x.x.x.8,3,3,5,1,5,0,1,8,8,0,True,False,x,,x,,x,,x,,x,,8,C
- - - - - 1,2.4.2.2.2.4,3,1,6,6,0,0,6,2,4,2,True,False,2,F#,4,C#,2,E,2,A,2,C#,4,G#
- - - - - 1,0.x.x.x.x.0,1,1,7,2,4,2,0,0,0,0,True,False,0,E,x,,x,,x,,x,,0,E
- - - - - 1,2.x.x.x.x.0,1,1,8,2,4,1,1,2,2,0,True,False,2,F#,x,,x,,x,,x,,0,E
- - - - - 1,x.0.x.x.x.2,1,1,9,2,4,1,1,2,2,0,True,False,x,,0,A,x,,x,,x,,2,F#
- - - - - 1,x.x.x.x.x.9,1,1,10,1,5,0,1,9,9,0,True,False,x,,x,,x,,x,,x,,9,C#
- - - - - 1,x.x.x.x.x.11,1,1,11,1,5,0,1,11,11,0,True,False,x,,x,,x,,x,,x,,11,D#
- - - - - 1,3.x.2.3.3.0,1,1,12,5,1,1,4,2,3,1,True,False,3,G,x,,2,E,3,A#,3,D,0,E
- - - - - 1,x.0.x.x.3.2,1,1,13,3,3,1,2,2,3,1,True,False,x,,0,A,x,,x,,3,D,2,F#
- - - - - 1,x.4.4.4.5.4,1,1,14,5,1,0,5,4,5,1,True,False,x,,4,C#,4,F#,4,B,5,E,4,G#
- - - - - 1,0.x.x.4.3.2,1,1,15,4,2,1,3,2,4,2,True,False,0,E,x,,x,,4,B,3,D,2,F#
- - - - - 1,x.x.4.x.3.2,1,1,16,3,3,0,3,2,4,2,True,False,x,,x,,4,F#,x,,3,D,2,F#
- - - - - 1,7.9.7.9.7.9,1,1,17,6,0,0,6,7,9,2,True,False,7,B,9,F#,7,A,9,E,7,F#,9,C#
- - - - - 1,x.10.12.12.11.10,1,1,18,5,1,0,5,10,12,2,True,False,x,,10,G,12,D,12,G,11,A#,10,D
- - - - - 1,4.x.2.4.5.0,1,1,19,5,1,1,4,2,5,3,True,False,4,G#,x,,2,E,4,B,5,E,0,E
- - - - - 2,x.x.x.x.x.5,13,2,1,1,5,0,1,5,5,0,True,False,x,,x,,x,,x,,x,,5,A
- - - - - 2,x.x.x.3.3.0,12,3,2,3,3,1,2,3,3,0,True,False,x,,x,,x,,3,A#,3,D,0,E
- - - - - 2,x.x.x.x.x.0,10,4,3,1,5,1,0,0,0,0,True,False,x,,x,,x,,x,,x,,0,E
- - - - - 2,x.x.x.x.3.0,6,3,4,2,4,1,1,3,3,0,True,False,x,,x,,x,,x,,3,D,0,E
- - - - - 2,x.x.x.x.x.6,6,3,5,1,5,0,1,6,6,0,True,False,x,,x,,x,,x,,x,,6,A#
- - - - - 2,x.x.x.x.x.2,5,1,6,1,5,0,1,2,2,0,True,False,x,,x,,x,,x,,x,,2,F#
- - - - - 2,x.x.x.x.x.3,4,1,7,1,5,0,1,3,3,0,True,False,x,,x,,x,,x,,x,,3,G
- - - - - 2,x.x.x.x.3.x,3,3,8,1,5,0,1,3,3,0,True,False,x,,x,,x,,x,,3,D,x,
- - - - - 2,x.x.x.x.x.8,3,3,9,1,5,0,1,8,8,0,True,False,x,,x,,x,,x,,x,,8,C
- - - - - 2,2.2.2.2.2.4,3,1,10,6,0,0,6,2,4,2,True,False,2,F#,2,B,2,E,2,A,2,C#,4,G#
- - - - - 2,2.4.2.2.2.2,3,1,11,6,0,0,6,2,4,2,True,False,2,F#,4,C#,2,E,2,A,2,C#,2,F#
- - - - - 2,x.x.x.5.3.3,3,3,12,3,3,0,3,3,5,2,True,False,x,,x,,x,,5,C,3,D,3,G
- - - - - 2,x.x.x.3.6.3,3,3,13,3,3,0,3,3,6,3,True,False,x,,x,,x,,3,A#,6,F,3,G
- - - - - 2,x.x.x.x.x.4,2,2,14,1,5,0,1,4,4,0,True,False,x,,x,,x,,x,,x,,4,G#
- - - - - 2,x.x.x.x.10.9,2,1,15,2,4,0,2,9,10,1,True,False,x,,x,,x,,x,,10,A,9,C#
- - - - - 2,0.x.x.x.x.2,1,1,16,2,4,1,1,2,2,0,True,False,0,E,x,,x,,x,,x,,2,F#
- - - - - 2,2.x.x.x.x.2,1,1,17,2,4,0,2,2,2,0,True,False,2,F#,x,,x,,x,,x,,2,F#
- - - - - 2,x.0.x.0.3.0,1,1,18,4,2,3,1,3,3,0,True,False,x,,0,A,x,,0,G,3,D,0,E
- - - - - 2,x.0.x.x.3.3,1,1,19,3,3,1,2,3,3,0,True,False,x,,0,A,x,,x,,3,D,3,G
- - - - - 2,x.0.x.x.x.3,1,1,20,2,4,1,1,3,3,0,True,False,x,,0,A,x,,x,,x,,3,G
- - - - - 2,x.x.x.x.x.7,1,1,21,1,5,0,1,7,7,0,True,False,x,,x,,x,,x,,x,,7,B
- - - - - 2,x.x.x.9.9.9,1,1,22,3,3,0,3,9,9,0,True,False,x,,x,,x,,9,E,9,G#,9,C#
- - - - - 2,x.x.x.x.x.9,1,1,23,1,5,0,1,9,9,0,True,False,x,,x,,x,,x,,x,,9,C#
- - - - - 2,x.x.x.x.x.10,1,1,24,1,5,0,1,10,10,0,True,False,x,,x,,x,,x,,x,,10,D
- - - - - 2,x.x.x.x.12.12,1,1,25,2,4,0,2,12,12,0,True,False,x,,x,,x,,x,,12,B,12,E
- - - - - 2,3.x.x.3.3.2,1,1,26,4,2,0,4,2,3,1,True,False,3,G,x,,x,,3,A#,3,D,2,F#
- - - - - 2,x.x.4.x.3.3,1,1,27,3,3,0,3,3,4,1,True,False,x,,x,,4,F#,x,,3,D,3,G
- - - - - 2,x.4.4.4.5.5,1,1,28,5,1,0,5,4,5,1,True,False,x,,4,C#,4,F#,4,B,5,E,5,A
- - - - - 2,0.4.0.4.2.4,1,1,29,6,0,2,4,2,4,2,True,False,0,E,4,C#,0,D,4,B,2,C#,4,G#
- - - - - 2,x.0.5.3.3.0,1,1,30,5,1,2,3,3,5,2,True,False,x,,0,A,5,G,3,A#,3,D,0,E
- - - - - 2,7.9.7.9.7.7,1,1,31,6,0,0,6,7,9,2,True,False,7,B,9,F#,7,A,9,E,7,F#,7,B
- - - - - 2,x.0.x.7.8.9,1,1,32,4,2,1,3,7,9,2,True,True,x,,0,A,x,,7,D,8,G,9,C#
- - - - - 2,x.10.9.11.0.0,1,1,33,5,1,2,3,9,11,2,True,True,x,,10,G,9,B,11,F#,0,B,0,E
- - - - - 2,x.9.11.9.10.9,1,1,34,5,1,0,5,9,11,2,True,False,x,,9,F#,11,C#,9,E,10,A,9,C#
- - - - - 2,4.x.x.4.5.2,1,1,35,4,2,0,4,2,5,3,True,False,4,G#,x,,x,,4,B,5,E,2,F#
- - - - - 2,x.10.12.10.11.13,1,1,36,5,1,0,5,10,13,3,True,False,x,,10,G,12,D,10,F,11,A#,13,F
- - - - - 3,0.2.2.1.0.0,36,3,1,6,0,3,3,1,2,1,True,False,0,E,2,B,2,E,1,G#,0,B,0,E
- - - - - 3,5.7.5.6.8.5,24,3,2,6,0,0,6,5,8,3,True,False,5,A,7,E,5,G,6,C#,8,G,5,A
- - - - - 3,7.x.7.7.7.7,18,3,3,5,1,0,5,7,7,0,True,False,7,B,x,,7,A,7,D,7,F#,7,B
- - - - - 3,x.x.x.x.x.0,12,5,4,1,5,1,0,0,0,0,True,False,x,,x,,x,,x,,x,,0,E
- - - - - 3,4.x.4.4.4.4,9,3,5,5,1,0,5,4,4,0,True,False,4,G#,x,,4,F#,4,B,4,D#,4,G#
- - - - - 3,10.10.10.10.10.10,9,3,6,6,0,0,6,10,10,0,True,False,10,D,10,G,10,C,10,F,10,A,10,D
- - - - - 3,x.x.12.x.x.0,9,3,7,2,4,1,1,12,12,0,True,True,x,,x,,12,D,x,,x,,0,E
- - - - - 3,3.5.3.4.3.3,9,3,8,6,0,0,6,3,5,2,True,False,3,G,5,D,3,F,4,B,3,D,3,G
- - - - - 3,4.4.6.4.5.4,9,1,9,6,0,0,6,4,6,2,True,False,4,G#,4,C#,6,G#,4,B,5,E,4,G#
- - - - - 3,x.x.7.7.0.0,6,3,10,4,2,2,2,7,7,0,True,True,x,,x,,7,A,7,D,0,B,0,E
- - - - - 3,7.x.7.7.5.0,6,1,11,5,1,1,4,5,7,2,True,False,7,B,x,,7,A,7,D,5,E,0,E
- - - - - 3,x.5.7.6.7.5,4,1,12,5,1,0,5,5,7,2,True,False,x,,5,D,7,A,6,C#,7,F#,5,A
- - - - - 3,x.x.x.2.2.x,3,1,13,2,4,0,2,2,2,0,True,False,x,,x,,x,,2,A,2,C#,x,
- - - - - 3,x.3.x.3.3.0,3,2,14,4,2,1,3,3,3,0,True,False,x,,3,C,x,,3,A#,3,D,0,E
- - - - - 3,3.3.5.4.5.3,3,1,15,6,0,0,6,3,5,2,True,False,3,G,3,C,5,G,4,B,5,E,3,G
- - - - - 3,x.x.5.3.3.3,3,3,16,4,2,0,4,3,5,2,True,False,x,,x,,5,G,3,A#,3,D,3,G
- - - - - 3,5.4.4.6.5.4,3,1,17,6,0,0,6,4,6,2,True,False,5,A,4,C#,4,F#,6,C#,5,E,4,G#
- - - - - 3,x.0.x.0.2.0,2,1,18,4,2,3,1,2,2,0,True,False,x,,0,A,x,,0,G,2,C#,0,E
- - - - - 3,x.3.x.x.3.0,2,1,19,3,3,1,2,3,3,0,True,False,x,,3,C,x,,x,,3,D,0,E
- - - - - 3,0.x.x.7.7.7,2,1,20,4,2,1,3,7,7,0,True,True,0,E,x,,x,,7,D,7,F#,7,B
- - - - - 3,x.7.x.x.7.0,2,1,21,3,3,1,2,7,7,0,True,True,x,,7,E,x,,x,,7,F#,0,E
- - - - - 3,x.x.0.2.3.2,2,1,22,4,2,1,3,2,3,1,True,False,x,,x,,0,D,2,A,3,D,2,F#
- - - - - 3,x.7.x.6.7.0,2,1,23,4,2,1,3,6,7,1,True,True,x,,7,E,x,,6,C#,7,F#,0,E
- - - - - 3,x.5.6.5.7.7,2,1,24,5,1,0,5,5,7,2,True,False,x,,5,D,6,G#,5,C,7,F#,7,B
- - - - - 3,x.5.7.7.6.5,2,1,25,5,1,0,5,5,7,2,True,False,x,,5,D,7,A,7,D,6,F,5,A
- - - - - 3,x.8.6.7.x.0,2,1,26,4,2,1,3,6,8,2,True,True,x,,8,F,6,G#,7,D,x,,0,E
- - - - - 3,7.9.7.7.7.9,2,1,27,6,0,0,6,7,9,2,True,False,7,B,9,F#,7,A,7,D,7,F#,9,C#
- - - - - 3,7.x.x.7.7.9,2,1,28,4,2,0,4,7,9,2,True,False,7,B,x,,x,,7,D,7,F#,9,C#
- - - - - 3,x.8.x.10.9.10,2,1,29,4,2,0,4,8,10,2,True,False,x,,8,F,x,,10,F,9,G#,10,D
- - - - - 3,x.0.11.11.9.9,2,1,30,5,1,1,4,9,11,2,True,True,x,,0,A,11,C#,11,F#,9,G#,9,C#
- - - - - 3,0.0.12.12.10.12,2,1,31,6,0,2,4,10,12,2,True,True,0,E,0,A,12,D,12,G,10,A,12,E
- - - - - 3,6.x.x.6.7.9,2,1,32,4,2,0,4,6,9,3,True,False,6,A#,x,,x,,6,C#,7,F#,9,C#
- - - - - 3,x.0.7.6.7.9,2,1,33,5,1,1,4,6,9,3,True,True,x,,0,A,7,A,6,C#,7,F#,9,C#
- - - - - 3,7.x.7.7.7.10,2,1,34,5,1,0,5,7,10,3,True,False,7,B,x,,7,A,7,D,7,F#,10,D
- - - - - 3,x.11.12.9.12.12,2,1,35,5,1,0,5,9,12,3,True,False,x,,11,G#,12,D,9,E,12,B,12,E
- - - - - 3,x.0.x.x.x.0,1,1,36,2,4,2,0,0,0,0,True,False,x,,0,A,x,,x,,x,,0,E
- - - - - 3,x.1.x.1.1.0,1,1,37,4,2,1,3,1,1,0,True,False,x,,1,A#,x,,1,G#,1,C,0,E
- - - - - 3,2.2.2.2.2.2,1,1,38,6,0,0,6,2,2,0,True,False,2,F#,2,B,2,E,2,A,2,C#,2,F#
- - - - - 3,x.0.2.0.0.0,1,1,39,5,1,4,1,2,2,0,True,False,x,,0,A,2,E,0,G,0,B,0,E
- - - - - 3,x.5.5.5.5.5,1,1,40,5,1,0,5,5,5,0,True,False,x,,5,D,5,G,5,C,5,E,5,A
- - - - - 3,x.0.x.x.8.0,1,1,41,3,3,2,1,8,8,0,True,True,x,,0,A,x,,x,,8,G,0,E
- - - - - 3,0.x.x.9.9.9,1,1,42,4,2,1,3,9,9,0,True,True,0,E,x,,x,,9,E,9,G#,9,C#
- - - - - 3,x.x.x.x.x.11,1,1,43,1,5,0,1,11,11,0,True,False,x,,x,,x,,x,,x,,11,D#
- - - - - 3,0.x.2.0.3.0,1,1,44,5,1,3,2,2,3,1,True,False,0,E,x,,2,E,0,G,3,D,0,E
- - - - - 3,2.x.x.3.2.0,1,1,45,4,2,1,3,2,3,1,True,False,2,F#,x,,x,,3,A#,2,C#,0,E
- - - - - 3,x.3.2.3.3.0,1,1,46,5,1,1,4,2,3,1,True,False,x,,3,C,2,E,3,A#,3,D,0,E
- - - - - 3,3.x.4.0.3.0,1,1,47,5,1,2,3,3,4,1,True,False,3,G,x,,4,F#,0,G,3,D,0,E
- - - - - 3,x.3.3.3.4.4,1,1,48,5,1,0,5,3,4,1,True,False,x,,3,C,3,F,3,A#,4,D#,4,G#
- - - - - 3,0.5.4.5.0.5,1,1,49,6,0,2,4,4,5,1,True,False,0,E,5,D,4,F#,5,C,0,B,5,A
- - - - - 3,x.4.4.4.5.5,1,1,50,5,1,0,5,4,5,1,True,False,x,,4,C#,4,F#,4,B,5,E,5,A
- - - - - 3,x.x.4.5.4.4,1,1,51,4,2,0,4,4,5,1,True,False,x,,x,,4,F#,5,C,4,D#,4,G#
- - - - - 3,5.x.5.6.5.5,1,1,52,5,1,0,5,5,6,1,True,False,5,A,x,,5,G,6,C#,5,E,5,A
- - - - - 3,6.x.5.6.6.0,1,1,53,5,1,1,4,5,6,1,True,False,6,A#,x,,5,G,6,C#,6,F,0,E
- - - - - 3,6.x.x.7.x.6,1,1,54,3,3,0,3,6,7,1,True,False,6,A#,x,,x,,7,D,x,,6,A#
- - - - - 3,x.0.7.6.0.0,1,1,55,5,1,3,2,6,7,1,True,True,x,,0,A,7,A,6,C#,0,B,0,E
- - - - - 3,x.0.x.9.8.0,1,1,56,4,2,2,2,8,9,1,True,True,x,,0,A,x,,9,E,8,G,0,E
- - - - - 3,9.9.9.10.9.10,1,1,57,6,0,0,6,9,10,1,True,False,9,C#,9,F#,9,B,10,F,9,G#,10,D
- - - - - 3,x.0.11.11.10.x,1,1,58,4,2,1,3,10,11,1,True,True,x,,0,A,11,C#,11,F#,10,A,x,
- - - - - 3,1.2.x.2.3.x,1,1,59,4,2,0,4,1,3,2,True,False,1,F,2,B,x,,2,A,3,D,x,
- - - - - 3,1.x.0.2.3.0,1,1,60,5,1,2,3,1,3,2,True,False,1,F,x,,0,D,2,A,3,D,0,E
- - - - - 3,x.x.0.2.3.1,1,1,61,4,2,1,3,1,3,2,True,False,x,,x,,0,D,2,A,3,D,1,F
- - - - - 3,2.2.4.4.3.2,1,1,62,6,0,0,6,2,4,2,True,False,2,F#,2,B,4,F#,4,B,3,D,2,F#
- - - - - 3,x.4.x.2.3.0,1,1,63,4,2,1,3,2,4,2,True,False,x,,4,C#,x,,2,A,3,D,0,E
- - - - - 3,x.6.4.4.4.4,1,1,64,5,1,0,5,4,6,2,True,False,x,,6,D#,4,F#,4,B,4,D#,4,G#
- - - - - 3,6.x.6.7.5.0,1,1,65,5,1,1,4,5,7,2,True,False,6,A#,x,,6,G#,7,D,5,E,0,E
- - - - - 3,x.0.5.6.7.x,1,1,66,4,2,1,3,5,7,2,True,False,x,,0,A,5,G,6,C#,7,F#,x,
- - - - - 3,x.5.7.6.5.7,1,1,67,5,1,0,5,5,7,2,True,False,x,,5,D,7,A,6,C#,5,E,7,B
- - - - - 3,6.x.x.0.6.8,1,1,68,4,2,1,3,6,8,2,True,True,6,A#,x,,x,,0,G,6,F,8,C
- - - - - 3,6.x.x.7.x.8,1,1,69,3,3,0,3,6,8,2,True,False,6,A#,x,,x,,7,D,x,,8,C
- - - - - 3,0.9.7.9.9.0,1,1,70,6,0,2,4,7,9,2,True,True,0,E,9,F#,7,A,9,E,9,G#,0,E
- - - - - 3,0.x.x.7.9.9,1,1,71,4,2,1,3,7,9,2,True,True,0,E,x,,x,,7,D,9,G#,9,C#
- - - - - 3,7.7.9.8.9.7,1,1,72,6,0,0,6,7,9,2,True,False,7,B,7,E,9,B,8,D#,9,G#,7,B
- - - - - 3,9.x.7.9.9.9,1,1,73,5,1,0,5,7,9,2,True,False,9,C#,x,,7,A,9,E,9,G#,9,C#
- - - - - 3,x.x.0.9.7.7,1,1,74,4,2,1,3,7,9,2,True,True,x,,x,,0,D,9,E,7,F#,7,B
- - - - - 3,8.x.10.9.0.0,1,1,75,5,1,2,3,8,10,2,True,True,8,C,x,,10,C,9,E,0,B,0,E
- - - - - 3,8.x.8.9.8.10,1,1,76,5,1,0,5,8,10,2,True,False,8,C,x,,8,A#,9,E,8,G,10,D
- - - - - 3,x.0.11.11.9.0,1,1,77,5,1,2,3,9,11,2,True,True,x,,0,A,11,C#,11,F#,9,G#,0,E
- - - - - 3,x.x.0.11.10.9,1,1,78,4,2,1,3,9,11,2,True,True,x,,x,,0,D,11,F#,10,A,9,C#
- - - - - 3,10.10.12.11.10.12,1,1,79,6,0,0,6,10,12,2,True,False,10,D,10,G,12,D,11,F#,10,A,12,E
- - - - - 3,x.11.12.10.12.0,1,1,80,5,1,1,4,10,12,2,True,True,x,,11,G#,12,D,10,F,12,B,0,E
- - - - - 3,0.11.12.13.x.x,1,1,81,4,2,1,3,11,13,2,True,True,0,E,11,G#,12,D,13,G#,x,,x,
- - - - - 3,0.x.12.13.14.0,1,1,82,5,1,2,3,12,14,2,True,True,0,E,x,,12,D,13,G#,14,C#,0,E
- - - - - 3,x.12.13.14.x.0,1,1,83,4,2,1,3,12,14,2,True,True,x,,12,A,13,D#,14,A,x,,0,E
- - - - - 3,0.x.6.4.3.0,1,1,84,5,1,2,3,3,6,3,True,False,0,E,x,,6,G#,4,B,3,D,0,E
- - - - - 3,5.x.5.6.8.5,1,1,85,5,1,0,5,5,8,3,True,False,5,A,x,,5,G,6,C#,8,G,5,A
- - - - - 3,6.x.5.7.8.x,1,1,86,4,2,0,4,5,8,3,True,False,6,A#,x,,5,G,7,D,8,G,x,
- - - - - 3,0.8.9.6.9.0,1,1,87,6,0,2,4,6,9,3,True,True,0,E,8,F,9,B,6,C#,9,G#,0,E
- - - - - 3,7.9.7.9.10.7,1,1,88,6,0,0,6,7,10,3,True,False,7,B,9,F#,7,A,9,E,10,A,7,B
- - - - - 3,8.x.8.9.11.8,1,1,89,5,1,0,5,8,11,3,True,False,8,C,x,,8,A#,9,E,11,A#,8,C
- - - - - 3,9.x.8.10.11.x,1,1,90,4,2,0,4,8,11,3,True,False,9,C#,x,,8,A#,10,F,11,A#,x,
- - - - - 3,0.x.10.11.9.12,1,1,91,5,1,1,4,9,12,3,True,True,0,E,x,,10,C,11,F#,9,G#,12,E
- - - - - 3,0.x.9.10.10.12,1,1,92,5,1,1,4,9,12,3,True,True,0,E,x,,9,B,10,F,10,A,12,E
- - - - - 3,x.10.12.10.11.13,1,1,93,5,1,0,5,10,13,3,True,False,x,,10,G,12,D,10,F,11,A#,13,F
- - - - - 3,0.11.12.13.14.x,1,1,94,5,1,1,4,11,14,3,True,True,0,E,11,G#,12,D,13,G#,14,C#,x,
- - - - - 3,3.x.x.4.5.7,1,1,95,4,2,0,4,3,7,4,True,False,3,G,x,,x,,4,B,5,E,7,B
- - - - - 3,7.x.5.7.x.9,1,1,96,4,2,0,4,5,9,4,True,False,7,B,x,,5,G,7,D,x,,9,C#
- - - - - 3,9.x.7.9.9.11,1,1,97,5,1,0,5,7,11,4,True,False,9,C#,x,,7,A,9,E,9,G#,11,D#
- - - - - t,x.x.x.x.x.4,1,1,1,1,5,0,1,4,4,0,True,False,x,,x,,x,,x,,x,,4,G#
- - - - - t,x.x.x.x.11.x,1,1,2,1,5,0,1,11,11,0,True,False,x,,x,,x,,x,,11,A#,x,
- - - - -1,x.x.x.x.x.7,1,1,1,1,5,0,1,7,7,0,True,False,x,,x,,x,,x,,x,,7,B
- - - - -2,x.x.x.x.x.0,3,1,1,1,5,1,0,0,0,0,True,False,x,,x,,x,,x,,x,,0,E
- - - - -2,x.x.x.x.x.5,3,1,2,1,5,0,1,5,5,0,True,False,x,,x,,x,,x,,x,,5,A
- - - - -2,x.x.x.x.x.12,2,1,3,1,5,0,1,12,12,0,True,False,x,,x,,x,,x,,x,,12,E
- - - - -2,x.0.6.6.5.0,2,1,4,5,1,2,3,5,6,1,True,False,x,,0,A,6,G#,6,C#,5,E,0,E
- - - - -2,x.0.6.6.5.4,2,1,5,5,1,1,4,4,6,2,True,False,x,,0,A,6,G#,6,C#,5,E,4,G#
- - - - -2,x.x.x.x.x.4,1,1,6,1,5,0,1,4,4,0,True,False,x,,x,,x,,x,,x,,4,G#
- - - - -2,x.x.x.7.x.x,1,1,7,1,5,0,1,7,7,0,True,False,x,,x,,x,,7,D,x,,x,
- - - - -2,0.2.4.4.3.0,1,1,8,6,0,2,4,2,4,2,True,False,0,E,2,B,4,F#,4,B,3,D,0,E
- - - - -2,x.x.x.x.7.5,1,1,9,2,4,0,2,5,7,2,True,False,x,,x,,x,,x,,7,F#,5,A
- - - - -3,x.x.x.x.x.14,1,1,1,1,5,0,1,14,14,0,True,False,x,,x,,x,,x,,x,,14,F#
- - - - -3,x.x.7.8.7.7,1,1,2,4,2,0,4,7,8,1,True,False,x,,x,,7,A,8,D#,7,F#,7,B
- - - - -3,x.0.11.11.12.12,1,1,3,5,1,1,4,11,12,1,True,True,x,,0,A,11,C#,11,F#,12,B,12,E
- - - - -3,6.x.6.7.5.0,1,1,4,5,1,1,4,5,7,2,True,False,6,A#,x,,6,G#,7,D,5,E,0,E
- - - - -3,7.x.x.7.7.9,1,1,5,4,2,0,4,7,9,2,True,False,7,B,x,,x,,7,D,7,F#,9,C#
- - - - 1 -,x.x.x.x.0.x,15,3,1,1,5,1,0,0,0,0,True,False,x,,x,,x,,x,,0,B,x,
- - - - 1 -,x.3.2.0.1.x,12,3,2,4,2,1,3,1,3,2,True,False,x,,3,C,2,E,0,G,1,C,x,
- - - - 1 -,x.x.x.x.3.x,9,3,3,1,5,0,1,3,3,0,True,False,x,,x,,x,,x,,3,D,x,
- - - - 1 -,x.x.x.3.3.1,6,3,4,3,3,0,3,1,3,2,True,False,x,,x,,x,,3,A#,3,D,1,F
- - - - 1 -,x.x.x.2.x.x,3,3,5,1,5,0,1,2,2,0,True,False,x,,x,,x,,2,A,x,,x,
- - - - 1 -,x.x.x.3.3.3,3,3,6,3,3,0,3,3,3,0,True,False,x,,x,,x,,3,A#,3,D,3,G
- - - - 1 -,x.x.x.x.8.x,3,3,7,1,5,0,1,8,8,0,True,False,x,,x,,x,,x,,8,G,x,
- - - - 1 -,0.2.1.0.2.0,3,1,8,6,0,3,3,1,2,1,True,False,0,E,2,B,1,D#,0,G,2,C#,0,E
- - - - 1 -,x.x.x.5.3.3,3,3,9,3,3,0,3,3,5,2,True,False,x,,x,,x,,5,C,3,D,3,G
- - - - 1 -,x.x.x.3.6.3,3,3,10,3,3,0,3,3,6,3,True,False,x,,x,,x,,3,A#,6,F,3,G
- - - - 1 -,2.x.0.2.2.x,1,1,11,4,2,1,3,2,2,0,True,False,2,F#,x,,0,D,2,A,2,C#,x,
- - - - 1 -,x.0.x.0.3.0,1,1,12,4,2,3,1,3,3,0,True,False,x,,0,A,x,,0,G,3,D,0,E
- - - - 1 -,x.x.x.x.4.x,1,1,13,1,5,0,1,4,4,0,True,False,x,,x,,x,,x,,4,D#,x,
- - - - 1 -,x.x.x.x.7.x,1,1,14,1,5,0,1,7,7,0,True,False,x,,x,,x,,x,,7,F#,x,
- - - - 1 -,x.x.x.x.10.x,1,1,15,1,5,0,1,10,10,0,True,False,x,,x,,x,,x,,10,A,x,
- - - - 1 -,1.x.0.1.2.x,1,1,16,4,2,1,3,1,2,1,True,False,1,F,x,,0,D,1,G#,2,C#,x,
- - - - 1 -,x.x.0.2.3.2,1,1,17,4,2,1,3,2,3,1,True,False,x,,x,,0,D,2,A,3,D,2,F#
- - - - 1 -,x.x.x.x.8.5,1,1,18,2,4,0,2,5,8,3,True,False,x,,x,,x,,x,,8,G,5,A
- - - - 1-,x.x.x.x.10.x,3,1,1,1,5,0,1,10,10,0,True,False,x,,x,,x,,x,,10,A,x,
- - - - 1-,x.x.x.10.10.10,2,1,2,3,3,0,3,10,10,0,True,False,x,,x,,x,,10,F,10,A,10,D
- - - - 1-,x.x.x.x.12.x,2,1,3,1,5,0,1,12,12,0,True,False,x,,x,,x,,x,,12,B,x,
- - - - 1-,x.3.x.3.3.0,1,1,4,4,2,1,3,3,3,0,True,False,x,,3,C,x,,3,A#,3,D,0,E
- - - - 1-,x.x.x.x.4.x,1,1,5,1,5,0,1,4,4,0,True,False,x,,x,,x,,x,,4,D#,x,
- - - - 1-,x.0.x.x.7.x,1,1,6,2,4,1,1,7,7,0,True,True,x,,0,A,x,,x,,7,F#,x,
- - - - 1-,x.x.x.7.x.x,1,1,7,1,5,0,1,7,7,0,True,False,x,,x,,x,,7,D,x,,x,
- - - - 1-,x.x.x.x.7.0,1,1,8,2,4,1,1,7,7,0,True,True,x,,x,,x,,x,,7,F#,0,E
- - - - 1-,x.x.x.x.7.x,1,1,9,1,5,0,1,7,7,0,True,False,x,,x,,x,,x,,7,F#,x,
- - - - 1-,0.x.x.x.9.x,1,1,10,2,4,1,1,9,9,0,True,True,0,E,x,,x,,x,,9,G#,x,
- - - - 1-,x.x.x.9.9.x,1,1,11,2,4,0,2,9,9,0,True,False,x,,x,,x,,9,E,9,G#,x,
- - - - 1-,x.x.x.x.12.12,1,1,12,2,4,0,2,12,12,0,True,False,x,,x,,x,,x,,12,B,12,E
- - - - 1-,x.x.x.x.5.4,1,1,13,2,4,0,2,4,5,1,True,False,x,,x,,x,,x,,5,E,4,G#
- - - - 1-,0.x.x.7.9.9,1,1,14,4,2,1,3,7,9,2,True,True,0,E,x,,x,,7,D,9,G#,9,C#
- - - - 1-,x.9.11.9.12.9,1,1,15,5,1,0,5,9,12,3,True,False,x,,9,F#,11,C#,9,E,12,B,9,C#
- - - - 1-,x.x.x.x.9.5,1,1,16,2,4,0,2,5,9,4,True,False,x,,x,,x,,x,,9,G#,5,A
- - - - 2 -,x.x.x.x.0.x,36,3,1,1,5,1,0,0,0,0,True,False,x,,x,,x,,x,,0,B,x,
- - - - 2 -,x.5.5.5.5.5,24,3,2,5,1,0,5,5,5,0,True,False,x,,5,D,5,G,5,C,5,E,5,A
- - - - 2 -,x.3.3.3.3.3,18,3,3,5,1,0,5,3,3,0,True,False,x,,3,C,3,F,3,A#,3,D,3,G
- - - - 2 -,0.x.9.x.0.x,18,3,4,3,3,2,1,9,9,0,True,True,0,E,x,,9,B,x,,0,B,x,
- - - - 2 -,3.x.2.0.3.x,12,3,5,4,2,1,3,2,3,1,True,False,3,G,x,,2,E,0,G,3,D,x,
- - - - 2 -,8.x.7.0.8.x,12,3,6,4,2,1,3,7,8,1,True,True,8,C,x,,7,A,0,G,8,G,x,
- - - - 2 -,x.x.x.x.0.0,9,3,7,2,4,2,0,0,0,0,True,False,x,,x,,x,,x,,0,B,0,E
- - - - 2 -,x.x.6.x.0.x,9,3,8,2,4,1,1,6,6,0,True,True,x,,x,,6,G#,x,,0,B,x,
- - - - 2 -,x.x.3.2.0.0,9,3,9,4,2,2,2,2,3,1,True,False,x,,x,,3,F,2,A,0,B,0,E
- - - - 2 -,6.x.5.x.6.x,9,3,10,3,3,0,3,5,6,1,True,False,6,A#,x,,5,G,x,,6,F,x,
- - - - 2 -,x.x.7.6.0.0,6,3,11,4,2,2,2,6,7,1,True,True,x,,x,,7,A,6,C#,0,B,0,E
- - - - 2 -,x.x.10.9.8.x,6,3,12,3,3,0,3,8,10,2,True,False,x,,x,,10,C,9,E,8,G,x,
- - - - 2 -,x.x.x.0.x.x,3,3,13,1,5,1,0,0,0,0,True,False,x,,x,,x,,0,G,x,,x,
- - - - 2 -,x.x.x.3.3.3,3,3,14,3,3,0,3,3,3,0,True,False,x,,x,,x,,3,A#,3,D,3,G
- - - - 2 -,x.x.x.x.6.x,3,3,15,1,5,0,1,6,6,0,True,False,x,,x,,x,,x,,6,F,x,
- - - - 2 -,x.x.x.x.8.x,3,3,16,1,5,0,1,8,8,0,True,False,x,,x,,x,,x,,8,G,x,
- - - - 2 -,10.10.10.10.10.10,3,3,17,6,0,0,6,10,10,0,True,False,10,D,10,G,10,C,10,F,10,A,10,D
- - - - 2 -,0.2.1.0.0.0,3,1,18,6,0,4,2,1,2,1,True,False,0,E,2,B,1,D#,0,G,0,B,0,E
- - - - 2 -,x.3.2.x.1.0,3,3,19,4,2,1,3,1,3,2,True,False,x,,3,C,2,E,x,,1,C,0,E
- - - - 2 -,x.x.4.4.2.x,3,3,20,3,3,0,3,2,4,2,True,False,x,,x,,4,F#,4,B,2,C#,x,
- - - - 2 -,3.3.5.4.5.3,3,1,21,6,0,0,6,3,5,2,True,False,3,G,3,C,5,G,4,B,5,E,3,G
- - - - 2 -,x.x.x.3.5.3,3,3,22,3,3,0,3,3,5,2,True,False,x,,x,,x,,3,A#,5,E,3,G
- - - - 2 -,4.4.6.4.5.4,3,1,23,6,0,0,6,4,6,2,True,False,4,G#,4,C#,6,G#,4,B,5,E,4,G#
- - - - 2 -,5.4.4.6.5.4,3,1,24,6,0,0,6,4,6,2,True,False,5,A,4,C#,4,F#,6,C#,5,E,4,G#
- - - - 2 -,x.x.10.10.8.x,3,3,25,3,3,0,3,8,10,2,True,False,x,,x,,10,C,10,F,8,G,x,
- - - - 2 -,x.0.x.0.2.0,2,1,26,4,2,3,1,2,2,0,True,False,x,,0,A,x,,0,G,2,C#,0,E
- - - - 2 -,x.1.x.0.2.1,2,1,27,4,2,1,3,1,2,1,True,False,x,,1,A#,x,,0,G,2,C#,1,F
- - - - 2 -,x.0.x.2.3.0,2,1,28,4,2,2,2,2,3,1,True,False,x,,0,A,x,,2,A,3,D,0,E
- - - - 2 -,7.9.7.7.7.9,2,1,29,6,0,0,6,7,9,2,True,False,7,B,9,F#,7,A,7,D,7,F#,9,C#
- - - - 2 -,9.11.9.11.9.9,2,1,30,6,0,0,6,9,11,2,True,False,9,C#,11,G#,9,B,11,F#,9,G#,9,C#
- - - - 2 -,0.0.12.12.10.12,2,1,31,6,0,2,4,10,12,2,True,True,0,E,0,A,12,D,12,G,10,A,12,E
- - - - 2 -,x.2.x.2.3.5,2,1,32,4,2,0,4,2,5,3,True,False,x,,2,B,x,,2,A,3,D,5,A
- - - - 2 -,x.4.5.2.2.x,2,1,33,4,2,0,4,2,5,3,True,False,x,,4,C#,5,G,2,A,2,C#,x,
- - - - 2 -,x.x.0.2.3.5,2,1,34,4,2,1,3,2,5,3,True,False,x,,x,,0,D,2,A,3,D,5,A
- - - - 2 -,x.x.8.7.8.10,2,1,35,4,2,0,4,7,10,3,True,False,x,,x,,8,A#,7,D,8,G,10,D
- - - - 2 -,1.x.0.1.0.x,1,1,36,4,2,2,2,1,1,0,True,False,1,F,x,,0,D,1,G#,0,B,x,
- - - - 2 -,2.x.0.2.0.x,1,1,37,4,2,2,2,2,2,0,True,False,2,F#,x,,0,D,2,A,0,B,x,
- - - - 2 -,x.0.2.0.0.2,1,1,38,5,1,3,2,2,2,0,True,False,x,,0,A,2,E,0,G,0,B,2,F#
- - - - 2 -,x.0.2.0.2.0,1,1,39,5,1,3,2,2,2,0,True,False,x,,0,A,2,E,0,G,2,C#,0,E
- - - - 2 -,3.x.x.0.0.3,1,1,40,4,2,2,2,3,3,0,True,False,3,G,x,,x,,0,G,0,B,3,G
- - - - 2 -,x.3.x.x.3.0,1,1,41,3,3,1,2,3,3,0,True,False,x,,3,C,x,,x,,3,D,0,E
- - - - 2 -,x.0.x.0.6.x,1,1,42,3,3,2,1,6,6,0,True,True,x,,0,A,x,,0,G,6,F,x,
- - - - 2 -,x.x.x.x.7.x,1,1,43,1,5,0,1,7,7,0,True,False,x,,x,,x,,x,,7,F#,x,
- - - - 2 -,0.x.2.0.3.0,1,1,44,5,1,3,2,2,3,1,True,False,0,E,x,,2,E,0,G,3,D,0,E
- - - - 2 -,0.x.2.0.3.2,1,1,45,5,1,2,3,2,3,1,True,False,0,E,x,,2,E,0,G,3,D,2,F#
- - - - 2 -,x.2.x.0.3.2,1,1,46,4,2,1,3,2,3,1,True,False,x,,2,B,x,,0,G,3,D,2,F#
- - - - 2 -,x.2.x.0.3.3,1,1,47,4,2,1,3,2,3,1,True,False,x,,2,B,x,,0,G,3,D,3,G
- - - - 2 -,x.3.x.3.3.2,1,1,48,4,2,0,4,2,3,1,True,False,x,,3,C,x,,3,A#,3,D,2,F#
- - - - 2 -,x.x.2.3.2.3,1,1,49,4,2,0,4,2,3,1,True,False,x,,x,,2,E,3,A#,2,C#,3,G
- - - - 2 -,3.x.4.0.3.0,1,1,50,5,1,2,3,3,4,1,True,False,3,G,x,,4,F#,0,G,3,D,0,E
- - - - 2 -,x.4.x.4.4.3,1,1,51,4,2,0,4,3,4,1,True,False,x,,4,C#,x,,4,B,4,D#,3,G
- - - - 2 -,x.4.x.4.5.5,1,1,52,4,2,0,4,4,5,1,True,False,x,,4,C#,x,,4,B,5,E,5,A
- - - - 2 -,x.0.x.x.8.9,1,1,53,3,3,1,2,8,9,1,True,True,x,,0,A,x,,x,,8,G,9,C#
- - - - 2 -,1.x.0.2.3.0,1,1,54,5,1,2,3,1,3,2,True,False,1,F,x,,0,D,2,A,3,D,0,E
- - - - 2 -,x.x.0.2.3.1,1,1,55,4,2,1,3,1,3,2,True,False,x,,x,,0,D,2,A,3,D,1,F
- - - - 2 -,0.x.x.4.3.2,1,1,56,4,2,1,3,2,4,2,True,False,0,E,x,,x,,4,B,3,D,2,F#
- - - - 2 -,x.4.x.2.3.0,1,1,57,4,2,1,3,2,4,2,True,False,x,,4,C#,x,,2,A,3,D,0,E
- - - - 2 -,x.5.7.6.7.5,1,1,58,5,1,0,5,5,7,2,True,False,x,,5,D,7,A,6,C#,7,F#,5,A
- - - - 2 -,x.5.7.7.6.5,1,1,59,5,1,0,5,5,7,2,True,False,x,,5,D,7,A,7,D,6,F,5,A
- - - - 2 -,x.x.5.6.7.0,1,1,60,4,2,1,3,5,7,2,True,False,x,,x,,5,G,6,C#,7,F#,0,E
- - - - 2 -,9.x.7.9.9.9,1,1,61,5,1,0,5,7,9,2,True,False,9,C#,x,,7,A,9,E,9,G#,9,C#
- - - - 2 -,x.x.0.11.10.9,1,1,62,4,2,1,3,9,11,2,True,True,x,,x,,0,D,11,F#,10,A,9,C#
- - - - 2 -,x.10.12.12.11.10,1,1,63,5,1,0,5,10,12,2,True,False,x,,10,G,12,D,12,G,11,A#,10,D
- - - - 2 -,x.3.x.x.6.x,1,1,64,2,4,0,2,3,6,3,True,False,x,,3,C,x,,x,,6,F,x,
- - - - 2 -,7.9.7.9.10.7,1,1,65,6,0,0,6,7,10,3,True,False,7,B,9,F#,7,A,9,E,10,A,7,B
- - - - 2 -,8.x.x.7.8.10,1,1,66,4,2,0,4,7,10,3,True,False,8,C,x,,x,,7,D,8,G,10,D
- - - - 2 -,x.7.x.0.8.10,1,1,67,4,2,1,3,7,10,3,True,True,x,,7,E,x,,0,G,8,G,10,D
- - - - 2 -,x.8.x.7.8.10,1,1,68,4,2,0,4,7,10,3,True,False,x,,8,F,x,,7,D,8,G,10,D
- - - - 2 -,x.9.7.9.10.x,1,1,69,4,2,0,4,7,10,3,True,False,x,,9,F#,7,A,9,E,10,A,x,
- - - - 2 -,3.x.x.4.5.7,1,1,70,4,2,0,4,3,7,4,True,False,3,G,x,,x,,4,B,5,E,7,B
- - - - 2 -,6.x.x.7.8.10,1,1,71,4,2,0,4,6,10,4,True,False,6,A#,x,,x,,7,D,8,G,10,D
- - - - 2-,x.x.x.x.0.x,4,1,1,1,5,1,0,0,0,0,True,False,x,,x,,x,,x,,0,B,x,
- - - - 2-,0.x.x.7.7.7,4,1,2,4,2,1,3,7,7,0,True,True,0,E,x,,x,,7,D,7,F#,7,B
- - - - 2-,7.x.7.7.5.0,4,1,3,5,1,1,4,5,7,2,True,False,7,B,x,,7,A,7,D,5,E,0,E
- - - - 2-,x.7.x.x.7.0,2,1,4,3,3,1,2,7,7,0,True,True,x,,7,E,x,,x,,7,F#,0,E
- - - - 2-,x.x.x.13.13.0,2,1,5,3,3,1,2,13,13,0,True,True,x,,x,,x,,13,G#,13,C,0,E
- - - - 2-,x.7.x.6.7.0,2,1,6,4,2,1,3,6,7,1,True,True,x,,7,E,x,,6,C#,7,F#,0,E
- - - - 2-,7.7.7.7.10.7,2,1,7,6,0,0,6,7,10,3,True,False,7,B,7,E,7,A,7,D,10,A,7,B
- - - - 2-,7.x.7.7.7.10,2,1,8,5,1,0,5,7,10,3,True,False,7,B,x,,7,A,7,D,7,F#,10,D
- - - - 2-,7.x.x.7.10.9,2,1,9,4,2,0,4,7,10,3,True,False,7,B,x,,x,,7,D,10,A,9,C#
- - - - 2-,x.1.x.1.1.0,1,1,10,4,2,1,3,1,1,0,True,False,x,,1,A#,x,,1,G#,1,C,0,E
- - - - 2-,7.x.7.x.7.0,1,1,11,4,2,1,3,7,7,0,True,True,7,B,x,,7,A,x,,7,F#,0,E
- - - - 2-,x.0.x.x.8.x,1,1,12,2,4,1,1,8,8,0,True,True,x,,0,A,x,,x,,8,G,x,
- - - - 2-,0.x.x.9.9.9,1,1,13,4,2,1,3,9,9,0,True,True,0,E,x,,x,,9,E,9,G#,9,C#
- - - - 2-,x.x.x.x.10.x,1,1,14,1,5,0,1,10,10,0,True,False,x,,x,,x,,x,,10,A,x,
- - - - 2-,x.x.x.x.12.x,1,1,15,1,5,0,1,12,12,0,True,False,x,,x,,x,,x,,12,B,x,
- - - - 2-,x.3.2.3.3.0,1,1,16,5,1,1,4,2,3,1,True,False,x,,3,C,2,E,3,A#,3,D,0,E
- - - - 2-,x.3.3.3.4.4,1,1,17,5,1,0,5,3,4,1,True,False,x,,3,C,3,F,3,A#,4,D#,4,G#
- - - - 2-,x.4.4.4.5.5,1,1,18,5,1,0,5,4,5,1,True,False,x,,4,C#,4,F#,4,B,5,E,5,A
- - - - 2-,9.9.9.10.9.10,1,1,19,6,0,0,6,9,10,1,True,False,9,C#,9,F#,9,B,10,F,9,G#,10,D
- - - - 2-,x.x.9.10.10.10,1,1,20,4,2,0,4,9,10,1,True,False,x,,x,,9,B,10,F,10,A,10,D
- - - - 2-,x.0.11.11.10.x,1,1,21,4,2,1,3,10,11,1,True,True,x,,0,A,11,C#,11,F#,10,A,x,
- - - - 2-,0.x.x.7.9.9,1,1,22,4,2,1,3,7,9,2,True,True,0,E,x,,x,,7,D,9,G#,9,C#
- - - - 2-,10.10.12.11.10.12,1,1,23,6,0,0,6,10,12,2,True,False,10,D,10,G,12,D,11,F#,10,A,12,E
- - - - 2-,x.6.4.4.7.4,1,1,24,5,1,0,5,4,7,3,True,False,x,,6,D#,4,F#,4,B,7,F#,4,G#
- - - - 2-,x.x.7.8.10.7,1,1,25,4,2,0,4,7,10,3,True,False,x,,x,,7,A,8,D#,10,A,7,B
- - - - 2-,9.9.9.10.12.10,1,1,26,6,0,0,6,9,12,3,True,False,9,C#,9,F#,9,B,10,F,12,B,10,D
- - - - 23,4.4.4.5.4.4,6,1,1,6,0,0,6,4,5,1,True,False,4,G#,4,C#,4,F#,5,C,4,D#,4,G#
- - - - 23,7.7.7.8.7.7,6,1,2,6,0,0,6,7,8,1,True,False,7,B,7,E,7,A,8,D#,7,F#,7,B
- - - - 23,2.2.2.2.2.2,3,1,3,6,0,0,6,2,2,0,True,False,2,F#,2,B,2,E,2,A,2,C#,2,F#
- - - - 23,x.0.x.2.2.2,3,1,4,4,2,1,3,2,2,0,True,False,x,,0,A,x,,2,A,2,C#,2,F#
- - - - 23,0.2.1.2.2.2,3,1,5,6,0,1,5,1,2,1,True,False,0,E,2,B,1,D#,2,A,2,C#,2,F#
- - - - 23,2.4.2.2.2.2,3,1,6,6,0,0,6,2,4,2,True,False,2,F#,4,C#,2,E,2,A,2,C#,2,F#
- - - - 23,x.0.6.6.5.0,1,1,7,5,1,2,3,5,6,1,True,False,x,,0,A,6,G#,6,C#,5,E,0,E
- - - - 23,6.x.x.7.6.6,1,1,8,4,2,0,4,6,7,1,True,False,6,A#,x,,x,,7,D,6,F,6,A#
- - - - 23,x.x.0.7.8.7,1,1,9,4,2,1,3,7,8,1,True,True,x,,x,,0,D,7,D,8,G,7,B
- - - - 23,x.x.9.10.10.10,1,1,10,4,2,0,4,9,10,1,True,False,x,,x,,9,B,10,F,10,A,10,D
- - - - 23,x.x.7.8.8.9,1,1,11,4,2,0,4,7,9,2,True,False,x,,x,,7,A,8,D#,8,G,9,C#
- - - - 23,0.0.0.12.11.9,1,1,12,6,0,3,3,9,12,3,True,True,0,E,0,A,0,D,12,G,11,A#,9,C#
- - - - 3 -,4.4.6.4.5.4,6,1,1,6,0,0,6,4,6,2,True,False,4,G#,4,C#,6,G#,4,B,5,E,4,G#
- - - - 3 -,9.11.9.11.12.9,2,1,2,6,0,0,6,9,12,3,True,False,9,C#,11,G#,9,B,11,F#,12,B,9,C#
- - - - 3 -,2.x.0.2.3.x,1,1,3,4,2,1,3,2,3,1,True,False,2,F#,x,,0,D,2,A,3,D,x,
- - - - 3 -,3.x.2.3.3.0,1,1,4,5,1,1,4,2,3,1,True,False,3,G,x,,2,E,3,A#,3,D,0,E
- - - - 3 -,5.x.5.6.6.x,1,1,5,4,2,0,4,5,6,1,True,False,5,A,x,,5,G,6,C#,6,F,x,
- - - - 3 -,1.x.0.1.3.x,1,1,6,4,2,1,3,1,3,2,True,False,1,F,x,,0,D,1,G#,3,D,x,
- - - - 3 -,0.4.0.4.2.4,1,1,7,6,0,2,4,2,4,2,True,False,0,E,4,C#,0,D,4,B,2,C#,4,G#
- - - - 3 -,x.0.5.3.3.0,1,1,8,5,1,2,3,3,5,2,True,False,x,,0,A,5,G,3,A#,3,D,0,E
- - - - 3 -,x.5.7.7.6.5,1,1,9,5,1,0,5,5,7,2,True,False,x,,5,D,7,A,7,D,6,F,5,A
- - - - 3 -,8.7.7.8.9.7,1,1,10,6,0,0,6,7,9,2,True,False,8,C,7,E,7,A,8,D#,9,G#,7,B
- - - - 3 -,x.10.9.11.0.0,1,1,11,5,1,2,3,9,11,2,True,True,x,,10,G,9,B,11,F#,0,B,0,E
- - - - 3 -,x.10.12.12.11.10,1,1,12,5,1,0,5,10,12,2,True,False,x,,10,G,12,D,12,G,11,A#,10,D
- - - - 3 -,4.x.2.4.5.0,1,1,13,5,1,1,4,2,5,3,True,False,4,G#,x,,2,E,4,B,5,E,0,E
- - - - 3 -,x.0.7.x.10.x,1,1,14,3,3,1,2,7,10,3,True,True,x,,0,A,7,A,x,,10,A,x,
- - - - 3-,7.7.7.7.7.7,6,1,1,6,0,0,6,7,7,0,True,False,7,B,7,E,7,A,7,D,7,F#,7,B
- - - - 3-,0.5.6.6.5.5,4,1,2,6,0,1,5,5,6,1,True,False,0,E,5,D,6,G#,6,C#,5,E,5,A
- - - - 3-,0.5.5.6.5.5,2,1,3,6,0,1,5,5,6,1,True,False,0,E,5,D,5,G,6,C#,5,E,5,A
- - - - 3-,x.5.6.5.7.7,2,1,4,5,1,0,5,5,7,2,True,False,x,,5,D,6,G#,5,C,7,F#,7,B
- - - - 3-,2.x.2.2.x.x,1,1,5,3,3,0,3,2,2,0,True,False,2,F#,x,,2,E,2,A,x,,x,
- - - - 3-,x.x.x.9.9.9,1,1,6,3,3,0,3,9,9,0,True,False,x,,x,,x,,9,E,9,G#,9,C#
- - - - 3-,5.x.6.6.5.5,1,1,7,5,1,0,5,5,6,1,True,False,5,A,x,,6,G#,6,C#,5,E,5,A
- - - - 3-,2.2.4.4.3.2,1,1,8,6,0,0,6,2,4,2,True,False,2,F#,2,B,4,F#,4,B,3,D,2,F#
- - - - 3-,x.9.11.11.10.9,1,1,9,5,1,0,5,9,11,2,True,False,x,,9,F#,11,C#,11,F#,10,A,9,C#
- - - - t -,x.x.x.x.3.x,9,3,1,1,5,0,1,3,3,0,True,False,x,,x,,x,,x,,3,D,x,
- - - - t -,x.x.x.3.6.3,3,3,2,3,3,0,3,3,6,3,True,False,x,,x,,x,,3,A#,6,F,3,G
- - - - t -,x.x.x.x.5.x,1,1,3,1,5,0,1,5,5,0,True,False,x,,x,,x,,x,,5,E,x,
- - - - t-,x.x.x.x.11.x,1,1,1,1,5,0,1,11,11,0,True,False,x,,x,,x,,x,,11,A#,x,
- - - - t-,x.x.x.x.12.0,1,1,2,2,4,1,1,12,12,0,True,True,x,,x,,x,,x,,12,B,0,E
- - - - t-,x.x.x.x.12.x,1,1,3,1,5,0,1,12,12,0,True,False,x,,x,,x,,x,,12,B,x,
- - - - t-,x.x.x.x.14.x,1,1,4,1,5,0,1,14,14,0,True,False,x,,x,,x,,x,,14,C#,x,
- - - 1 - -,0.2.2.1.0.0,66,3,1,6,0,3,3,1,2,1,True,False,0,E,2,B,2,E,1,G#,0,B,0,E
- - - 1 - -,x.x.x.0.x.x,57,4,2,1,5,1,0,0,0,0,True,False,x,,x,,x,,0,G,x,,x,
- - - 1 - -,5.7.7.6.5.5,48,3,3,6,0,0,6,5,7,2,True,False,5,A,7,E,7,A,6,C#,5,E,5,A
- - - 1 - -,7.x.7.7.7.7,18,3,4,5,1,0,5,7,7,0,True,False,7,B,x,,7,A,7,D,7,F#,7,B
- - - 1 - -,0.x.9.7.8.0,18,3,5,5,1,2,3,7,9,2,True,True,0,E,x,,9,B,7,D,8,G,0,E
- - - 1 - -,7.x.9.7.7.7,18,3,6,5,1,0,5,7,9,2,True,False,7,B,x,,9,B,7,D,7,F#,7,B
- - - 1 - -,3.x.x.0.x.x,12,3,7,2,4,1,1,3,3,0,True,False,3,G,x,,x,,0,G,x,,x,
- - - 1 - -,x.x.7.6.0.x,12,3,8,3,3,1,2,6,7,1,True,True,x,,x,,7,A,6,C#,0,B,x,
- - - 1 - -,x.x.0.0.0.x,9,3,9,3,3,3,0,0,0,0,True,False,x,,x,,0,D,0,G,0,B,x,
- - - 1 - -,4.x.4.4.4.4,9,3,10,5,1,0,5,4,4,0,True,False,4,G#,x,,4,F#,4,B,4,D#,4,G#
- - - 1 - -,10.10.10.10.10.10,9,3,11,6,0,0,6,10,10,0,True,False,10,D,10,G,10,C,10,F,10,A,10,D
- - - 1 - -,0.x.6.4.5.0,9,3,12,5,1,2,3,4,6,2,True,False,0,E,x,,6,G#,4,B,5,E,0,E
- - - 1 - -,4.x.6.4.4.4,9,3,13,5,1,0,5,4,6,2,True,False,4,G#,x,,6,G#,4,B,4,D#,4,G#
- - - 1 - -,10.10.12.10.10.10,9,3,14,6,0,0,6,10,12,2,True,False,10,D,10,G,12,D,10,F,10,A,10,D
- - - 1 - -,x.10.12.12.11.0,9,3,15,5,1,1,4,10,12,2,True,True,x,,10,G,12,D,12,G,11,A#,0,E
- - - 1 - -,x.x.x.5.x.x,6,1,16,1,5,0,1,5,5,0,True,False,x,,x,,x,,5,C,x,,x,
- - - 1 - -,x.x.7.7.0.0,6,3,17,4,2,2,2,7,7,0,True,True,x,,x,,7,A,7,D,0,B,0,E
- - - 1 - -,x.x.x.8.x.x,6,1,18,1,5,0,1,8,8,0,True,False,x,,x,,x,,8,D#,x,,x,
- - - 1 - -,x.x.4.3.0.x,6,3,19,3,3,1,2,3,4,1,True,False,x,,x,,4,F#,3,A#,0,B,x,
- - - 1 - -,x.x.10.9.8.x,6,3,20,3,3,0,3,8,10,2,True,False,x,,x,,10,C,9,E,8,G,x,
- - - 1 - -,2.2.2.2.2.2,3,1,21,6,0,0,6,2,2,0,True,False,2,F#,2,B,2,E,2,A,2,C#,2,F#
- - - 1 - -,x.x.2.0.x.x,3,3,22,2,4,1,1,2,2,0,True,False,x,,x,,2,E,0,G,x,,x,
- - - 1 - -,x.x.2.2.x.x,3,3,23,2,4,0,2,2,2,0,True,False,x,,x,,2,E,2,A,x,,x,
- - - 1 - -,x.x.x.3.3.3,3,3,24,3,3,0,3,3,3,0,True,False,x,,x,,x,,3,A#,3,D,3,G
- - - 1 - -,x.0.x.4.4.4,3,1,25,4,2,1,3,4,4,0,True,False,x,,0,A,x,,4,B,4,D#,4,G#
- - - 1 - -,0.2.1.2.2.2,3,1,26,6,0,1,5,1,2,1,True,False,0,E,2,B,1,D#,2,A,2,C#,2,F#
- - - 1 - -,1.x.x.2.x.x,3,3,27,2,4,0,2,1,2,1,True,False,1,F,x,,x,,2,A,x,,x,
- - - 1 - -,x.x.0.2.3.x,3,1,28,3,3,1,2,2,3,1,True,False,x,,x,,0,D,2,A,3,D,x,
- - - 1 - -,2.4.2.2.2.4,3,1,29,6,0,0,6,2,4,2,True,False,2,F#,4,C#,2,E,2,A,2,C#,4,G#
- - - 1 - -,x.x.4.4.2.x,3,3,30,3,3,0,3,2,4,2,True,False,x,,x,,4,F#,4,B,2,C#,x,
- - - 1 - -,3.3.5.4.5.3,3,1,31,6,0,0,6,3,5,2,True,False,3,G,3,C,5,G,4,B,5,E,3,G
- - - 1 - -,x.x.x.5.3.3,3,3,32,3,3,0,3,3,5,2,True,False,x,,x,,x,,5,C,3,D,3,G
- - - 1 - -,4.4.6.4.5.4,3,1,33,6,0,0,6,4,6,2,True,False,4,G#,4,C#,6,G#,4,B,5,E,4,G#
- - - 1 - -,x.5.7.7.6.5,3,1,34,5,1,0,5,5,7,2,True,False,x,,5,D,7,A,7,D,6,F,5,A
- - - 1 - -,x.x.10.10.8.x,3,3,35,3,3,0,3,8,10,2,True,False,x,,x,,10,C,10,F,8,G,x,
- - - 1 - -,x.1.x.0.2.1,2,1,36,4,2,1,3,1,2,1,True,False,x,,1,A#,x,,0,G,2,C#,1,F
- - - 1 - -,0.x.2.0.3.0,2,1,37,5,1,3,2,2,3,1,True,False,0,E,x,,2,E,0,G,3,D,0,E
- - - 1 - -,x.0.x.2.3.0,2,1,38,4,2,2,2,2,3,1,True,False,x,,0,A,x,,2,A,3,D,0,E
- - - 1 - -,x.x.0.2.3.2,2,1,39,4,2,1,3,2,3,1,True,False,x,,x,,0,D,2,A,3,D,2,F#
- - - 1 - -,6.x.x.7.x.6,2,1,40,3,3,0,3,6,7,1,True,False,6,A#,x,,x,,7,D,x,,6,A#
- - - 1 - -,x.x.0.2.3.1,2,1,41,4,2,1,3,1,3,2,True,False,x,,x,,0,D,2,A,3,D,1,F
- - - 1 - -,0.0.12.12.10.12,2,1,42,6,0,2,4,10,12,2,True,True,0,E,0,A,12,D,12,G,10,A,12,E
- - - 1 - -,x.2.x.2.3.5,2,1,43,4,2,0,4,2,5,3,True,False,x,,2,B,x,,2,A,3,D,5,A
- - - 1 - -,x.4.5.2.2.x,2,1,44,4,2,0,4,2,5,3,True,False,x,,4,C#,5,G,2,A,2,C#,x,
- - - 1 - -,x.x.0.2.3.5,2,1,45,4,2,1,3,2,5,3,True,False,x,,x,,0,D,2,A,3,D,5,A
- - - 1 - -,x.x.8.7.8.10,2,1,46,4,2,0,4,7,10,3,True,False,x,,x,,8,A#,7,D,8,G,10,D
- - - 1 - -,x.0.2.0.0.2,1,1,47,5,1,3,2,2,2,0,True,False,x,,0,A,2,E,0,G,0,B,2,F#
- - - 1 - -,3.x.x.0.0.3,1,1,48,4,2,2,2,3,3,0,True,False,3,G,x,,x,,0,G,0,B,3,G
- - - 1 - -,x.0.x.x.4.0,1,1,49,3,3,2,1,4,4,0,True,False,x,,0,A,x,,x,,4,D#,0,E
- - - 1 - -,x.x.x.4.x.x,1,1,50,1,5,0,1,4,4,0,True,False,x,,x,,x,,4,B,x,,x,
- - - 1 - -,6.x.x.0.6.6,1,1,51,4,2,1,3,6,6,0,True,True,6,A#,x,,x,,0,G,6,F,6,A#
- - - 1 - -,x.0.x.8.x.x,1,1,52,2,4,1,1,8,8,0,True,True,x,,0,A,x,,8,D#,x,,x,
- - - 1 - -,x.x.x.9.x.x,1,1,53,1,5,0,1,9,9,0,True,False,x,,x,,x,,9,E,x,,x,
- - - 1 - -,0.x.2.0.3.2,1,1,54,5,1,2,3,2,3,1,True,False,0,E,x,,2,E,0,G,3,D,2,F#
- - - 1 - -,x.2.x.0.3.2,1,1,55,4,2,1,3,2,3,1,True,False,x,,2,B,x,,0,G,3,D,2,F#
- - - 1 - -,x.2.x.0.3.3,1,1,56,4,2,1,3,2,3,1,True,False,x,,2,B,x,,0,G,3,D,3,G
- - - 1 - -,x.3.x.3.3.2,1,1,57,4,2,0,4,2,3,1,True,False,x,,3,C,x,,3,A#,3,D,2,F#
- - - 1 - -,x.x.2.3.2.3,1,1,58,4,2,0,4,2,3,1,True,False,x,,x,,2,E,3,A#,2,C#,3,G
- - - 1 - -,3.x.4.0.3.0,1,1,59,5,1,2,3,3,4,1,True,False,3,G,x,,4,F#,0,G,3,D,0,E
- - - 1 - -,x.4.x.4.x.3,1,1,60,3,3,0,3,3,4,1,True,False,x,,4,C#,x,,4,B,x,,3,G
- - - 1 - -,x.4.x.4.5.5,1,1,61,4,2,0,4,4,5,1,True,False,x,,4,C#,x,,4,B,5,E,5,A
- - - 1 - -,x.x.5.6.x.0,1,1,62,3,3,1,2,5,6,1,True,False,x,,x,,5,G,6,C#,x,,0,E
- - - 1 - -,x.x.0.7.8.7,1,1,63,4,2,1,3,7,8,1,True,True,x,,x,,0,D,7,D,8,G,7,B
- - - 1 - -,x.x.8.9.8.9,1,1,64,4,2,0,4,8,9,1,True,False,x,,x,,8,A#,9,E,8,G,9,C#
- - - 1 - -,0.0.11.12.11.12,1,1,65,6,0,2,4,11,12,1,True,True,0,E,0,A,11,C#,12,G,11,A#,12,E
- - - 1 - -,1.x.0.2.3.0,1,1,66,5,1,2,3,1,3,2,True,False,1,F,x,,0,D,2,A,3,D,0,E
- - - 1 - -,0.x.x.4.3.2,1,1,67,4,2,1,3,2,4,2,True,False,0,E,x,,x,,4,B,3,D,2,F#
- - - 1 - -,3.5.3.3.3.5,1,1,68,6,0,0,6,3,5,2,True,False,3,G,5,D,3,F,3,A#,3,D,5,A
- - - 1 - -,x.0.5.4.3.0,1,1,69,5,1,2,3,3,5,2,True,False,x,,0,A,5,G,4,B,3,D,0,E
- - - 1 - -,6.x.x.7.6.5,1,1,70,4,2,0,4,5,7,2,True,False,6,A#,x,,x,,7,D,6,F,5,A
- - - 1 - -,7.9.7.7.7.9,1,1,71,6,0,0,6,7,9,2,True,False,7,B,9,F#,7,A,7,D,7,F#,9,C#
- - - 1 - -,9.x.7.9.9.9,1,1,72,5,1,0,5,7,9,2,True,False,9,C#,x,,7,A,9,E,9,G#,9,C#
- - - 1 - -,x.0.x.7.8.9,1,1,73,4,2,1,3,7,9,2,True,True,x,,0,A,x,,7,D,8,G,9,C#
- - - 1 - -,x.x.0.9.7.7,1,1,74,4,2,1,3,7,9,2,True,True,x,,x,,0,D,9,E,7,F#,7,B
- - - 1 - -,x.x.0.11.10.9,1,1,75,4,2,1,3,9,11,2,True,True,x,,x,,0,D,11,F#,10,A,9,C#
- - - 1 - -,x.10.12.12.11.10,1,1,76,5,1,0,5,10,12,2,True,False,x,,10,G,12,D,12,G,11,A#,10,D
- - - 1 - -,0.x.6.4.3.0,1,1,77,5,1,2,3,3,6,3,True,False,0,E,x,,6,G#,4,B,3,D,0,E
- - - 1 - -,8.x.x.7.8.10,1,1,78,4,2,0,4,7,10,3,True,False,8,C,x,,x,,7,D,8,G,10,D
- - - 1 - -,x.7.x.0.8.10,1,1,79,4,2,1,3,7,10,3,True,True,x,,7,E,x,,0,G,8,G,10,D
- - - 1 - -,x.8.x.7.8.10,1,1,80,4,2,0,4,7,10,3,True,False,x,,8,F,x,,7,D,8,G,10,D
- - - 1 - -,x.9.7.9.10.x,1,1,81,4,2,0,4,7,10,3,True,False,x,,9,F#,7,A,9,E,10,A,x,
- - - 1 - -,9.x.8.10.11.x,1,1,82,4,2,0,4,8,11,3,True,False,9,C#,x,,8,A#,10,F,11,A#,x,
- - - 1 - -,0.x.10.11.9.12,1,1,83,5,1,1,4,9,12,3,True,True,0,E,x,,10,C,11,F#,9,G#,12,E
- - - 1 - -,3.x.x.4.5.7,1,1,84,4,2,0,4,3,7,4,True,False,3,G,x,,x,,4,B,5,E,7,B
- - - 1 - -,7.x.5.7.x.9,1,1,85,4,2,0,4,5,9,4,True,False,7,B,x,,5,G,7,D,x,,9,C#
- - - 1 - -,6.x.x.7.8.10,1,1,86,4,2,0,4,6,10,4,True,False,6,A#,x,,x,,7,D,8,G,10,D
- - - 1- -,7.7.7.7.7.7,4,1,1,6,0,0,6,7,7,0,True,False,7,B,7,E,7,A,7,D,7,F#,7,B
- - - 1- -,7.x.7.7.5.0,4,1,2,5,1,1,4,5,7,2,True,False,7,B,x,,7,A,7,D,5,E,0,E
- - - 1- -,x.x.x.13.13.0,2,1,3,3,3,1,2,13,13,0,True,True,x,,x,,x,,13,G#,13,C,0,E
- - - 1- -,x.3.3.3.4.4,2,1,4,5,1,0,5,3,4,1,True,False,x,,3,C,3,F,3,A#,4,D#,4,G#
- - - 1- -,x.x.9.10.10.10,2,1,5,4,2,0,4,9,10,1,True,False,x,,x,,9,B,10,F,10,A,10,D
- - - 1- -,6.x.6.7.5.0,2,1,6,5,1,1,4,5,7,2,True,False,6,A#,x,,6,G#,7,D,5,E,0,E
- - - 1- -,x.8.x.10.9.10,2,1,7,4,2,0,4,8,10,2,True,False,x,,8,F,x,,10,F,9,G#,10,D
- - - 1- -,x.x.0.11.10.9,2,1,8,4,2,1,3,9,11,2,True,True,x,,x,,0,D,11,F#,10,A,9,C#
- - - 1- -,7.x.7.7.7.10,2,1,9,5,1,0,5,7,10,3,True,False,7,B,x,,7,A,7,D,7,F#,10,D
- - - 1- -,7.x.x.7.7.10,2,1,10,4,2,0,4,7,10,3,True,False,7,B,x,,x,,7,D,7,F#,10,D
- - - 1- -,x.1.x.1.1.0,1,1,11,4,2,1,3,1,1,0,True,False,x,,1,A#,x,,1,G#,1,C,0,E
- - - 1- -,x.x.x.6.x.x,1,1,12,1,5,0,1,6,6,0,True,False,x,,x,,x,,6,C#,x,,x,
- - - 1- -,x.x.x.13.x.x,1,1,13,1,5,0,1,13,13,0,True,False,x,,x,,x,,13,G#,x,,x,
- - - 1- -,x.2.x.2.3.x,1,1,14,3,3,0,3,2,3,1,True,False,x,,2,B,x,,2,A,3,D,x,
- - - 1- -,x.3.2.3.3.0,1,1,15,5,1,1,4,2,3,1,True,False,x,,3,C,2,E,3,A#,3,D,0,E
- - - 1- -,x.3.x.3.3.2,1,1,16,4,2,0,4,2,3,1,True,False,x,,3,C,x,,3,A#,3,D,2,F#
- - - 1- -,x.4.4.4.5.5,1,1,17,5,1,0,5,4,5,1,True,False,x,,4,C#,4,F#,4,B,5,E,5,A
- - - 1- -,0.x.9.10.9.10,1,1,18,5,1,1,4,9,10,1,True,True,0,E,x,,9,B,10,F,9,G#,10,D
- - - 1- -,9.9.9.10.9.10,1,1,19,6,0,0,6,9,10,1,True,False,9,C#,9,F#,9,B,10,F,9,G#,10,D
- - - 1- -,x.0.11.11.10.x,1,1,20,4,2,1,3,10,11,1,True,True,x,,0,A,11,C#,11,F#,10,A,x,
- - - 1- -,x.5.5.5.5.7,1,1,21,5,1,0,5,5,7,2,True,False,x,,5,D,5,G,5,C,5,E,7,B
- - - 1- -,x.x.7.8.8.9,1,1,22,4,2,0,4,7,9,2,True,False,x,,x,,7,A,8,D#,8,G,9,C#
- - - 1- -,10.10.12.11.10.12,1,1,23,6,0,0,6,10,12,2,True,False,10,D,10,G,12,D,11,F#,10,A,12,E
- - - 1- -,0.x.9.10.10.12,1,1,24,5,1,1,4,9,12,3,True,True,0,E,x,,9,B,10,F,10,A,12,E
- - - 12 -,x.x.7.8.7.7,1,1,1,4,2,0,4,7,8,1,True,False,x,,x,,7,A,8,D#,7,F#,7,B
- - - 12 -,x.0.x.9.8.0,1,1,2,4,2,2,2,8,9,1,True,True,x,,0,A,x,,9,E,8,G,0,E
- - - 12 -,0.0.11.12.12.x,1,1,3,5,1,2,3,11,12,1,True,True,0,E,0,A,11,C#,12,G,12,B,x,
- - - 12 -,6.x.6.5.7.0,1,1,4,5,1,1,4,5,7,2,True,False,6,A#,x,,6,G#,5,C,7,F#,0,E
- - - 12 -,x.5.7.6.7.5,1,1,5,5,1,0,5,5,7,2,True,False,x,,5,D,7,A,6,C#,7,F#,5,A
- - - 12-,2.x.1.2.2.x,1,1,1,4,2,0,4,1,2,1,True,False,2,F#,x,,1,D#,2,A,2,C#,x,
- - - 12-,6.x.6.7.5.0,1,1,2,5,1,1,4,5,7,2,True,False,6,A#,x,,6,G#,7,D,5,E,0,E
- - - 123,x.x.x.9.8.6,18,3,1,3,3,0,3,6,9,3,True,False,x,,x,,x,,9,E,8,G,6,A#
- - - 123,x.x.0.11.10.0,12,3,2,4,2,2,2,10,11,1,True,True,x,,x,,0,D,11,F#,10,A,0,E
- - - 123,5.5.6.5.5.5,9,1,3,6,0,0,6,5,6,1,True,False,5,A,5,D,6,G#,5,C,5,E,5,A
- - - 123,x.x.0.11.10.8,9,3,4,4,2,1,3,8,11,3,True,True,x,,x,,0,D,11,F#,10,A,8,C
- - - 123,x.2.2.1.0.0,6,3,5,5,1,2,3,1,2,1,True,False,x,,2,B,2,E,1,G#,0,B,0,E
- - - 123,x.x.x.6.5.0,6,3,6,3,3,1,2,5,6,1,True,False,x,,x,,x,,6,C#,5,E,0,E
- - - 123,0.0.0.2.2.0,3,1,7,6,0,4,2,2,2,0,True,False,0,E,0,A,0,D,2,A,2,C#,0,E
- - - 123,0.0.0.2.2.2,3,1,8,6,0,3,3,2,2,0,True,False,0,E,0,A,0,D,2,A,2,C#,2,F#
- - - 123,2.0.0.2.2.0,3,1,9,6,0,3,3,2,2,0,True,False,2,F#,0,A,0,D,2,A,2,C#,0,E
- - - 123,2.x.x.2.2.x,3,1,10,3,3,0,3,2,2,0,True,False,2,F#,x,,x,,2,A,2,C#,x,
- - - 123,x.0.x.2.2.2,3,1,11,4,2,1,3,2,2,0,True,False,x,,0,A,x,,2,A,2,C#,2,F#
- - - 123,4.4.4.5.4.4,3,1,12,6,0,0,6,4,5,1,True,False,4,G#,4,C#,4,F#,5,C,4,D#,4,G#
- - - 123,5.4.4.5.5.4,3,1,13,6,0,0,6,4,5,1,True,False,5,A,4,C#,4,F#,5,C,5,E,4,G#
- - - 123,7.7.7.8.8.7,3,1,14,6,0,0,6,7,8,1,True,False,7,B,7,E,7,A,8,D#,8,G,7,B
- - - 123,5.5.6.5.5.7,3,1,15,6,0,0,6,5,7,2,True,False,5,A,5,D,6,G#,5,C,5,E,7,B
- - - 123,x.x.x.6.5.3,3,3,16,3,3,0,3,3,6,3,True,False,x,,x,,x,,6,C#,5,E,3,G
- - - 123,0.4.4.5.7.7,3,1,17,6,0,1,5,4,7,3,True,False,0,E,4,C#,4,F#,5,C,7,F#,7,B
- - - 123,4.2.2.4.4.2,2,1,18,6,0,0,6,2,4,2,True,False,4,G#,2,B,2,E,4,B,4,D#,2,F#
- - - 123,7.7.7.8.8.9,2,1,19,6,0,0,6,7,9,2,True,False,7,B,7,E,7,A,8,D#,8,G,9,C#
- - - 123,0.7.6.7.0.0,1,1,20,6,0,3,3,6,7,1,True,True,0,E,7,E,6,G#,7,D,0,B,0,E
- - - 123,x.x.7.8.7.7,1,1,21,4,2,0,4,7,8,1,True,False,x,,x,,7,A,8,D#,7,F#,7,B
- - - 123,x.x.x.8.8.9,1,1,22,3,3,0,3,8,9,1,True,False,x,,x,,x,,8,D#,8,G,9,C#
- - - 123,x.0.11.11.10.0,1,1,23,5,1,2,3,10,11,1,True,True,x,,0,A,11,C#,11,F#,10,A,0,E
- - - 123,x.x.x.11.12.12,1,1,24,3,3,0,3,11,12,1,True,False,x,,x,,x,,11,F#,12,B,12,E
- - - 123,x.x.x.13.12.12,1,1,25,3,3,0,3,12,13,1,True,False,x,,x,,x,,13,G#,12,B,12,E
- - - 123,x.0.7.6.5.5,1,1,26,5,1,1,4,5,7,2,True,False,x,,0,A,7,A,6,C#,5,E,5,A
- - - 123,0.7.6.7.9.9,1,1,27,6,0,1,5,6,9,3,True,True,0,E,7,E,6,G#,7,D,9,G#,9,C#
- - - 123,x.x.0.12.10.9,1,1,28,4,2,1,3,9,12,3,True,True,x,,x,,0,D,12,G,10,A,9,C#
- - - 2 - -,x.x.x.0.x.x,9,3,1,1,5,1,0,0,0,0,True,False,x,,x,,x,,0,G,x,,x,
- - - 2 - -,1.x.x.0.x.x,9,3,2,2,4,1,1,1,1,0,True,False,1,F,x,,x,,0,G,x,,x,
- - - 2 - -,4.4.6.8.5.4,6,1,3,6,0,0,6,4,8,4,True,False,4,G#,4,C#,6,G#,8,D#,5,E,4,G#
- - - 2 - -,9.11.9.11.9.11,2,1,4,6,0,0,6,9,11,2,True,False,9,C#,11,G#,9,B,11,F#,9,G#,11,D#
- - - 2 - -,2.x.0.2.3.x,1,1,5,4,2,1,3,2,3,1,True,False,2,F#,x,,0,D,2,A,3,D,x,
- - - 2 - -,3.x.2.3.3.0,1,1,6,5,1,1,4,2,3,1,True,False,3,G,x,,2,E,3,A#,3,D,0,E
- - - 2 - -,0.4.3.4.0.4,1,1,7,6,0,2,4,3,4,1,True,False,0,E,4,C#,3,F,4,B,0,B,4,G#
- - - 2 - -,6.x.5.6.x.0,1,1,8,4,2,1,3,5,6,1,True,False,6,A#,x,,5,G,6,C#,x,,0,E
- - - 2 - -,6.x.5.6.x.x,1,1,9,3,3,0,3,5,6,1,True,False,6,A#,x,,5,G,6,C#,x,,x,
- - - 2 - -,1.x.0.1.3.x,1,1,10,4,2,1,3,1,3,2,True,False,1,F,x,,0,D,1,G#,3,D,x,
- - - 2 - -,x.x.0.2.3.1,1,1,11,4,2,1,3,1,3,2,True,False,x,,x,,0,D,2,A,3,D,1,F
- - - 2 - -,x.2.4.4.4.x,1,1,12,4,2,0,4,2,4,2,True,False,x,,2,B,4,F#,4,B,4,D#,x,
- - - 2 - -,6.5.5.7.6.x,1,1,13,5,1,0,5,5,7,2,True,False,6,A#,5,D,5,G,7,D,6,F,x,
- - - 2 - -,8.7.7.8.9.7,1,1,14,6,0,0,6,7,9,2,True,False,8,C,7,E,7,A,8,D#,9,G#,7,B
- - - 2 - -,x.7.9.9.8.x,1,1,15,4,2,0,4,7,9,2,True,False,x,,7,E,9,B,9,E,8,G,x,
- - - 2 - -,8.8.10.9.10.x,1,1,16,5,1,0,5,8,10,2,True,False,8,C,8,F,10,C,9,E,10,A,x,
- - - 2 - -,x.10.9.11.0.0,1,1,17,5,1,2,3,9,11,2,True,True,x,,10,G,9,B,11,F#,0,B,0,E
- - - 2 - -,x.10.12.12.11.10,1,1,18,5,1,0,5,10,12,2,True,False,x,,10,G,12,D,12,G,11,A#,10,D
- - - 2 - -,4.x.2.4.5.0,1,1,19,5,1,1,4,2,5,3,True,False,4,G#,x,,2,E,4,B,5,E,0,E
- - - 2 - -,x.7.5.7.8.x,1,1,20,4,2,0,4,5,8,3,True,False,x,,7,E,5,G,7,D,8,G,x,
- - - 2 - -,7.x.7.8.10.x,1,1,21,4,2,0,4,7,10,3,True,False,7,B,x,,7,A,8,D#,10,A,x,
- - - 2 - -,8.x.7.9.10.x,1,1,22,4,2,0,4,7,10,3,True,False,8,C,x,,7,A,9,E,10,A,x,
- - - 2 - -,x.10.8.10.11.x,1,1,23,4,2,0,4,8,11,3,True,False,x,,10,G,8,A#,10,F,11,A#,x,
- - - 2- -,0.5.6.6.5.5,4,1,1,6,0,1,5,5,6,1,True,False,0,E,5,D,6,G#,6,C#,5,E,5,A
- - - 2- -,0.5.5.6.5.5,2,1,2,6,0,1,5,5,6,1,True,False,0,E,5,D,5,G,6,C#,5,E,5,A
- - - 2- -,x.5.6.5.7.7,2,1,3,5,1,0,5,5,7,2,True,False,x,,5,D,6,G#,5,C,7,F#,7,B
- - - 2- -,x.0.7.6.7.7,1,1,4,5,1,1,4,6,7,1,True,True,x,,0,A,7,A,6,C#,7,F#,7,B
- - - 2- -,2.2.4.4.3.2,1,1,5,6,0,0,6,2,4,2,True,False,2,F#,2,B,4,F#,4,B,3,D,2,F#
- - - 2- -,5.7.6.6.5.5,1,1,6,6,0,0,6,5,7,2,True,False,5,A,7,E,6,G#,6,C#,5,E,5,A
- - - 2- -,x.9.11.11.10.9,1,1,7,5,1,0,5,9,11,2,True,False,x,,9,F#,11,C#,11,F#,10,A,9,C#
- - - 23 -,x.0.11.11.9.9,4,1,1,5,1,1,4,9,11,2,True,True,x,,0,A,11,C#,11,F#,9,G#,9,C#
- - - 23 -,1.2.1.2.1.2,3,1,2,6,0,0,6,1,2,1,True,False,1,F,2,B,1,D#,2,A,1,C,2,F#
- - - 23 -,4.4.6.4.5.4,3,1,3,6,0,0,6,4,6,2,True,False,4,G#,4,C#,6,G#,4,B,5,E,4,G#
- - - 23 -,5.4.4.6.5.4,3,1,4,6,0,0,6,4,6,2,True,False,5,A,4,C#,4,F#,6,C#,5,E,4,G#
- - - 23 -,x.0.5.4.3.0,1,1,5,5,1,2,3,3,5,2,True,False,x,,0,A,5,G,4,B,3,D,0,E
- - - 23 -,7.6.6.7.8.x,1,1,6,5,1,0,5,6,8,2,True,False,7,B,6,D#,6,G#,7,D,8,G,x,
- - - 23 -,x.0.8.6.6.x,1,1,7,4,2,1,3,6,8,2,True,True,x,,0,A,8,A#,6,C#,6,F,x,
- - - 23 -,0.x.6.4.3.0,1,1,8,5,1,2,3,3,6,3,True,False,0,E,x,,6,G#,4,B,3,D,0,E
- - - 23-,5.5.6.6.7.5,2,1,1,6,0,0,6,5,7,2,True,False,5,A,5,D,6,G#,6,C#,7,F#,5,A
- - - t  1 -,x.x.x.3.3.0,12,3,1,3,3,1,2,3,3,0,True,False,x,,x,,x,,3,A#,3,D,0,E
- - - t - -,x.x.x.2.x.x,12,3,1,1,5,0,1,2,2,0,True,False,x,,x,,x,,2,A,x,,x,
- - - t - -,x.x.x.5.3.3,3,3,2,3,3,0,3,3,5,2,True,False,x,,x,,x,,5,C,3,D,3,G
- - - t - -,x.0.6.6.5.0,2,1,3,5,1,2,3,5,6,1,True,False,x,,0,A,6,G#,6,C#,5,E,0,E
- - - t - -,x.x.x.6.x.x,1,1,4,1,5,0,1,6,6,0,True,False,x,,x,,x,,6,C#,x,,x,
- - - t - -,8.x.8.9.8.8,1,1,5,5,1,0,5,8,9,1,True,False,8,C,x,,8,A#,9,E,8,G,8,C
- - - t - -,x.0.5.3.3.0,1,1,6,5,1,2,3,3,5,2,True,False,x,,0,A,5,G,3,A#,3,D,0,E
- - - t - -,x.5.7.6.5.5,1,1,7,5,1,0,5,5,7,2,True,False,x,,5,D,7,A,6,C#,5,E,5,A
- - - t - 2,x.3.2.3.1.x,12,3,1,4,2,0,4,1,3,2,True,False,x,,3,C,2,E,3,A#,1,C,x,
- - - t - 2,x.x.x.3.3.1,6,3,2,3,3,0,3,1,3,2,True,False,x,,x,,x,,3,A#,3,D,1,F
- - - t -2-,x.x.0.2.3.2,1,1,1,4,2,1,3,2,3,1,True,False,x,,x,,0,D,2,A,3,D,2,F#
- - - t- -,x.x.x.10.10.10,2,1,1,3,3,0,3,10,10,0,True,False,x,,x,,x,,10,F,10,A,10,D
- - - t- -,x.3.x.3.3.0,1,1,2,4,2,1,3,3,3,0,True,False,x,,3,C,x,,3,A#,3,D,0,E
- - - t- -,x.x.x.7.x.x,1,1,3,1,5,0,1,7,7,0,True,False,x,,x,,x,,7,D,x,,x,
- - - t- -,x.x.x.9.9.x,1,1,4,2,4,0,2,9,9,0,True,False,x,,x,,x,,9,E,9,G#,x,
- - 1 - -,x.2.4.4.4.x,1,1,1,4,2,0,4,2,4,2,True,False,x,,2,B,4,F#,4,B,4,D#,x,
- - 1 - - -,8.x.7.0.8.x,12,3,1,4,2,1,3,7,8,1,True,True,8,C,x,,7,A,0,G,8,G,x,
- - 1 - - -,x.x.0.0.x.x,9,3,2,2,4,2,0,0,0,0,True,False,x,,x,,0,D,0,G,x,,x,
- - 1 - - -,3.x.0.x.x.x,9,3,3,2,4,1,1,3,3,0,True,False,3,G,x,,0,D,x,,x,,x,
- - 1 - - -,4.4.6.4.5.4,6,1,4,6,0,0,6,4,6,2,True,False,4,G#,4,C#,6,G#,4,B,5,E,4,G#
- - 1 - - -,x.x.6.x.x.x,3,3,5,1,5,0,1,6,6,0,True,False,x,,x,,6,G#,x,,x,,x,
- - 1 - - -,x.x.12.x.x.x,3,3,6,1,5,0,1,12,12,0,True,False,x,,x,,12,D,x,,x,,x,
- - 1 - - -,1.2.1.2.1.2,3,1,7,6,0,0,6,1,2,1,True,False,1,F,2,B,1,D#,2,A,1,C,2,F#
- - 1 - - -,3.3.5.4.5.3,3,1,8,6,0,0,6,3,5,2,True,False,3,G,3,C,5,G,4,B,5,E,3,G
- - 1 - - -,5.4.4.6.5.4,3,1,9,6,0,0,6,4,6,2,True,False,5,A,4,C#,4,F#,6,C#,5,E,4,G#
- - 1 - - -,x.5.7.6.7.5,3,1,10,5,1,0,5,5,7,2,True,False,x,,5,D,7,A,6,C#,7,F#,5,A
- - 1 - - -,x.5.7.7.6.5,3,1,11,5,1,0,5,5,7,2,True,False,x,,5,D,7,A,7,D,6,F,5,A
- - 1 - - -,9.11.9.11.9.11,2,1,12,6,0,0,6,9,11,2,True,False,9,C#,11,G#,9,B,11,F#,9,G#,11,D#
- - 1 - - -,x.9.7.9.10.x,2,1,13,4,2,0,4,7,10,3,True,False,x,,9,F#,7,A,9,E,10,A,x,
- - 1 - - -,x.x.0.x.x.x,1,1,14,1,5,1,0,0,0,0,True,False,x,,x,,0,D,x,,x,,x,
- - 1 - - -,x.0.7.x.7.x,1,1,15,3,3,1,2,7,7,0,True,True,x,,0,A,7,A,x,,7,F#,x,
- - 1 - - -,x.x.13.x.x.x,1,1,16,1,5,0,1,13,13,0,True,False,x,,x,,13,D#,x,,x,,x,
- - 1 - - -,2.x.0.2.3.x,1,1,17,4,2,1,3,2,3,1,True,False,2,F#,x,,0,D,2,A,3,D,x,
- - 1 - - -,3.x.2.3.3.0,1,1,18,5,1,1,4,2,3,1,True,False,3,G,x,,2,E,3,A#,3,D,0,E
- - 1 - - -,0.4.3.4.0.4,1,1,19,6,0,2,4,3,4,1,True,False,0,E,4,C#,3,F,4,B,0,B,4,G#
- - 1 - - -,5.x.5.6.5.5,1,1,20,5,1,0,5,5,6,1,True,False,5,A,x,,5,G,6,C#,5,E,5,A
- - 1 - - -,5.x.5.6.6.x,1,1,21,4,2,0,4,5,6,1,True,False,5,A,x,,5,G,6,C#,6,F,x,
- - 1 - - -,6.x.5.6.6.x,1,1,22,4,2,0,4,5,6,1,True,False,6,A#,x,,5,G,6,C#,6,F,x,
- - 1 - - -,6.x.5.6.x.x,1,1,23,3,3,0,3,5,6,1,True,False,6,A#,x,,5,G,6,C#,x,,x,
- - 1 - - -,7.6.6.7.6.x,1,1,24,5,1,0,5,6,7,1,True,False,7,B,6,D#,6,G#,7,D,6,F,x,
- - 1 - - -,1.x.0.1.3.x,1,1,25,4,2,1,3,1,3,2,True,False,1,F,x,,0,D,1,G#,3,D,x,
- - 1 - - -,6.5.5.7.6.x,1,1,26,5,1,0,5,5,7,2,True,False,6,A#,5,D,5,G,7,D,6,F,x,
- - 1 - - -,x.0.5.6.7.x,1,1,27,4,2,1,3,5,7,2,True,False,x,,0,A,5,G,6,C#,7,F#,x,
- - 1 - - -,8.7.7.8.9.7,1,1,28,6,0,0,6,7,9,2,True,False,8,C,7,E,7,A,8,D#,9,G#,7,B
- - 1 - - -,x.7.9.9.8.x,1,1,29,4,2,0,4,7,9,2,True,False,x,,7,E,9,B,9,E,8,G,x,
- - 1 - - -,8.8.10.9.10.x,1,1,30,5,1,0,5,8,10,2,True,False,8,C,8,F,10,C,9,E,10,A,x,
- - 1 - - -,8.x.10.9.0.x,1,1,31,4,2,1,3,8,10,2,True,True,8,C,x,,10,C,9,E,0,B,x,
- - 1 - - -,x.10.9.11.0.0,1,1,32,5,1,2,3,9,11,2,True,True,x,,10,G,9,B,11,F#,0,B,0,E
- - 1 - - -,x.10.12.12.11.10,1,1,33,5,1,0,5,10,12,2,True,False,x,,10,G,12,D,12,G,11,A#,10,D
- - 1 - - -,4.x.2.4.5.0,1,1,34,5,1,1,4,2,5,3,True,False,4,G#,x,,2,E,4,B,5,E,0,E
- - 1 - - -,x.0.5.3.2.0,1,1,35,5,1,2,3,2,5,3,True,False,x,,0,A,5,G,3,A#,2,C#,0,E
- - 1 - - -,0.x.6.4.3.0,1,1,36,5,1,2,3,3,6,3,True,False,0,E,x,,6,G#,4,B,3,D,0,E
- - 1 - - -,5.x.5.6.8.5,1,1,37,5,1,0,5,5,8,3,True,False,5,A,x,,5,G,6,C#,8,G,5,A
- - 1 - - -,5.x.5.7.8.5,1,1,38,5,1,0,5,5,8,3,True,False,5,A,x,,5,G,7,D,8,G,5,A
- - 1 - - -,7.x.5.7.8.x,1,1,39,4,2,0,4,5,8,3,True,False,7,B,x,,5,G,7,D,8,G,x,
- - 1 - - -,x.0.8.6.5.x,1,1,40,4,2,1,3,5,8,3,True,False,x,,0,A,8,A#,6,C#,5,E,x,
- - 1 - - -,x.7.5.7.8.x,1,1,41,4,2,0,4,5,8,3,True,False,x,,7,E,5,G,7,D,8,G,x,
- - 1 - - -,7.x.7.8.10.x,1,1,42,4,2,0,4,7,10,3,True,False,7,B,x,,7,A,8,D#,10,A,x,
- - 1 - - -,8.x.7.9.10.x,1,1,43,4,2,0,4,7,10,3,True,False,8,C,x,,7,A,9,E,10,A,x,
- - 1 - - -,8.x.8.9.11.8,1,1,44,5,1,0,5,8,11,3,True,False,8,C,x,,8,A#,9,E,11,A#,8,C
- - 1 - - -,x.10.8.10.11.x,1,1,45,4,2,0,4,8,11,3,True,False,x,,10,G,8,A#,10,F,11,A#,x,
- - 1- - -,x.0.11.11.9.9,3,1,1,5,1,1,4,9,11,2,True,True,x,,0,A,11,C#,11,F#,9,G#,9,C#
- - 1- - -,5.5.6.6.7.5,2,1,2,6,0,0,6,5,7,2,True,False,5,A,5,D,6,G#,6,C#,7,F#,5,A
- - 1- - -,6.5.5.6.7.5,2,1,3,6,0,0,6,5,7,2,True,False,6,A#,5,D,5,G,6,C#,7,F#,5,A
- - 1- - -,x.5.6.5.7.7,2,1,4,5,1,0,5,5,7,2,True,False,x,,5,D,6,G#,5,C,7,F#,7,B
- - 1- - -,x.x.6.x.x.x,1,1,5,1,5,0,1,6,6,0,True,False,x,,x,,6,G#,x,,x,,x,
- - 1- - -,x.0.7.6.7.7,1,1,6,5,1,1,4,6,7,1,True,True,x,,0,A,7,A,6,C#,7,F#,7,B
- - 1- - -,2.2.4.4.3.2,1,1,7,6,0,0,6,2,4,2,True,False,2,F#,2,B,4,F#,4,B,3,D,2,F#
- - 1- - -,x.0.5.4.3.0,1,1,8,5,1,2,3,3,5,2,True,False,x,,0,A,5,G,4,B,3,D,0,E
- - 1- - -,5.7.6.6.5.5,1,1,9,6,0,0,6,5,7,2,True,False,5,A,7,E,6,G#,6,C#,5,E,5,A
- - 1- - -,x.8.6.7.x.x,1,1,10,3,3,0,3,6,8,2,True,False,x,,8,F,6,G#,7,D,x,,x,
- - 1- - -,x.9.11.11.10.9,1,1,11,5,1,0,5,9,11,2,True,False,x,,9,F#,11,C#,11,F#,10,A,9,C#
- - 12 - -,9.9.9.9.9.9,1,1,1,6,0,0,6,9,9,0,True,False,9,C#,9,F#,9,B,9,E,9,G#,9,C#
- - 12 - -,0.5.4.5.0.5,1,1,2,6,0,2,4,4,5,1,True,False,0,E,5,D,4,F#,5,C,0,B,5,A
- - 12 - -,x.0.6.6.5.0,1,1,3,5,1,2,3,5,6,1,True,False,x,,0,A,6,G#,6,C#,5,E,0,E
- - 12 - -,0.7.6.7.0.7,1,1,4,6,0,2,4,6,7,1,True,True,0,E,7,E,6,G#,7,D,0,B,7,B
- - 12 - -,9.x.8.9.9.9,1,1,5,5,1,0,5,8,9,1,True,False,9,C#,x,,8,A#,9,E,9,G#,9,C#
- - 123 -,x.4.2.4.5.x,9,3,1,4,2,0,4,2,5,3,True,False,x,,4,C#,2,E,4,B,5,E,x,
- - 123 -,x.5.4.6.7.x,9,3,2,4,2,0,4,4,7,3,True,False,x,,5,D,4,F#,6,C#,7,F#,x,
- - 123 -,5.5.6.5.5.5,6,1,3,6,0,0,6,5,6,1,True,False,5,A,5,D,6,G#,5,C,5,E,5,A
- - 123 -,7.7.7.8.7.7,6,1,4,6,0,0,6,7,8,1,True,False,7,B,7,E,7,A,8,D#,7,F#,7,B
- - 123 -,7.7.7.8.10.7,6,1,5,6,0,0,6,7,10,3,True,False,7,B,7,E,7,A,8,D#,10,A,7,B
- - 123 -,2.x.2.3.2.2,3,3,6,5,1,0,5,2,3,1,True,False,2,F#,x,,2,E,3,A#,2,C#,2,F#
- - 123 -,x.2.0.2.3.x,3,3,7,4,2,1,3,2,3,1,True,False,x,,2,B,0,D,2,A,3,D,x,
- - 123 -,4.4.4.5.4.4,3,1,8,6,0,0,6,4,5,1,True,False,4,G#,4,C#,4,F#,5,C,4,D#,4,G#
- - 123 -,2.4.2.2.2.4,3,1,9,6,0,0,6,2,4,2,True,False,2,F#,4,C#,2,E,2,A,2,C#,4,G#
- - 123 -,x.0.5.4.2.0,3,3,10,5,1,2,3,2,5,3,True,False,x,,0,A,5,G,4,B,2,C#,0,E
- - 123 -,0.4.4.5.7.4,3,1,11,6,0,1,5,4,7,3,True,False,0,E,4,C#,4,F#,5,C,7,F#,4,G#
- - 123 -,x.7.5.7.8.x,3,3,12,4,2,0,4,5,8,3,True,False,x,,7,E,5,G,7,D,8,G,x,
- - 123 -,x.8.7.9.10.x,3,3,13,4,2,0,4,7,10,3,True,False,x,,8,F,7,A,9,E,10,A,x,
- - 123 -,9.9.9.9.9.9,2,1,14,6,0,0,6,9,9,0,True,False,9,C#,9,F#,9,B,9,E,9,G#,9,C#
- - 123 -,9.x.8.9.9.9,2,1,15,5,1,0,5,8,9,1,True,False,9,C#,x,,8,A#,9,E,9,G#,9,C#
- - 123 -,5.5.6.6.7.5,2,1,16,6,0,0,6,5,7,2,True,False,5,A,5,D,6,G#,6,C#,7,F#,5,A
- - 123 -,6.5.5.6.7.5,2,1,17,6,0,0,6,5,7,2,True,False,6,A#,5,D,5,G,6,C#,7,F#,5,A
- - 123 -,9.11.9.11.12.9,2,1,18,6,0,0,6,9,12,3,True,False,9,C#,11,G#,9,B,11,F#,12,B,9,C#
- - 123 -,x.0.11.11.0.0,1,1,19,5,1,3,2,11,11,0,True,True,x,,0,A,11,C#,11,F#,0,B,0,E
- - 123 -,7.7.7.8.8.7,1,1,20,6,0,0,6,7,8,1,True,False,7,B,7,E,7,A,8,D#,8,G,7,B
- - 123 -,x.0.11.11.12.12,1,1,21,5,1,1,4,11,12,1,True,True,x,,0,A,11,C#,11,F#,12,B,12,E
- - 123 -,7.9.7.9.10.7,1,1,22,6,0,0,6,7,10,3,True,False,7,B,9,F#,7,A,9,E,10,A,7,B
- - 123-,x.0.11.11.9.0,1,1,1,5,1,2,3,9,11,2,True,True,x,,0,A,11,C#,11,F#,9,G#,0,E
- - 123-,0.11.12.13.14.x,1,1,2,5,1,1,4,11,14,3,True,True,0,E,11,G#,12,D,13,G#,14,C#,x,
- - t - - -,0.2.2.1.0.0,42,3,1,6,0,3,3,1,2,1,True,False,0,E,2,B,2,E,1,G#,0,B,0,E
- - t - - -,5.7.5.6.8.5,24,3,2,6,0,0,6,5,8,3,True,False,5,A,7,E,5,G,6,C#,8,G,5,A
- - t - - -,7.x.9.7.7.7,18,3,3,5,1,0,5,7,9,2,True,False,7,B,x,,9,B,7,D,7,F#,7,B
- - t - - -,3.x.2.0.3.x,12,3,4,4,2,1,3,2,3,1,True,False,3,G,x,,2,E,0,G,3,D,x,
- - t - - -,x.x.7.6.0.x,12,3,5,3,3,1,2,6,7,1,True,True,x,,x,,7,A,6,C#,0,B,x,
- - t - - -,6.x.5.x.6.x,9,3,6,3,3,0,3,5,6,1,True,False,6,A#,x,,5,G,x,,6,F,x,
- - t - - -,4.x.6.4.4.4,9,3,7,5,1,0,5,4,6,2,True,False,4,G#,x,,6,G#,4,B,4,D#,4,G#
- - t - - -,10.10.12.10.10.10,9,3,8,6,0,0,6,10,12,2,True,False,10,D,10,G,12,D,10,F,10,A,10,D
- - t - - -,x.x.2.2.x.x,6,3,9,2,4,0,2,2,2,0,True,False,x,,x,,2,E,2,A,x,,x,
- - t - - -,3.x.0.0.x.x,6,3,10,3,3,2,1,3,3,0,True,False,3,G,x,,0,D,0,G,x,,x,
- - t - - -,x.x.4.3.0.x,6,3,11,3,3,1,2,3,4,1,True,False,x,,x,,4,F#,3,A#,0,B,x,
- - t - - -,7.x.7.7.5.0,6,1,12,5,1,1,4,5,7,2,True,False,7,B,x,,7,A,7,D,5,E,0,E
- - t - - -,x.x.2.0.x.x,3,3,13,2,4,1,1,2,2,0,True,False,x,,x,,2,E,0,G,x,,x,
- - t - - -,1.x.0.2.x.x,3,3,14,3,3,1,2,1,2,1,True,False,1,F,x,,0,D,2,A,x,,x,
- - t - - -,x.x.5.3.3.3,3,3,15,4,2,0,4,3,5,2,True,False,x,,x,,5,G,3,A#,3,D,3,G
- - t - - -,6.x.6.7.5.0,3,1,16,5,1,1,4,5,7,2,True,False,6,A#,x,,6,G#,7,D,5,E,0,E
- - t - - -,x.5.7.7.6.5,3,1,17,5,1,0,5,5,7,2,True,False,x,,5,D,7,A,7,D,6,F,5,A
- - t - - -,0.0.12.12.10.12,2,1,18,6,0,2,4,10,12,2,True,True,0,E,0,A,12,D,12,G,10,A,12,E
- - t - - -,7.x.7.7.7.10,2,1,19,5,1,0,5,7,10,3,True,False,7,B,x,,7,A,7,D,7,F#,10,D
- - t - - -,7.7.7.7.7.7,1,1,20,6,0,0,6,7,7,0,True,False,7,B,7,E,7,A,7,D,7,F#,7,B
- - t - - -,x.x.7.x.x.x,1,1,21,1,5,0,1,7,7,0,True,False,x,,x,,7,A,x,,x,,x,
- - t - - -,x.x.14.x.x.x,1,1,22,1,5,0,1,14,14,0,True,False,x,,x,,14,E,x,,x,,x,
- - t - - -,0.x.2.0.3.0,1,1,23,5,1,3,2,2,3,1,True,False,0,E,x,,2,E,0,G,3,D,0,E
- - t - - -,0.x.2.0.3.2,1,1,24,5,1,2,3,2,3,1,True,False,0,E,x,,2,E,0,G,3,D,2,F#
- - t - - -,x.3.2.3.3.0,1,1,25,5,1,1,4,2,3,1,True,False,x,,3,C,2,E,3,A#,3,D,0,E
- - t - - -,3.x.4.0.3.0,1,1,26,5,1,2,3,3,4,1,True,False,3,G,x,,4,F#,0,G,3,D,0,E
- - t - - -,x.0.11.11.10.x,1,1,27,4,2,1,3,10,11,1,True,True,x,,0,A,11,C#,11,F#,10,A,x,
- - t - - -,0.0.11.12.12.x,1,1,28,5,1,2,3,11,12,1,True,True,0,E,0,A,11,C#,12,G,12,B,x,
- - t - - -,3.5.3.3.3.5,1,1,29,6,0,0,6,3,5,2,True,False,3,G,5,D,3,F,3,A#,3,D,5,A
- - t - - -,x.0.5.4.3.0,1,1,30,5,1,2,3,3,5,2,True,False,x,,0,A,5,G,4,B,3,D,0,E
- - t - - -,x.x.4.x.3.5,1,1,31,3,3,0,3,3,5,2,True,False,x,,x,,4,F#,x,,3,D,5,A
- - t - - -,x.0.7.6.5.5,1,1,32,5,1,1,4,5,7,2,True,False,x,,0,A,7,A,6,C#,5,E,5,A
- - t - - -,x.5.7.6.7.5,1,1,33,5,1,0,5,5,7,2,True,False,x,,5,D,7,A,6,C#,7,F#,5,A
- - t - - -,x.0.8.6.6.x,1,1,34,4,2,1,3,6,8,2,True,True,x,,0,A,8,A#,6,C#,6,F,x,
- - t - - -,7.9.7.7.7.9,1,1,35,6,0,0,6,7,9,2,True,False,7,B,9,F#,7,A,7,D,7,F#,9,C#
- - t - - -,10.10.12.11.10.12,1,1,36,6,0,0,6,10,12,2,True,False,10,D,10,G,12,D,11,F#,10,A,12,E
- - t - - -,x.10.12.12.11.10,1,1,37,5,1,0,5,10,12,2,True,False,x,,10,G,12,D,12,G,11,A#,10,D
- - t - - -,0.x.6.4.3.0,1,1,38,5,1,2,3,3,6,3,True,False,0,E,x,,6,G#,4,B,3,D,0,E
- - t - - 3,x.x.2.3.2.3,1,1,1,4,2,0,4,2,3,1,True,False,x,,x,,2,E,3,A#,2,C#,3,G
- - t - - 3,x.x.5.6.x.0,1,1,2,3,3,1,2,5,6,1,True,False,x,,x,,5,G,6,C#,x,,0,E
- - t - - 3,x.x.9.10.10.10,1,1,3,4,2,0,4,9,10,1,True,False,x,,x,,9,B,10,F,10,A,10,D
- - t - - 3,x.x.0.2.3.5,1,1,4,4,2,1,3,2,5,3,True,False,x,,x,,0,D,2,A,3,D,5,A
- - t - - 3,x.x.8.7.8.10,1,1,5,4,2,0,4,7,10,3,True,False,x,,x,,8,A#,7,D,8,G,10,D
- - t - -3,0.2.2.1.0.0,30,3,1,6,0,3,3,1,2,1,True,False,0,E,2,B,2,E,1,G#,0,B,0,E
- - t - -3,5.7.7.6.5.5,24,3,2,6,0,0,6,5,7,2,True,False,5,A,7,E,7,A,6,C#,5,E,5,A
- - t - -3,x.x.0.2.3.1,1,1,3,4,2,1,3,1,3,2,True,False,x,,x,,0,D,2,A,3,D,1,F
- - t - -3,x.x.0.2.3.5,1,1,4,4,2,1,3,2,5,3,True,False,x,,x,,0,D,2,A,3,D,5,A
- - t - 2 -,3.x.0.0.3.x,9,3,1,4,2,2,2,3,3,0,True,False,3,G,x,,0,D,0,G,3,D,x,
- - t - 2 -,x.x.3.2.1.x,9,3,2,3,3,0,3,1,3,2,True,False,x,,x,,3,F,2,A,1,C,x,
- - t - 2 -,10.10.10.10.13.10,9,3,3,6,0,0,6,10,13,3,True,False,10,D,10,G,10,C,10,F,13,C,10,D
- - t - 2 -,3.x.0.x.0.x,3,3,4,3,3,2,1,3,3,0,True,False,3,G,x,,0,D,x,,0,B,x,
- - t - 2 -,x.x.0.2.3.2,2,1,5,4,2,1,3,2,3,1,True,False,x,,x,,0,D,2,A,3,D,2,F#
- - t - 2 -,x.x.0.2.3.1,1,1,6,4,2,1,3,1,3,2,True,False,x,,x,,0,D,2,A,3,D,1,F
- - t - 2-,7.x.7.7.10.7,18,3,1,5,1,0,5,7,10,3,True,False,7,B,x,,7,A,7,D,10,A,7,B
- - t - 2-,x.x.7.6.5.x,12,3,2,3,3,0,3,5,7,2,True,False,x,,x,,7,A,6,C#,5,E,x,
- - t - 2-,x.10.12.12.11.0,9,3,3,5,1,1,4,10,12,2,True,True,x,,10,G,12,D,12,G,11,A#,0,E
- - t - 2-,4.x.4.4.7.4,9,3,4,5,1,0,5,4,7,3,True,False,4,G#,x,,4,F#,4,B,7,F#,4,G#
- - t - 2-,x.x.4.3.2.x,6,3,5,3,3,0,3,2,4,2,True,False,x,,x,,4,F#,3,A#,2,C#,x,
- - t - 2-,x.x.0.2.3.x,3,1,6,3,3,1,2,2,3,1,True,False,x,,x,,0,D,2,A,3,D,x,
- - t - 2-,x.x.0.2.3.1,1,1,7,4,2,1,3,1,3,2,True,False,x,,x,,0,D,2,A,3,D,1,F
- - t - 2-,x.x.0.9.7.7,1,1,8,4,2,1,3,7,9,2,True,True,x,,x,,0,D,9,E,7,F#,7,B
- - t - 23,0.x.9.7.8.0,18,3,1,5,1,2,3,7,9,2,True,True,0,E,x,,9,B,7,D,8,G,0,E
- - t - 23,0.x.6.4.5.0,9,3,2,5,1,2,3,4,6,2,True,False,0,E,x,,6,G#,4,B,5,E,0,E
- - t - 23,0.0.4.5.4.5,6,1,3,6,0,2,4,4,5,1,True,False,0,E,0,A,4,F#,5,C,4,D#,5,A
- - t - 23,0.0.7.8.7.8,6,1,4,6,0,2,4,7,8,1,True,True,0,E,0,A,7,A,8,D#,7,F#,8,C
- - t - 23,0.0.11.12.11.12,1,1,5,6,0,2,4,11,12,1,True,True,0,E,0,A,11,C#,12,G,11,A#,12,E
- - t 1 - -,x.5.7.7.7.7,12,3,1,5,1,0,5,5,7,2,True,False,x,,5,D,7,A,7,D,7,F#,7,B
- - t 1 - -,x.x.3.2.x.x,9,3,2,2,4,0,2,2,3,1,True,False,x,,x,,3,F,2,A,x,,x,
- - t 1 - -,x.x.7.6.0.0,6,3,3,4,2,2,2,6,7,1,True,True,x,,x,,7,A,6,C#,0,B,0,E
- - t 1 - -,x.x.4.3.2.x,3,3,4,3,3,0,3,2,4,2,True,False,x,,x,,4,F#,3,A#,2,C#,x,
- - t 1 - -,x.x.10.9.8.x,3,3,5,3,3,0,3,8,10,2,True,False,x,,x,,10,C,9,E,8,G,x,
- - t 1- -,x.3.5.5.3.3,9,3,1,5,1,0,5,3,5,2,True,False,x,,3,C,5,G,5,C,3,D,3,G
- - t 1- -,x.x.10.0.8.x,6,3,2,3,3,1,2,8,10,2,True,True,x,,x,,10,C,0,G,8,G,x,
- - t 123,x.x.0.11.10.8,3,3,1,4,2,1,3,8,11,3,True,True,x,,x,,0,D,11,F#,10,A,8,C
- - t 123,x.x.2.3.3.3,2,1,2,4,2,0,4,2,3,1,True,False,x,,x,,2,E,3,A#,3,D,3,G
- - t 123,0.0.9.8.9.7,2,1,3,6,0,2,4,7,9,2,True,True,0,E,0,A,9,B,8,D#,9,G#,7,B
- - t 123,x.x.8.9.8.9,1,1,4,4,2,0,4,8,9,1,True,False,x,,x,,8,A#,9,E,8,G,9,C#
- - t 123,x.x.0.11.10.10,1,1,5,4,2,1,3,10,11,1,True,True,x,,x,,0,D,11,F#,10,A,10,D
- - t 123,0.0.5.6.7.5,1,1,6,6,0,2,4,5,7,2,True,False,0,E,0,A,5,G,6,C#,7,F#,5,A
- - t 123,0.0.7.6.7.5,1,1,7,6,0,2,4,5,7,2,True,False,0,E,0,A,7,A,6,C#,7,F#,5,A
- - t- - -,7.x.x.7.7.9,2,1,1,4,2,0,4,7,9,2,True,False,7,B,x,,x,,7,D,7,F#,9,C#
- - t- - -,7.7.7.7.7.7,1,1,2,6,0,0,6,7,7,0,True,False,7,B,7,E,7,A,7,D,7,F#,7,B
- - t- - -,2.x.1.2.x.x,1,1,3,3,3,0,3,1,2,1,True,False,2,F#,x,,1,D#,2,A,x,,x,
- - t- - -,x.x.9.10.10.10,1,1,4,4,2,0,4,9,10,1,True,False,x,,x,,9,B,10,F,10,A,10,D
- - t- - -,7.x.7.7.7.9,1,1,5,5,1,0,5,7,9,2,True,False,7,B,x,,7,A,7,D,7,F#,9,C#
- - t- - -,x.x.7.8.8.9,1,1,6,4,2,0,4,7,9,2,True,False,x,,x,,7,A,8,D#,8,G,9,C#
- - t- - 3,x.x.8.7.8.10,1,1,1,4,2,0,4,7,10,3,True,False,x,,x,,8,A#,7,D,8,G,10,D
- - t123,x.x.3.5.3.5,5,1,1,4,2,0,4,3,5,2,True,False,x,,x,,3,F,5,C,3,D,5,A
- - t123,x.x.7.9.9.9,5,1,2,4,2,0,4,7,9,2,True,False,x,,x,,7,A,9,E,9,G#,9,C#
- - t123,x.x.9.10.9.10,2,1,3,4,2,0,4,9,10,1,True,False,x,,x,,9,B,10,F,9,G#,10,D
- - t123,x.x.10.11.10.11,2,1,4,4,2,0,4,10,11,1,True,False,x,,x,,10,C,11,F#,10,A,11,D#
- - t123,x.x.11.12.11.12,2,1,5,4,2,0,4,11,12,1,True,False,x,,x,,11,C#,12,G,11,A#,12,E
- - t123,x.x.0.11.10.9,2,1,6,4,2,1,3,9,11,2,True,True,x,,x,,0,D,11,F#,10,A,9,C#
- - t123,x.x.4.5.4.5,1,1,7,4,2,0,4,4,5,1,True,False,x,,x,,4,F#,5,C,4,D#,5,A
- - t123,x.x.9.10.10.10,1,1,8,4,2,0,4,9,10,1,True,False,x,,x,,9,B,10,F,10,A,10,D
- - t123,x.x.0.7.6.5,1,1,9,4,2,1,3,5,7,2,True,False,x,,x,,0,D,7,D,6,F,5,A
- - t123,x.x.7.8.9.9,1,1,10,4,2,0,4,7,9,2,True,False,x,,x,,7,A,8,D#,9,G#,9,C#
- - t123,x.x.4.5.4.7,1,1,11,4,2,0,4,4,7,3,True,False,x,,x,,4,F#,5,C,4,D#,7,B
- - t123,x.x.6.7.6.9,1,1,12,4,2,0,4,6,9,3,True,False,x,,x,,6,G#,7,D,6,F,9,C#
- - t123,x.x.0.11.12.14,1,1,13,4,2,1,3,11,14,3,True,True,x,,x,,0,D,11,F#,12,B,14,F#
- 1 - - - -,x.2.x.x.x.x,3,3,1,1,5,0,1,2,2,0,True,False,x,,2,B,x,,x,,x,,x,
- 1 - - - -,x.11.x.x.x.x,1,1,2,1,5,0,1,11,11,0,True,False,x,,11,G#,x,,x,,x,,x,
- 123 - -,0.11.12.13.x.x,1,1,1,4,2,1,3,11,13,2,True,True,0,E,11,G#,12,D,13,G#,x,,x,
- 123 - -,x.12.13.14.x.x,1,1,2,3,3,0,3,12,14,2,True,False,x,,12,A,13,D#,14,A,x,,x,
- 2 - 1 - -,x.2.1.2.0.x,12,3,1,4,2,1,3,1,2,1,True,False,x,,2,B,1,D#,2,A,0,B,x,
- t - - - -,x.3.2.0.1.x,12,3,1,4,2,1,3,1,3,2,True,False,x,,3,C,2,E,0,G,1,C,x,
- t - - - -,x.10.12.x.x.0,9,3,2,3,3,1,2,10,12,2,True,True,x,,10,G,12,D,x,,x,,0,E
- t - - - -,5.5.6.5.5.5,6,1,3,6,0,0,6,5,6,1,True,False,5,A,5,D,6,G#,5,C,5,E,5,A
- t - - - -,0.4.5.3.5.0,6,1,4,6,0,2,4,3,5,2,True,False,0,E,4,C#,5,G,3,A#,5,E,0,E
- t - - - -,0.4.4.2.5.x,6,1,5,5,1,1,4,2,5,3,True,False,0,E,4,C#,4,F#,2,A,5,E,x,
- t - - - -,x.1.x.x.x.x,3,3,6,1,5,0,1,1,1,0,True,False,x,,1,A#,x,,x,,x,,x,
- t - - - -,x.2.x.2.2.2,3,1,7,4,2,0,4,2,2,0,True,False,x,,2,B,x,,2,A,2,C#,2,F#
- t - - - -,x.x.x.2.2.x,3,1,8,2,4,0,2,2,2,0,True,False,x,,x,,x,,2,A,2,C#,x,
- t - - - -,0.2.1.2.2.2,3,1,9,6,0,1,5,1,2,1,True,False,0,E,2,B,1,D#,2,A,2,C#,2,F#
- t - - - -,x.0.x.0.2.0,2,1,10,4,2,3,1,2,2,0,True,False,x,,0,A,x,,0,G,2,C#,0,E
- t - - - -,x.5.6.5.x.x,2,1,11,3,3,0,3,5,6,1,True,False,x,,5,D,6,G#,5,C,x,,x,
- t - - - -,x.0.11.11.10.0,2,1,12,5,1,2,3,10,11,1,True,True,x,,0,A,11,C#,11,F#,10,A,0,E
- t - - - -,x.0.11.11.9.9,2,1,13,5,1,1,4,9,11,2,True,True,x,,0,A,11,C#,11,F#,9,G#,9,C#
- t - - - -,x.0.x.x.x.x,1,1,14,1,5,1,0,0,0,0,True,False,x,,0,A,x,,x,,x,,x,
- t - - - -,x.14.x.x.x.x,1,1,15,1,5,0,1,14,14,0,True,False,x,,14,B,x,,x,,x,,x,
- t - - - -,x.3.x.3.3.2,1,1,16,4,2,0,4,2,3,1,True,False,x,,3,C,x,,3,A#,3,D,2,F#
- t - - - -,0.4.3.4.0.4,1,1,17,6,0,2,4,3,4,1,True,False,0,E,4,C#,3,F,4,B,0,B,4,G#
- t - - - -,0.5.4.5.0.5,1,1,18,6,0,2,4,4,5,1,True,False,0,E,5,D,4,F#,5,C,0,B,5,A
- t - - - -,x.0.11.11.12.12,1,1,19,5,1,1,4,11,12,1,True,True,x,,0,A,11,C#,11,F#,12,B,12,E
- t - - - -,x.4.x.2.3.0,1,1,20,4,2,1,3,2,4,2,True,False,x,,4,C#,x,,2,A,3,D,0,E
- t - - - -,x.0.x.x.3.5,1,1,21,3,3,1,2,3,5,2,True,False,x,,0,A,x,,x,,3,D,5,A
- t - - - -,x.3.x.x.3.5,1,1,22,3,3,0,3,3,5,2,True,False,x,,3,C,x,,x,,3,D,5,A
- t - - - -,x.0.11.11.9.x,1,1,23,4,2,1,3,9,11,2,True,True,x,,0,A,11,C#,11,F#,9,G#,x,
- t - - - -,x.10.9.11.0.0,1,1,24,5,1,2,3,9,11,2,True,True,x,,10,G,9,B,11,F#,0,B,0,E
- t - - - -,x.0.11.12.10.0,1,1,25,5,1,2,3,10,12,2,True,True,x,,0,A,11,C#,12,G,10,A,0,E
- t - - - -,0.3.4.2.5.0,1,1,26,6,0,2,4,2,5,3,True,False,0,E,3,C,4,F#,2,A,5,E,0,E
- t - - - 3,x.1.x.0.2.1,1,1,1,4,2,1,3,1,2,1,True,False,x,,1,A#,x,,0,G,2,C#,1,F
- t - - - 3,x.0.x.0.3.2,1,1,2,4,2,2,2,2,3,1,True,False,x,,0,A,x,,0,G,3,D,2,F#
- t - - - 3,x.2.x.0.3.2,1,1,3,4,2,1,3,2,3,1,True,False,x,,2,B,x,,0,G,3,D,2,F#
- t - - - 3,x.2.x.0.3.3,1,1,4,4,2,1,3,2,3,1,True,False,x,,2,B,x,,0,G,3,D,3,G
- t - - - 3,0.7.6.7.0.7,1,1,5,6,0,2,4,6,7,1,True,True,0,E,7,E,6,G#,7,D,0,B,7,B
- t - - - 3,x.0.x.x.8.9,1,1,6,3,3,1,2,8,9,1,True,True,x,,0,A,x,,x,,8,G,9,C#
- t - - - 3,x.5.7.7.6.5,1,1,7,5,1,0,5,5,7,2,True,False,x,,5,D,7,A,7,D,6,F,5,A
- t - - - 3,x.7.x.0.8.10,1,1,8,4,2,1,3,7,10,3,True,True,x,,7,E,x,,0,G,8,G,10,D
- t - - - 3,x.8.x.7.8.10,1,1,9,4,2,0,4,7,10,3,True,False,x,,8,F,x,,7,D,8,G,10,D
- t - - -3,x.0.x.x.3.0,2,1,1,3,3,2,1,3,3,0,True,False,x,,0,A,x,,x,,3,D,0,E
- t - - -3,x.2.x.2.3.5,2,1,2,4,2,0,4,2,5,3,True,False,x,,2,B,x,,2,A,3,D,5,A
- t - - -3,x.0.x.x.x.0,1,1,3,2,4,2,0,0,0,0,True,False,x,,0,A,x,,x,,x,,0,E
- t - - -3,x.1.x.1.1.0,1,1,4,4,2,1,3,1,1,0,True,False,x,,1,A#,x,,1,G#,1,C,0,E
- t - - -3,x.0.x.x.4.0,1,1,5,3,3,2,1,4,4,0,True,False,x,,0,A,x,,x,,4,D#,0,E
- t - - -3,x.0.x.x.x.5,1,1,6,2,4,1,1,5,5,0,True,False,x,,0,A,x,,x,,x,,5,A
- t - - -3,x.1.x.0.2.1,1,1,7,4,2,1,3,1,2,1,True,False,x,,1,A#,x,,0,G,2,C#,1,F
- t - - -3,x.4.x.4.x.3,1,1,8,3,3,0,3,3,4,1,True,False,x,,4,C#,x,,4,B,x,,3,G
- t - - -3,x.4.x.4.5.5,1,1,9,4,2,0,4,4,5,1,True,False,x,,4,C#,x,,4,B,5,E,5,A
- t - - 2 -,x.0.2.2.2.0,12,3,1,5,1,2,3,2,2,0,True,False,x,,0,A,2,E,2,A,2,C#,0,E
- t - - 2 -,x.1.3.x.3.x,6,3,2,3,3,0,3,1,3,2,True,False,x,,1,A#,3,F,x,,3,D,x,
- t - - 2-,x.3.3.3.5.3,9,3,1,5,1,0,5,3,5,2,True,False,x,,3,C,3,F,3,A#,5,E,3,G
- t - - 2-,x.2.x.x.3.0,2,1,2,3,3,1,2,2,3,1,True,False,x,,2,B,x,,x,,3,D,0,E
- t - - 2-,x.2.x.2.3.x,1,1,3,3,3,0,3,2,3,1,True,False,x,,2,B,x,,2,A,3,D,x,
- t - - 3 -,x.5.7.7.6.5,2,1,1,5,1,0,5,5,7,2,True,False,x,,5,D,7,A,7,D,6,F,5,A
- t - - 3 -,8.8.10.9.10.x,1,1,2,5,1,0,5,8,10,2,True,False,8,C,8,F,10,C,9,E,10,A,x,
- t - - 3 -,x.0.5.3.2.0,1,1,3,5,1,2,3,2,5,3,True,False,x,,0,A,5,G,3,A#,2,C#,0,E
- t - - 3 -,x.0.8.6.5.x,1,1,4,4,2,1,3,5,8,3,True,False,x,,0,A,8,A#,6,C#,5,E,x,
- t - - 3 -,x.7.5.7.8.x,1,1,5,4,2,0,4,5,8,3,True,False,x,,7,E,5,G,7,D,8,G,x,
- t - - 3 -,x.10.8.10.11.x,1,1,6,4,2,0,4,8,11,3,True,False,x,,10,G,8,A#,10,F,11,A#,x,
- t - - 3-,x.5.7.6.7.5,2,1,1,5,1,0,5,5,7,2,True,False,x,,5,D,7,A,6,C#,7,F#,5,A
- t - - 3-,x.0.4.4.4.x,1,1,2,4,2,1,3,4,4,0,True,False,x,,0,A,4,F#,4,B,4,D#,x,
- t - - 3-,x.0.7.x.7.x,1,1,3,3,3,1,2,7,7,0,True,True,x,,0,A,7,A,x,,7,F#,x,
- t - - 3-,2.2.4.4.3.2,1,1,4,6,0,0,6,2,4,2,True,False,2,F#,2,B,4,F#,4,B,3,D,2,F#
- t - - 3-,x.2.4.4.4.x,1,1,5,4,2,0,4,2,4,2,True,False,x,,2,B,4,F#,4,B,4,D#,x,
- t - - 3-,x.7.9.9.8.x,1,1,6,4,2,0,4,7,9,2,True,False,x,,7,E,9,B,9,E,8,G,x,
- t - - 3-,x.9.7.9.10.x,1,1,7,4,2,0,4,7,10,3,True,False,x,,9,F#,7,A,9,E,10,A,x,
- t - -2 -,x.5.7.7.7.7,12,3,1,5,1,0,5,5,7,2,True,False,x,,5,D,7,A,7,D,7,F#,7,B
- t - 123,4.4.6.4.5.4,9,1,1,6,0,0,6,4,6,2,True,False,4,G#,4,C#,6,G#,4,B,5,E,4,G#
- t - 123,x.0.x.4.4.4,3,1,2,4,2,1,3,4,4,0,True,False,x,,0,A,x,,4,B,4,D#,4,G#
- t - 123,0.2.1.2.4.4,3,1,3,6,0,1,5,1,4,3,True,False,0,E,2,B,1,D#,2,A,4,D#,4,G#
- t - 123,x.x.x.6.5.3,3,3,4,3,3,0,3,3,6,3,True,False,x,,x,,x,,6,C#,5,E,3,G
- t - 123,x.1.x.1.1.0,2,1,5,4,2,1,3,1,1,0,True,False,x,,1,A#,x,,1,G#,1,C,0,E
- t - 123,9.11.9.11.9.11,2,1,6,6,0,0,6,9,11,2,True,False,9,C#,11,G#,9,B,11,F#,9,G#,11,D#
- t - 123,x.3.x.3.2.0,1,1,7,4,2,1,3,2,3,1,True,False,x,,3,C,x,,3,A#,2,C#,0,E
- t - 123,x.3.x.3.3.2,1,1,8,4,2,0,4,2,3,1,True,False,x,,3,C,x,,3,A#,3,D,2,F#
- t - 123,x.0.7.6.7.7,1,1,9,5,1,1,4,6,7,1,True,True,x,,0,A,7,A,6,C#,7,F#,7,B
- t - 123,x.3.x.3.3.1,1,1,10,4,2,0,4,1,3,2,True,False,x,,3,C,x,,3,A#,3,D,1,F
- t - 123,x.0.5.4.3.0,1,1,11,5,1,2,3,3,5,2,True,False,x,,0,A,5,G,4,B,3,D,0,E
- t - 2- -,x.8.6.7.x.x,1,1,1,3,3,0,3,6,8,2,True,False,x,,8,F,6,G#,7,D,x,,x,
- t - 23 -,3.3.5.4.5.3,3,1,1,6,0,0,6,3,5,2,True,False,3,G,3,C,5,G,4,B,5,E,3,G
- t - 23 -,x.5.7.6.7.5,1,1,2,5,1,0,5,5,7,2,True,False,x,,5,D,7,A,6,C#,7,F#,5,A
- t -123,x.3.x.3.3.0,7,1,1,4,2,1,3,3,3,0,True,False,x,,3,C,x,,3,A#,3,D,0,E
- t -123,x.0.6.6.5.4,2,1,2,5,1,1,4,4,6,2,True,False,x,,0,A,6,G#,6,C#,5,E,4,G#
- t -123,x.1.x.1.1.0,1,1,3,4,2,1,3,1,1,0,True,False,x,,1,A#,x,,1,G#,1,C,0,E
- t 1 - - -,x.4.5.2.2.x,2,1,1,4,2,0,4,2,5,3,True,False,x,,4,C#,5,G,2,A,2,C#,x,
- t 1 23 -,x.0.5.6.7.x,1,1,1,4,2,1,3,5,7,2,True,False,x,,0,A,5,G,6,C#,7,F#,x,
- t 12 - -,x.2.1.2.0.x,6,3,1,4,2,1,3,1,2,1,True,False,x,,2,B,1,D#,2,A,0,B,x,
- t 123 -,x.4.2.4.5.x,9,3,1,4,2,0,4,2,5,3,True,False,x,,4,C#,2,E,4,B,5,E,x,
- t 123 -,x.5.4.6.7.x,9,3,2,4,2,0,4,4,7,3,True,False,x,,5,D,4,F#,6,C#,7,F#,x,
- t 123 -,x.8.7.9.10.x,5,4,3,4,2,0,4,7,10,3,True,False,x,,8,F,7,A,9,E,10,A,x,
- t 123 -,x.2.1.2.0.x,3,3,4,4,2,1,3,1,2,1,True,False,x,,2,B,1,D#,2,A,0,B,x,
- t 123 -,x.2.0.2.3.x,3,3,5,4,2,1,3,2,3,1,True,False,x,,2,B,0,D,2,A,3,D,x,
- t 123 -,0.9.7.9.9.0,3,1,6,6,0,2,4,7,9,2,True,True,0,E,9,F#,7,A,9,E,9,G#,0,E
- t 123 -,x.0.5.4.2.0,3,3,7,5,1,2,3,2,5,3,True,False,x,,0,A,5,G,4,B,2,C#,0,E
- t 123 -,x.7.5.7.8.x,3,3,8,4,2,0,4,5,8,3,True,False,x,,7,E,5,G,7,D,8,G,x,
- t 123 -,0.8.9.6.9.0,3,1,9,6,0,2,4,6,9,3,True,True,0,E,8,F,9,B,6,C#,9,G#,0,E
- t 123 -,9.11.9.11.12.9,3,1,10,6,0,0,6,9,12,3,True,False,9,C#,11,G#,9,B,11,F#,12,B,9,C#
- t 123 -,x.9.7.9.10.x,2,1,11,4,2,0,4,7,10,3,True,False,x,,9,F#,7,A,9,E,10,A,x,
- t 123 -,x.5.7.6.7.5,1,1,12,5,1,0,5,5,7,2,True,False,x,,5,D,7,A,6,C#,7,F#,5,A
- t 123 -,7.7.9.8.9.7,1,1,13,6,0,0,6,7,9,2,True,False,7,B,7,E,9,B,8,D#,9,G#,7,B
- t- - - -,7.9.7.7.7.7,4,1,1,6,0,0,6,7,9,2,True,False,7,B,9,F#,7,A,7,D,7,F#,7,B
- t- - - -,x.7.x.x.7.9,2,1,2,3,3,0,3,7,9,2,True,False,x,,7,E,x,,x,,7,F#,9,C#
- t- - - -,x.7.x.6.7.9,2,1,3,4,2,0,4,6,9,3,True,False,x,,7,E,x,,6,C#,7,F#,9,C#
- t- - - -,x.6.4.4.4.4,1,1,4,5,1,0,5,4,6,2,True,False,x,,6,D#,4,F#,4,B,4,D#,4,G#
- t- - - -,5.7.6.6.5.5,1,1,5,6,0,0,6,5,7,2,True,False,5,A,7,E,6,G#,6,C#,5,E,5,A
- t- - - 3,x.8.x.10.9.10,2,1,1,4,2,0,4,8,10,2,True,False,x,,8,F,x,,10,F,9,G#,10,D
- t- - - 3,x.0.2.0.0.2,1,1,2,5,1,3,2,2,2,0,True,False,x,,0,A,2,E,0,G,0,B,2,F#
- t- - - 3,x.3.x.3.3.2,1,1,3,4,2,0,4,2,3,1,True,False,x,,3,C,x,,3,A#,3,D,2,F#
- t- - - 3,x.3.3.3.4.4,1,1,4,5,1,0,5,3,4,1,True,False,x,,3,C,3,F,3,A#,4,D#,4,G#
- t- - - 3,x.4.4.4.5.5,1,1,5,5,1,0,5,4,5,1,True,False,x,,4,C#,4,F#,4,B,5,E,5,A
- t- - - 3,x.5.5.5.5.7,1,1,6,5,1,0,5,5,7,2,True,False,x,,5,D,5,G,5,C,5,E,7,B
- t- - - 3,x.0.x.7.8.9,1,1,7,4,2,1,3,7,9,2,True,True,x,,0,A,x,,7,D,8,G,9,C#
- t- - - 3,x.9.11.11.10.9,1,1,8,5,1,0,5,9,11,2,True,False,x,,9,F#,11,C#,11,F#,10,A,9,C#
- t- - - 3,x.10.12.12.11.10,1,1,9,5,1,0,5,10,12,2,True,False,x,,10,G,12,D,12,G,11,A#,10,D
- t12 - -,x.8.6.7.x.x,1,1,1,3,3,0,3,6,8,2,True,False,x,,8,F,6,G#,7,D,x,,x,
- t123 -,x.11.12.9.12.x,2,1,1,4,2,0,4,9,12,3,True,False,x,,11,G#,12,D,9,E,12,B,x,
- t123 -,x.12.13.12.13.x,1,1,2,4,2,0,4,12,13,1,True,False,x,,12,A,13,D#,12,G,13,C,x,
- t123 -,x.3.4.3.5.x,1,1,3,4,2,0,4,3,5,2,True,False,x,,3,C,4,F#,3,A#,5,E,x,
- t123 -,x.3.4.4.5.x,1,1,4,4,2,0,4,3,5,2,True,False,x,,3,C,4,F#,4,B,5,E,x,
- t123 -,x.0.11.11.9.x,1,1,5,4,2,1,3,9,11,2,True,True,x,,0,A,11,C#,11,F#,9,G#,x,
- t123 -,x.11.12.10.12.x,1,1,6,4,2,0,4,10,12,2,True,False,x,,11,G#,12,D,10,F,12,B,x,
- t123 -,x.2.3.2.5.x,1,1,7,4,2,0,4,2,5,3,True,False,x,,2,B,3,F,2,A,5,E,x,
------,0.0.0.0.0.0,10,2,1,6,0,6,0,0,0,0,True,False,0,E,0,A,0,D,0,G,0,B,0,E
------,x.x.0.0.0.x,8,2,2,3,3,3,0,0,0,0,True,False,x,,x,,0,D,0,G,0,B,x,
------,x.0.x.0.0.0,2,1,3,4,2,4,0,0,0,0,True,False,x,,0,A,x,,0,G,0,B,0,E
------,x.x.x.0.x.x,2,1,4,1,5,1,0,0,0,0,True,False,x,,x,,x,,0,G,x,,x,
------,x.x.x.x.x.0,1,1,5,1,5,1,0,0,0,0,True,False,x,,x,,x,,x,,x,,0,E
-----1,x.x.x.x.x.10,2,1,1,1,5,0,1,10,10,0,True,False,x,,x,,x,,x,,x,,10,D
-----1,x.x.x.x.x.3,1,1,2,1,5,0,1,3,3,0,True,False,x,,x,,x,,x,,x,,3,G
-----1,x.x.x.x.x.7,1,1,3,1,5,0,1,7,7,0,True,False,x,,x,,x,,x,,x,,7,B
-----3,x.x.x.x.x.3,15,4,1,1,5,0,1,3,3,0,True,False,x,,x,,x,,x,,x,,3,G
-----3,x.x.x.x.x.5,3,2,2,1,5,0,1,5,5,0,True,False,x,,x,,x,,x,,x,,5,A
-----4,0.0.0.0.0.5,2,2,1,6,0,5,1,5,5,0,True,False,0,E,0,A,0,D,0,G,0,B,5,A
----1-,x.0.x.x.2.0,4,1,1,3,3,2,1,2,2,0,True,False,x,,0,A,x,,x,,2,C#,0,E
----1-,x.0.x.0.2.x,2,1,2,3,3,2,1,2,2,0,True,False,x,,0,A,x,,0,G,2,C#,x,
----1-,x.0.x.x.2.x,2,1,3,2,4,1,1,2,2,0,True,False,x,,0,A,x,,x,,2,C#,x,
----1-,x.x.x.x.3.0,2,1,4,2,4,1,1,3,3,0,True,False,x,,x,,x,,x,,3,D,0,E
----1-,x.x.x.x.8.x,2,1,5,1,5,0,1,8,8,0,True,False,x,,x,,x,,x,,8,G,x,
----1-,x.x.x.x.3.x,1,1,6,1,5,0,1,3,3,0,True,False,x,,x,,x,,x,,3,D,x,
----1-,x.x.x.x.10.x,1,1,7,1,5,0,1,10,10,0,True,False,x,,x,,x,,x,,10,A,x,
----11,x.x.x.x.3.3,2,1,1,2,4,0,2,3,3,0,True,False,x,,x,,x,,x,,3,D,3,G
----11,x.x.x.0.3.3,1,1,2,3,3,1,2,3,3,0,True,False,x,,x,,x,,0,G,3,D,3,G
----11,x.x.x.x.6.6,1,1,3,2,4,0,2,6,6,0,True,False,x,,x,,x,,x,,6,F,6,A#
----14,x.0.x.0.4.6,2,1,1,4,2,2,2,4,6,2,True,False,x,,0,A,x,,0,G,4,D#,6,A#
----14,x.0.x.0.5.7,2,1,2,4,2,2,2,5,7,2,True,False,x,,0,A,x,,0,G,5,E,7,B
----2-,x.x.x.x.2.x,13,2,1,1,5,0,1,2,2,0,True,False,x,,x,,x,,x,,2,C#,x,
----2-,x.x.x.x.3.x,3,1,2,1,5,0,1,3,3,0,True,False,x,,x,,x,,x,,3,D,x,
----21,x.x.x.x.8.7,2,2,1,2,4,0,2,7,8,1,True,False,x,,x,,x,,x,,8,G,7,B
----21,x.x.x.x.10.9,2,1,2,2,4,0,2,9,10,1,True,False,x,,x,,x,,x,,10,A,9,C#
----21,x.x.x.x.5.3,1,1,3,2,4,0,2,3,5,2,True,False,x,,x,,x,,x,,5,E,3,G
----23,0.0.0.0.2.3,2,2,1,6,0,4,2,2,3,1,True,False,0,E,0,A,0,D,0,G,2,C#,3,G
----24,0.0.0.0.3.4,2,2,1,6,0,4,2,3,4,1,True,False,0,E,0,A,0,D,0,G,3,D,4,G#
----3-,x.x.x.x.3.x,13,2,1,1,5,0,1,3,3,0,True,False,x,,x,,x,,x,,3,D,x,
----3-,x.x.x.x.4.x,3,1,2,1,5,0,1,4,4,0,True,False,x,,x,,x,,x,,4,D#,x,
----3-,x.x.x.x.5.x,3,1,3,1,5,0,1,5,5,0,True,False,x,,x,,x,,x,,5,E,x,
----3-,x.x.x.x.10.x,2,1,4,1,5,0,1,10,10,0,True,False,x,,x,,x,,x,,10,A,x,
----3-,x.x.x.x.7.x,1,1,5,1,5,0,1,7,7,0,True,False,x,,x,,x,,x,,7,F#,x,
----3-,x.x.x.x.8.x,1,1,6,1,5,0,1,8,8,0,True,False,x,,x,,x,,x,,8,G,x,
----3-,x.x.x.x.12.x,1,1,7,1,5,0,1,12,12,0,True,False,x,,x,,x,,x,,12,B,x,
----31,x.x.x.x.4.2,3,1,1,2,4,0,2,2,4,2,True,False,x,,x,,x,,x,,4,D#,2,F#
----31,0.0.0.0.5.3,2,2,2,6,0,4,2,3,5,2,True,False,0,E,0,A,0,D,0,G,5,E,3,G
----31,x.x.x.x.12.10,2,1,3,2,4,0,2,10,12,2,True,False,x,,x,,x,,x,,12,B,10,D
----31,x.x.x.x.9.7,1,1,4,2,4,0,2,7,9,2,True,False,x,,x,,x,,x,,9,G#,7,B
----33,x.x.x.x.12.12,3,1,1,2,4,0,2,12,12,0,True,False,x,,x,,x,,x,,12,B,12,E
----33,x.x.x.x.7.7,1,1,2,2,4,0,2,7,7,0,True,False,x,,x,,x,,x,,7,F#,7,B
----34,x.x.x.x.5.6,1,1,1,2,4,0,2,5,6,1,True,False,x,,x,,x,,x,,5,E,6,A#
----34,x.x.x.x.7.8,1,1,2,2,4,0,2,7,8,1,True,False,x,,x,,x,,x,,7,F#,8,C
----4-,x.x.x.x.2.x,4,1,1,1,5,0,1,2,2,0,True,False,x,,x,,x,,x,,2,C#,x,
----4-,x.x.x.x.5.x,3,2,2,1,5,0,1,5,5,0,True,False,x,,x,,x,,x,,5,E,x,
----4-,0.0.0.0.7.0,2,1,3,6,0,5,1,7,7,0,True,True,0,E,0,A,0,D,0,G,7,F#,0,E
----4-,x.x.x.x.6.x,1,1,4,1,5,0,1,6,6,0,True,False,x,,x,,x,,x,,6,F,x,
----4-,x.x.x.x.10.x,1,1,5,1,5,0,1,10,10,0,True,False,x,,x,,x,,x,,10,A,x,
----41,x.x.x.x.12.10,2,1,1,2,4,0,2,10,12,2,True,False,x,,x,,x,,x,,12,B,10,D
----44,x.x.x.x.7.7,2,1,1,2,4,0,2,7,7,0,True,False,x,,x,,x,,x,,7,F#,7,B
----44,x.x.x.0.6.6,1,1,2,3,3,1,2,6,6,0,True,True,x,,x,,x,,0,G,6,F,6,A#
----44,x.x.x.x.6.6,1,1,3,2,4,0,2,6,6,0,True,False,x,,x,,x,,x,,6,F,6,A#
---1--,x.x.x.2.x.x,18,3,1,1,5,0,1,2,2,0,True,False,x,,x,,x,,2,A,x,,x,
---1--,0.x.x.1.x.0,8,1,2,3,3,2,1,1,1,0,True,False,0,E,x,,x,,1,G#,x,,0,E
---1--,x.x.x.1.x.0,7,2,3,2,4,1,1,1,1,0,True,False,x,,x,,x,,1,G#,x,,0,E
---1--,x.x.x.5.x.x,7,1,4,1,5,0,1,5,5,0,True,False,x,,x,,x,,5,C,x,,x,
---1--,0.x.x.2.x.x,6,1,5,2,4,1,1,2,2,0,True,False,0,E,x,,x,,2,A,x,,x,
---1--,x.x.x.1.x.x,5,2,6,1,5,0,1,1,1,0,True,False,x,,x,,x,,1,G#,x,,x,
---1--,x.x.x.6.x.x,2,1,7,1,5,0,1,6,6,0,True,False,x,,x,,x,,6,C#,x,,x,
---1-2,x.x.x.11.x.10,2,1,1,2,4,0,2,10,11,1,True,False,x,,x,,x,,11,F#,x,,10,D
---1-2,x.x.x.13.x.12,2,1,2,2,4,0,2,12,13,1,True,False,x,,x,,x,,13,G#,x,,12,E
---111,0.0.0.2.2.2,3,1,1,6,0,3,3,2,2,0,True,False,0,E,0,A,0,D,2,A,2,C#,2,F#
---111,x.x.0.2.2.2,3,1,2,4,2,1,3,2,2,0,True,False,x,,x,,0,D,2,A,2,C#,2,F#
---111,x.x.x.1.1.1,2,1,3,3,3,0,3,1,1,0,True,False,x,,x,,x,,1,G#,1,C,1,F
---111,x.x.x.3.3.3,2,2,4,3,3,0,3,3,3,0,True,False,x,,x,,x,,3,A#,3,D,3,G
---114,x.x.0.3.3.5,2,1,1,4,2,1,3,3,5,2,True,False,x,,x,,0,D,3,A#,3,D,5,A
---114,0.0.0.2.2.5,2,1,2,6,0,3,3,2,5,3,True,False,0,E,0,A,0,D,2,A,2,C#,5,A
---114,x.x.x.9.9.12,1,1,3,3,3,0,3,9,12,3,True,False,x,,x,,x,,9,E,9,G#,12,E
---123,x.x.0.2.3.3,2,1,1,4,2,1,3,2,3,1,True,False,x,,x,,0,D,2,A,3,D,3,G
---124,x.x.0.2.3.5,2,1,1,4,2,1,3,2,5,3,True,False,x,,x,,0,D,2,A,3,D,5,A
---13-,x.x.x.1.2.x,3,1,1,2,4,0,2,1,2,1,True,False,x,,x,,x,,1,G#,2,C#,x,
---13-,0.0.0.2.3.0,3,1,2,6,0,4,2,2,3,1,True,False,0,E,0,A,0,D,2,A,3,D,0,E
---132,x.x.0.2.3.2,18,2,1,4,2,1,3,2,3,1,True,False,x,,x,,0,D,2,A,3,D,2,F#
---132,0.x.x.4.5.4,10,2,2,4,2,1,3,4,5,1,True,False,0,E,x,,x,,4,B,5,E,4,G#
---132,0.0.0.2.3.2,7,2,3,6,0,3,3,2,3,1,True,False,0,E,0,A,0,D,2,A,3,D,2,F#
---132,0.x.x.9.10.9,5,1,4,4,2,1,3,9,10,1,True,True,0,E,x,,x,,9,E,10,A,9,C#
---132,x.0.0.2.3.2,3,1,5,5,1,2,3,2,3,1,True,False,x,,0,A,0,D,2,A,3,D,2,F#
---132,x.0.0.5.6.5,3,1,6,5,1,2,3,5,6,1,True,False,x,,0,A,0,D,5,C,6,F,5,A
---132,0.x.x.7.8.7,3,1,7,4,2,1,3,7,8,1,True,True,0,E,x,,x,,7,D,8,G,7,B
---132-,0.x.6.7.6.0,1,1,1,5,1,2,3,6,7,1,True,True,0,E,x,,6,G#,7,D,6,F,0,E
---134,0.0.0.2.3.3,4,1,1,6,0,3,3,2,3,1,True,False,0,E,0,A,0,D,2,A,3,D,3,G
---134,x.x.x.7.9.10,2,1,2,3,3,0,3,7,10,3,True,False,x,,x,,x,,7,D,9,G#,10,D
---14-,x.0.x.5.7.0,4,1,1,4,2,2,2,5,7,2,True,False,x,,0,A,x,,5,C,7,F#,0,E
---14-,0.0.0.1.3.0,2,2,2,6,0,4,2,1,3,2,True,False,0,E,0,A,0,D,1,G#,3,D,0,E
---14-,x.x.0.5.7.0,2,1,3,4,2,2,2,5,7,2,True,False,x,,x,,0,D,5,C,7,F#,0,E
---14-,x.0.x.6.8.0,2,1,4,4,2,2,2,6,8,2,True,True,x,,0,A,x,,6,C#,8,G,0,E
---144,x.x.0.3.5.5,3,1,1,4,2,1,3,3,5,2,True,False,x,,x,,0,D,3,A#,5,E,5,A
---2-,x.x.x.x.5.0,1,1,1,2,4,1,1,5,5,0,True,False,x,,x,,x,,x,,5,E,0,E
---2--,x.x.x.2.x.x,3,1,1,1,5,0,1,2,2,0,True,False,x,,x,,x,,2,A,x,,x,
---2--,0.x.x.6.0.0,3,1,2,4,2,3,1,6,6,0,True,True,0,E,x,,x,,6,C#,0,B,0,E
---2--,0.x.x.4.0.0,2,1,3,4,2,3,1,4,4,0,True,False,0,E,x,,x,,4,B,0,B,0,E
---2--,x.x.x.4.x.x,2,1,4,1,5,0,1,4,4,0,True,False,x,,x,,x,,4,B,x,,x,
---2--,x.x.x.7.0.0,2,1,5,3,3,2,1,7,7,0,True,True,x,,x,,x,,7,D,0,B,0,E
---2-1,x.x.x.6.0.5,3,1,1,3,3,1,2,5,6,1,True,False,x,,x,,x,,6,C#,0,B,5,A
---2-1,x.x.x.8.0.7,3,1,2,3,3,1,2,7,8,1,True,True,x,,x,,x,,8,D#,0,B,7,B
---2-1,x.x.x.4.0.3,2,1,3,3,3,1,2,3,4,1,True,False,x,,x,,x,,4,B,0,B,3,G
---2-3,x.x.x.4.0.4,9,2,1,3,3,1,2,4,4,0,True,False,x,,x,,x,,4,B,0,B,4,G#
---2-3,x.x.x.2.0.2,3,1,2,3,3,1,2,2,2,0,True,False,x,,x,,x,,2,A,0,B,2,F#
---2-3,x.x.x.3.0.3,3,1,3,3,3,1,2,3,3,0,True,False,x,,x,,x,,3,A#,0,B,3,G
---2-3,x.x.x.3.x.3,3,2,4,2,4,0,2,3,3,0,True,False,x,,x,,x,,3,A#,x,,3,G
---2-3,x.x.x.9.x.9,2,1,5,2,4,0,2,9,9,0,True,False,x,,x,,x,,9,E,x,,9,C#
---2-3,x.x.x.4.x.4,1,1,6,2,4,0,2,4,4,0,True,False,x,,x,,x,,4,B,x,,4,G#
---21-,0.x.x.4.3.0,20,1,1,4,2,2,2,3,4,1,True,False,0,E,x,,x,,4,B,3,D,0,E
---21-,x.x.x.4.3.x,10,1,2,2,4,0,2,3,4,1,True,False,x,,x,,x,,4,B,3,D,x,
---21-,x.x.x.6.5.x,9,1,3,2,4,0,2,5,6,1,True,False,x,,x,,x,,6,C#,5,E,x,
---21-,x.x.x.4.3.0,7,4,4,3,3,1,2,3,4,1,True,False,x,,x,,x,,4,B,3,D,0,E
---21-,x.x.x.7.6.x,2,1,5,2,4,0,2,6,7,1,True,False,x,,x,,x,,7,D,6,F,x,
---21-,x.x.x.8.7.0,2,2,6,3,3,1,2,7,8,1,True,True,x,,x,,x,,8,D#,7,F#,0,E
---21-,x.x.x.9.8.x,2,1,7,2,4,0,2,8,9,1,True,False,x,,x,,x,,9,E,8,G,x,
---21-,x.x.x.16.15.0,2,1,8,3,3,1,2,15,16,1,True,True,x,,x,,x,,16,B,15,D,0,E
---21-,x.x.x.2.1.x,1,1,9,2,4,0,2,1,2,1,True,False,x,,x,,x,,2,A,1,C,x,
---21-,x.x.x.11.10.0,1,1,10,3,3,1,2,10,11,1,True,True,x,,x,,x,,11,F#,10,A,0,E
---211,0.x.x.6.5.5,9,2,1,4,2,1,3,5,6,1,True,False,0,E,x,,x,,6,C#,5,E,5,A
---211,0.x.x.4.3.3,3,1,2,4,2,1,3,3,4,1,True,False,0,E,x,,x,,4,B,3,D,3,G
---211,x.0.0.4.3.3,3,1,3,5,1,2,3,3,4,1,True,False,x,,0,A,0,D,4,B,3,D,3,G
---211,0.0.0.6.5.5,2,2,4,6,0,3,3,5,6,1,True,False,0,E,0,A,0,D,6,C#,5,E,5,A
---211,x.x.x.13.12.12,1,1,5,3,3,0,3,12,13,1,True,False,x,,x,,x,,13,G#,12,B,12,E
---213,0.x.x.4.3.4,6,1,1,4,2,1,3,3,4,1,True,False,0,E,x,,x,,4,B,3,D,4,G#
---213,x.x.x.15.14.15,3,2,2,3,3,0,3,14,15,1,True,False,x,,x,,x,,15,A#,14,C#,15,G
---213,x.x.0.2.1.2,2,1,3,4,2,1,3,1,2,1,True,False,x,,x,,0,D,2,A,1,C,2,F#
---213,x.x.x.7.6.7,1,1,4,3,3,0,3,6,7,1,True,False,x,,x,,x,,7,D,6,F,7,B
---213,x.x.x.12.11.12,1,1,5,3,3,0,3,11,12,1,True,False,x,,x,,x,,12,G,11,A#,12,E
---213,x.x.x.14.13.14,1,1,6,3,3,0,3,13,14,1,True,False,x,,x,,x,,14,A,13,C,14,F#
---213,x.x.x.16.15.16,1,1,7,3,3,0,3,15,16,1,True,False,x,,x,,x,,16,B,15,D,16,G#
---214,x.x.x.11.10.12,1,1,1,3,3,0,3,10,12,2,True,False,x,,x,,x,,11,F#,10,A,12,E
---23-,0.x.x.2.2.0,9,1,1,4,2,2,2,2,2,0,True,False,0,E,x,,x,,2,A,2,C#,0,E
---23-,0.0.0.2.3.0,2,1,2,6,0,4,2,2,3,1,True,False,0,E,0,A,0,D,2,A,3,D,0,E
---23-,x.x.x.2.2.0,1,1,3,3,3,1,2,2,2,0,True,False,x,,x,,x,,2,A,2,C#,0,E
---23-,x.x.x.9.9.0,1,1,4,3,3,1,2,9,9,0,True,True,x,,x,,x,,9,E,9,G#,0,E
---231,0.x.x.9.9.7,8,1,1,4,2,1,3,7,9,2,True,True,0,E,x,,x,,9,E,9,G#,7,B
---231,0.x.x.7.7.5,6,1,2,4,2,1,3,5,7,2,True,False,0,E,x,,x,,7,D,7,F#,5,A
---231,0.x.x.12.12.10,3,1,3,4,2,1,3,10,12,2,True,True,0,E,x,,x,,12,G,12,B,10,D
---231,x.x.x.13.13.12,1,1,4,3,3,0,3,12,13,1,True,False,x,,x,,x,,13,G#,13,C,12,E
---3--,x.x.x.3.x.x,6,1,1,1,5,0,1,3,3,0,True,False,x,,x,,x,,3,A#,x,,x,
---3--,x.x.x.7.x.x,2,1,2,1,5,0,1,7,7,0,True,False,x,,x,,x,,7,D,x,,x,
---3--,x.x.x.4.x.x,1,1,3,1,5,0,1,4,4,0,True,False,x,,x,,x,,4,B,x,,x,
---3--,x.x.x.5.0.0,1,1,4,3,3,2,1,5,5,0,True,False,x,,x,,x,,5,C,0,B,0,E
---3--,x.x.x.7.0.0,1,1,5,3,3,2,1,7,7,0,True,True,x,,x,,x,,7,D,0,B,0,E
---3--,x.x.x.9.0.0,1,1,6,3,3,2,1,9,9,0,True,True,x,,x,,x,,9,E,0,B,0,E
---3-4,0.x.x.2.x.2,5,1,1,3,3,1,2,2,2,0,True,False,0,E,x,,x,,2,A,x,,2,F#
---3-4,0.x.x.4.x.4,5,1,2,3,3,1,2,4,4,0,True,False,0,E,x,,x,,4,B,x,,4,G#
---3-4,0.x.x.4.0.4,4,1,3,4,2,2,2,4,4,0,True,False,0,E,x,,x,,4,B,0,B,4,G#
---3-4,0.0.0.2.0.2,2,1,4,6,0,4,2,2,2,0,True,False,0,E,0,A,0,D,2,A,0,B,2,F#
---3-4,x.x.x.4.0.4,1,1,5,3,3,1,2,4,4,0,True,False,x,,x,,x,,4,B,0,B,4,G#
---31-,0.0.0.4.3.0,2,2,1,6,0,4,2,3,4,1,True,False,0,E,0,A,0,D,4,B,3,D,0,E
---31-,x.x.x.3.1.0,1,1,2,3,3,1,2,1,3,2,True,False,x,,x,,x,,3,A#,1,C,0,E
---311,x.x.x.5.3.3,1,1,1,3,3,0,3,3,5,2,True,False,x,,x,,x,,5,C,3,D,3,G
---311,x.x.x.7.5.5,1,1,2,3,3,0,3,5,7,2,True,False,x,,x,,x,,7,D,5,E,5,A
---311,x.x.x.9.7.7,1,1,3,3,3,0,3,7,9,2,True,False,x,,x,,x,,9,E,7,F#,7,B
---312,x.x.x.3.1.2,1,1,1,3,3,0,3,1,3,2,True,False,x,,x,,x,,3,A#,1,C,2,F#
---314,0.x.x.7.5.7,6,1,1,4,2,1,3,5,7,2,True,False,0,E,x,,x,,7,D,5,E,7,B
---314,0.0.0.7.5.7,2,2,2,6,0,3,3,5,7,2,True,False,0,E,0,A,0,D,7,D,5,E,7,B
---321,x.x.0.11.10.8,4,1,1,4,2,1,3,8,11,3,True,True,x,,x,,0,D,11,F#,10,A,8,C
---321,0.0.0.6.5.4,2,2,2,6,0,3,3,4,6,2,True,False,0,E,0,A,0,D,6,C#,5,E,4,G#
---321,x.x.x.6.5.3,2,1,3,3,3,0,3,3,6,3,True,False,x,,x,,x,,6,C#,5,E,3,G
---321,0.x.x.13.12.10,2,1,4,4,2,1,3,10,13,3,True,True,0,E,x,,x,,13,G#,12,B,10,D
---324,0.x.x.3.2.3,6,1,1,4,2,1,3,2,3,1,True,False,0,E,x,,x,,3,A#,2,C#,3,G
---324,0.x.x.4.3.4,6,1,2,4,2,1,3,3,4,1,True,False,0,E,x,,x,,4,B,3,D,4,G#
---333,x.0.x.5.5.5,3,1,1,4,2,1,3,5,5,0,True,False,x,,0,A,x,,5,C,5,E,5,A
---333,0.x.x.2.2.2,2,1,2,4,2,1,3,2,2,0,True,False,0,E,x,,x,,2,A,2,C#,2,F#
---4--,x.x.x.5.x.x,1,1,1,1,5,0,1,5,5,0,True,False,x,,x,,x,,5,C,x,,x,
---4-1,x.0.x.6.0.3,5,1,1,4,2,2,2,3,6,3,True,False,x,,0,A,x,,6,C#,0,B,3,G
---4-1,x.x.x.6.0.3,4,1,2,3,3,1,2,3,6,3,True,False,x,,x,,x,,6,C#,0,B,3,G
---42-,0.x.x.4.3.0,6,1,1,4,2,2,2,3,4,1,True,False,0,E,x,,x,,4,B,3,D,0,E
---431,x.x.x.9.8.6,3,1,1,3,3,0,3,6,9,3,True,False,x,,x,,x,,9,E,8,G,6,A#
--1---,x.x.7.x.x.x,1,1,1,1,5,0,1,7,7,0,True,False,x,,x,,7,A,x,,x,,x,
--1-2-,0.0.2.0.2.0,2,2,1,6,0,4,2,2,2,0,True,False,0,E,0,A,2,E,0,G,2,C#,0,E
--1-4-,x.0.10.0.12.0,2,1,1,5,1,3,2,10,12,2,True,True,x,,0,A,10,C,0,G,12,B,0,E
--1-4-,x.x.5.x.8.x,1,1,2,2,4,0,2,5,8,3,True,False,x,,x,,5,G,x,,8,G,x,
--1-4-,x.x.7.x.10.x,1,1,3,2,4,0,2,7,10,3,True,False,x,,x,,7,A,x,,10,A,x,
--1-4-,x.x.9.x.12.x,1,1,4,2,4,0,2,9,12,3,True,False,x,,x,,9,B,x,,12,B,x,
--1-4-,x.x.12.x.15.x,1,1,5,2,4,0,2,12,15,3,True,False,x,,x,,12,D,x,,15,D,x,
--11--,x.x.4.4.x.x,1,1,1,2,4,0,2,4,4,0,True,False,x,,x,,4,F#,4,B,x,,x,
--1111,x.0.2.2.2.2,38,9,1,5,1,1,4,2,2,0,True,False,x,,0,A,2,E,2,A,2,C#,2,F#
--1111,x.x.2.2.2.2,9,2,2,4,2,0,4,2,2,0,True,False,x,,x,,2,E,2,A,2,C#,2,F#
--1111,0.0.2.2.2.2,3,1,3,6,0,2,4,2,2,0,True,False,0,E,0,A,2,E,2,A,2,C#,2,F#
--1111,x.0.5.5.5.5,2,1,4,5,1,1,4,5,5,0,True,False,x,,0,A,5,G,5,C,5,E,5,A
--1111,x.0.9.9.9.9,2,1,5,5,1,1,4,9,9,0,True,True,x,,0,A,9,B,9,E,9,G#,9,C#
--1111,x.x.6.6.6.6,1,1,6,4,2,0,4,6,6,0,True,False,x,,x,,6,G#,6,C#,6,F,6,A#
--1113,0.0.2.2.2.3,2,2,1,6,0,2,4,2,3,1,True,False,0,E,0,A,2,E,2,A,2,C#,3,G
--1113,x.0.2.2.2.4,2,2,2,5,1,1,4,2,4,2,True,False,x,,0,A,2,E,2,A,2,C#,4,G#
--1114,x.0.2.2.2.5,5,3,1,5,1,1,4,2,5,3,True,False,x,,0,A,2,E,2,A,2,C#,5,A
--1131,0.0.2.2.3.2,2,2,1,6,0,2,4,2,3,1,True,False,0,E,0,A,2,E,2,A,3,D,2,F#
--1131,0.0.4.4.5.4,2,2,2,6,0,2,4,4,5,1,True,False,0,E,0,A,4,F#,4,B,5,E,4,G#
--1141,0.0.2.2.5.2,2,1,1,6,0,2,4,2,5,3,True,False,0,E,0,A,2,E,2,A,5,E,2,F#
--1141,x.0.2.2.5.2,2,1,2,5,1,1,4,2,5,3,True,False,x,,0,A,2,E,2,A,5,E,2,F#
--1141,x.x.1.1.4.1,1,1,3,4,2,0,4,1,4,3,True,False,x,,x,,1,D#,1,G#,4,D#,1,F
--1144,x.0.2.2.5.5,4,3,1,5,1,1,4,2,5,3,True,False,x,,0,A,2,E,2,A,5,E,5,A
--1144,0.0.2.2.3.3,2,1,2,6,0,2,4,2,3,1,True,False,0,E,0,A,2,E,2,A,3,D,3,G
--12--,x.0.5.6.0.0,1,1,1,5,1,3,2,5,6,1,True,False,x,,0,A,5,G,6,C#,0,B,0,E
--12--,x.x.9.10.0.0,1,1,2,4,2,2,2,9,10,1,True,True,x,,x,,9,B,10,F,0,B,0,E
--1211,x.0.5.6.5.5,10,2,1,5,1,1,4,5,6,1,True,False,x,,0,A,5,G,6,C#,5,E,5,A
--1211,x.x.5.6.5.5,2,1,2,4,2,0,4,5,6,1,True,False,x,,x,,5,G,6,C#,5,E,5,A
--1211,x.x.6.7.6.6,1,1,3,4,2,0,4,6,7,1,True,False,x,,x,,6,G#,7,D,6,F,6,A#
--1214,x.x.6.7.6.8,1,1,1,4,2,0,4,6,8,2,True,False,x,,x,,6,G#,7,D,6,F,8,C
--123-,x.0.5.6.7.0,2,1,1,5,1,2,3,5,7,2,True,False,x,,0,A,5,G,6,C#,7,F#,0,E
--124-,x.x.11.12.14.x,2,1,1,3,3,0,3,11,14,3,True,False,x,,x,,11,C#,12,G,14,C#,x,
--1241,x.0.5.6.8.5,4,1,1,5,1,1,4,5,8,3,True,False,x,,0,A,5,G,6,C#,8,G,5,A
--1241,x.0.5.6.5.5,3,1,2,5,1,1,4,5,6,1,True,False,x,,0,A,5,G,6,C#,5,E,5,A
--1244,x.0.5.6.5.7,3,1,1,5,1,1,4,5,7,2,True,False,x,,0,A,5,G,6,C#,5,E,7,B
--13--,0.x.6.7.0.0,4,1,1,5,1,3,2,6,7,1,True,True,0,E,x,,6,G#,7,D,0,B,0,E
--13--,x.x.6.7.x.x,4,1,2,2,4,0,2,6,7,1,True,False,x,,x,,6,G#,7,D,x,,x,
--13--,x.0.10.11.0.0,4,1,3,5,1,3,2,10,11,1,True,True,x,,0,A,10,C,11,F#,0,B,0,E
--13--,0.x.5.6.0.0,3,1,4,5,1,3,2,5,6,1,True,False,0,E,x,,5,G,6,C#,0,B,0,E
--13--,x.x.7.8.0.0,3,1,5,4,2,2,2,7,8,1,True,True,x,,x,,7,A,8,D#,0,B,0,E
--13--,x.x.7.8.0.x,2,1,6,3,3,1,2,7,8,1,True,True,x,,x,,7,A,8,D#,0,B,x,
--13--,x.x.4.5.0.x,1,1,7,3,3,1,2,4,5,1,True,False,x,,x,,4,F#,5,C,0,B,x,
--13--,x.x.6.7.0.0,1,1,8,4,2,2,2,6,7,1,True,True,x,,x,,6,G#,7,D,0,B,0,E
--13--,0.x.2.4.0.x,1,1,9,4,2,2,2,2,4,2,True,False,0,E,x,,2,E,4,B,0,B,x,
--13--,x.0.5.7.0.0,1,1,10,5,1,3,2,5,7,2,True,False,x,,0,A,5,G,7,D,0,B,0,E
--13-4,0.x.1.2.0.2,4,1,1,5,1,2,3,1,2,1,True,False,0,E,x,,1,D#,2,A,0,B,2,F#
--13-4,0.x.2.4.0.4,2,1,2,5,1,2,3,2,4,2,True,False,0,E,x,,2,E,4,B,0,B,4,G#
--13-4,x.x.5.7.0.7,2,1,3,4,2,1,3,5,7,2,True,False,x,,x,,5,G,7,D,0,B,7,B
--1311,x.x.7.8.7.7,1,1,1,4,2,0,4,7,8,1,True,False,x,,x,,7,A,8,D#,7,F#,7,B
--1311,x.x.9.10.9.9,1,1,2,4,2,0,4,9,10,1,True,False,x,,x,,9,B,10,F,9,G#,9,C#
--1314,0.0.5.7.5.7,2,1,1,6,0,2,4,5,7,2,True,False,0,E,0,A,5,G,7,D,5,E,7,B
--132,x.x.0.1.2.1,3,1,1,4,2,1,3,1,2,1,True,False,x,,x,,0,D,1,G#,2,C#,1,F
--132,x.x.0.2.3.2,1,1,2,4,2,1,3,2,3,1,True,False,x,,x,,0,D,2,A,3,D,2,F#
--132-,x.x.5.6.5.0,9,1,1,4,2,1,3,5,6,1,True,False,x,,x,,5,G,6,C#,5,E,0,E
--132-,x.x.7.8.7.0,9,1,2,4,2,1,3,7,8,1,True,True,x,,x,,7,A,8,D#,7,F#,0,E
--132-,x.x.2.3.2.0,6,1,3,4,2,1,3,2,3,1,True,False,x,,x,,2,E,3,A#,2,C#,0,E
--132-,x.x.7.8.7.x,5,2,4,3,3,0,3,7,8,1,True,False,x,,x,,7,A,8,D#,7,F#,x,
--132-,x.0.10.11.10.0,5,1,5,5,1,2,3,10,11,1,True,True,x,,0,A,10,C,11,F#,10,A,0,E
--132-,x.0.5.6.5.0,4,2,6,5,1,2,3,5,6,1,True,False,x,,0,A,5,G,6,C#,5,E,0,E
--132-,x.x.4.5.4.x,2,1,7,3,3,0,3,4,5,1,True,False,x,,x,,4,F#,5,C,4,D#,x,
--132-,x.x.8.9.8.0,2,2,8,4,2,1,3,8,9,1,True,True,x,,x,,8,A#,9,E,8,G,0,E
--132-,x.0.11.12.11.0,2,1,9,5,1,2,3,11,12,1,True,True,x,,0,A,11,C#,12,G,11,A#,0,E
--132-,0.0.1.2.1.0,1,1,10,6,0,3,3,1,2,1,True,False,0,E,0,A,1,D#,2,A,1,C,0,E
--132-,x.x.6.7.6.0,1,1,11,4,2,1,3,6,7,1,True,True,x,,x,,6,G#,7,D,6,F,0,E
--132-,x.x.6.7.6.x,1,1,12,3,3,0,3,6,7,1,True,False,x,,x,,6,G#,7,D,6,F,x,
--1321,0.0.4.6.5.4,2,2,1,6,0,2,4,4,6,2,True,False,0,E,0,A,4,F#,6,C#,5,E,4,G#
--1321,0.0.6.8.7.6,2,2,2,6,0,2,4,6,8,2,True,True,0,E,0,A,6,G#,8,D#,7,F#,6,A#
--1321,x.0.2.4.3.2,1,1,3,5,1,1,4,2,4,2,True,False,x,,0,A,2,E,4,B,3,D,2,F#
--1324,0.0.1.2.1.2,3,2,1,6,0,2,4,1,2,1,True,False,0,E,0,A,1,D#,2,A,1,C,2,F#
--1324,x.x.4.5.4.5,2,2,2,4,2,0,4,4,5,1,True,False,x,,x,,4,F#,5,C,4,D#,5,A
--1324,0.0.6.7.6.7,2,1,3,6,0,2,4,6,7,1,True,True,0,E,0,A,6,G#,7,D,6,F,7,B
--1324,x.x.6.7.6.7,2,1,4,4,2,0,4,6,7,1,True,False,x,,x,,6,G#,7,D,6,F,7,B
--1324,0.0.8.9.8.9,2,1,5,6,0,2,4,8,9,1,True,True,0,E,0,A,8,A#,9,E,8,G,9,C#
--1324,x.x.8.9.8.9,2,2,6,4,2,0,4,8,9,1,True,False,x,,x,,8,A#,9,E,8,G,9,C#
--1324,x.x.9.10.9.10,2,2,7,4,2,0,4,9,10,1,True,False,x,,x,,9,B,10,F,9,G#,10,D
--1324,0.0.11.12.11.12,2,1,8,6,0,2,4,11,12,1,True,True,0,E,0,A,11,C#,12,G,11,A#,12,E
--1324,x.0.11.12.11.12,2,1,9,5,1,1,4,11,12,1,True,True,x,,0,A,11,C#,12,G,11,A#,12,E
--1324,0.0.14.15.14.15,2,1,10,6,0,2,4,14,15,1,True,True,0,E,0,A,14,E,15,A#,14,C#,15,G
--1324,x.x.2.3.2.3,1,1,11,4,2,0,4,2,3,1,True,False,x,,x,,2,E,3,A#,2,C#,3,G
--1324,x.0.4.5.4.5,1,1,12,5,1,1,4,4,5,1,True,False,x,,0,A,4,F#,5,C,4,D#,5,A
--1324,0.0.7.8.7.8,1,1,13,6,0,2,4,7,8,1,True,True,0,E,0,A,7,A,8,D#,7,F#,8,C
--1324,x.x.7.8.7.8,1,1,14,4,2,0,4,7,8,1,True,False,x,,x,,7,A,8,D#,7,F#,8,C
--1324,0.0.9.10.9.10,1,1,15,6,0,2,4,9,10,1,True,True,0,E,0,A,9,B,10,F,9,G#,10,D
--1324,0.0.2.4.3.4,1,1,16,6,0,2,4,2,4,2,True,False,0,E,0,A,2,E,4,B,3,D,4,G#
--1324,x.0.4.6.5.6,1,1,17,5,1,1,4,4,6,2,True,False,x,,0,A,4,F#,6,C#,5,E,6,A#
--1324,x.x.7.8.7.9,1,1,18,4,2,0,4,7,9,2,True,False,x,,x,,7,A,8,D#,7,F#,9,C#
--1324,0.0.2.4.3.5,1,1,19,6,0,2,4,2,5,3,True,False,0,E,0,A,2,E,4,B,3,D,5,A
--1324,x.x.2.3.2.5,1,1,20,4,2,0,4,2,5,3,True,False,x,,x,,2,E,3,A#,2,C#,5,A
--1324,x.x.4.5.4.7,1,1,21,4,2,0,4,4,7,3,True,False,x,,x,,4,F#,5,C,4,D#,7,B
--1324,0.0.6.7.6.9,1,1,22,6,0,2,4,6,9,3,True,True,0,E,0,A,6,G#,7,D,6,F,9,C#
--1324,x.x.6.7.6.9,1,1,23,4,2,0,4,6,9,3,True,False,x,,x,,6,G#,7,D,6,F,9,C#
--1333,0.x.6.7.7.7,5,1,1,5,1,1,4,6,7,1,True,True,0,E,x,,6,G#,7,D,7,F#,7,B
--1333,x.x.4.5.5.5,4,1,2,4,2,0,4,4,5,1,True,False,x,,x,,4,F#,5,C,5,E,5,A
--1333,0.0.4.5.5.5,2,2,3,6,0,2,4,4,5,1,True,False,0,E,0,A,4,F#,5,C,5,E,5,A
--1333,x.x.1.2.2.2,1,1,4,4,2,0,4,1,2,1,True,False,x,,x,,1,D#,2,A,2,C#,2,F#
--1333,0.0.2.3.3.3,1,1,5,6,0,2,4,2,3,1,True,False,0,E,0,A,2,E,3,A#,3,D,3,G
--134-,x.0.7.9.10.x,10,1,1,4,2,1,3,7,10,3,True,True,x,,0,A,7,A,9,E,10,A,x,
--134-,x.0.5.7.8.x,7,1,2,4,2,1,3,5,8,3,True,False,x,,0,A,5,G,7,D,8,G,x,
--134-,0.x.2.4.5.0,2,1,3,5,1,2,3,2,5,3,True,False,0,E,x,,2,E,4,B,5,E,0,E
--134-,x.0.5.7.8.0,2,1,4,5,1,2,3,5,8,3,True,False,x,,0,A,5,G,7,D,8,G,0,E
--134-,x.0.10.12.12.0,1,1,5,5,1,2,3,10,12,2,True,True,x,,0,A,10,C,12,G,12,B,0,E
--134-,0.x.2.4.5.x,1,1,6,4,2,1,3,2,5,3,True,False,0,E,x,,2,E,4,B,5,E,x,
--134-,x.0.10.12.13.0,1,1,7,5,1,2,3,10,13,3,True,True,x,,0,A,10,C,12,G,13,C,0,E
--1341,x.0.2.4.4.2,4,1,1,5,1,1,4,2,4,2,True,False,x,,0,A,2,E,4,B,4,D#,2,F#
--13421,4.4.6.6.5.4,1,1,1,6,0,0,6,4,6,2,True,False,4,G#,4,C#,6,G#,6,C#,5,E,4,G#
--14--,x.0.5.7.0.0,3,1,1,5,1,3,2,5,7,2,True,False,x,,0,A,5,G,7,D,0,B,0,E
--14--,x.x.6.7.x.x,1,1,2,2,4,0,2,6,7,1,True,False,x,,x,,6,G#,7,D,x,,x,
--1411,x.0.2.4.2.2,2,1,1,5,1,1,4,2,4,2,True,False,x,,0,A,2,E,4,B,2,C#,2,F#
--1411,x.x.5.7.5.5,1,1,2,4,2,0,4,5,7,2,True,False,x,,x,,5,G,7,D,5,E,5,A
--142-,x.0.2.4.2.0,5,2,1,5,1,2,3,2,4,2,True,False,x,,0,A,2,E,4,B,2,C#,0,E
--142-,x.0.4.6.4.0,1,1,2,5,1,2,3,4,6,2,True,False,x,,0,A,4,F#,6,C#,4,D#,0,E
--1444,x.0.2.4.4.4,1,1,1,5,1,1,4,2,4,2,True,False,x,,0,A,2,E,4,B,4,D#,4,G#
--2---,x.x.2.x.x.x,6,1,1,1,5,0,1,2,2,0,True,False,x,,x,,2,E,x,,x,,x,
--2---,x.0.2.0.0.0,1,1,2,5,1,4,1,2,2,0,True,False,x,,0,A,2,E,0,G,0,B,0,E
--2---,x.x.2.0.x.x,1,1,3,2,4,1,1,2,2,0,True,False,x,,x,,2,E,0,G,x,,x,
--2---,x.x.6.x.x.x,1,1,4,1,5,0,1,6,6,0,True,False,x,,x,,6,G#,x,,x,,x,
--2--3,x.0.2.0.0.2,1,1,1,5,1,3,2,2,2,0,True,False,x,,0,A,2,E,0,G,0,B,2,F#
--2--4,x.0.2.0.0.3,1,1,1,5,1,3,2,2,3,1,True,False,x,,0,A,2,E,0,G,0,B,3,G
--2-1-,x.0.2.0.1.0,18,3,1,5,1,3,2,1,2,1,True,False,x,,0,A,2,E,0,G,1,C,0,E
--2-1-,x.0.4.0.3.0,11,2,2,5,1,3,2,3,4,1,True,False,x,,0,A,4,F#,0,G,3,D,0,E
--2-1-,0.0.2.0.1.0,6,2,3,6,0,4,2,1,2,1,True,False,0,E,0,A,2,E,0,G,1,C,0,E
--2-1-,x.0.4.0.3.x,6,1,4,4,2,2,2,3,4,1,True,False,x,,0,A,4,F#,0,G,3,D,x,
--2-1-,0.0.2.0.2.0,2,2,5,6,0,4,2,2,2,0,True,False,0,E,0,A,2,E,0,G,2,C#,0,E
--2-1-,x.0.11.0.10.0,2,1,6,5,1,3,2,10,11,1,True,True,x,,0,A,11,C#,0,G,10,A,0,E
--2-1-,x.x.10.0.8.0,2,1,7,4,2,2,2,8,10,2,True,True,x,,x,,10,C,0,G,8,G,0,E
--2-1-,x.x.2.x.1.x,1,1,8,2,4,0,2,1,2,1,True,False,x,,x,,2,E,x,,1,C,x,
--2-1-4,x.0.2.0.1.3,12,1,1,5,1,2,3,1,3,2,True,False,x,,0,A,2,E,0,G,1,C,3,G
--2-14,x.0.4.0.3.5,2,1,1,5,1,2,3,3,5,2,True,False,x,,0,A,4,F#,0,G,3,D,5,A
--2-34,x.0.2.0.2.3,9,1,1,5,1,2,3,2,3,1,True,False,x,,0,A,2,E,0,G,2,C#,3,G
--21--,x.0.7.6.0.0,19,2,1,5,1,3,2,6,7,1,True,True,x,,0,A,7,A,6,C#,0,B,0,E
--21--,0.x.2.1.0.0,6,1,2,5,1,3,2,1,2,1,True,False,0,E,x,,2,E,1,G#,0,B,0,E
--21--,0.0.2.1.0.0,3,1,3,6,0,4,2,1,2,1,True,False,0,E,0,A,2,E,1,G#,0,B,0,E
--21--,x.x.7.6.0.0,2,1,4,4,2,2,2,6,7,1,True,True,x,,x,,7,A,6,C#,0,B,0,E
--21--,x.x.7.6.x.x,2,1,5,2,4,0,2,6,7,1,True,False,x,,x,,7,A,6,C#,x,,x,
--21--,x.x.12.11.0.x,2,1,6,3,3,1,2,11,12,1,True,True,x,,x,,12,D,11,F#,0,B,x,
--213-,x.0.7.6.8.0,23,3,1,5,1,2,3,6,8,2,True,True,x,,0,A,7,A,6,C#,8,G,0,E
--213-,x.0.5.4.5.0,4,1,2,5,1,2,3,4,5,1,True,False,x,,0,A,5,G,4,B,5,E,0,E
--213-,x.0.7.6.8.x,3,1,3,4,2,1,3,6,8,2,True,True,x,,0,A,7,A,6,C#,8,G,x,
--213-,0.0.2.1.2.0,1,1,4,6,0,3,3,1,2,1,True,False,0,E,0,A,2,E,1,G#,2,C#,0,E
--213-,x.0.2.1.2.x,1,1,5,4,2,1,3,1,2,1,True,False,x,,0,A,2,E,1,G#,2,C#,x,
--213-,x.x.7.6.7.0,1,1,6,4,2,1,3,6,7,1,True,True,x,,x,,7,A,6,C#,7,F#,0,E
--213-,0.0.12.11.12.0,1,1,7,6,0,3,3,11,12,1,True,True,0,E,0,A,12,D,11,F#,12,B,0,E
--2131,4.4.6.4.5.4,1,1,1,6,0,0,6,4,6,2,True,False,4,G#,4,C#,6,G#,4,B,5,E,4,G#
--2134,x.0.10.9.10.12,2,1,1,5,1,1,4,9,12,3,True,True,x,,0,A,10,C,9,E,10,A,12,E
--2134,x.0.7.6.7.7,1,1,2,5,1,1,4,6,7,1,True,True,x,,0,A,7,A,6,C#,7,F#,7,B
--2134,0.0.12.11.12.12,1,1,3,6,0,2,4,11,12,1,True,True,0,E,0,A,12,D,11,F#,12,B,12,E
--2134,x.x.8.7.8.10,1,1,4,4,2,0,4,7,10,3,True,False,x,,x,,8,A#,7,D,8,G,10,D
--214-,x.x.7.6.8.0,2,1,1,4,2,1,3,6,8,2,True,True,x,,x,,7,A,6,C#,8,G,0,E
--214-,0.0.2.1.3.0,1,1,2,6,0,3,3,1,3,2,True,False,0,E,0,A,2,E,1,G#,3,D,0,E
--2144,x.x.2.1.3.3,2,1,1,4,2,0,4,1,3,2,True,False,x,,x,,2,E,1,G#,3,D,3,G
--23--,x.x.10.11.x.x,3,1,1,2,4,0,2,10,11,1,True,False,x,,x,,10,C,11,F#,x,,x,
--23---,x.7.8.0.x.x,1,1,1,3,3,1,2,7,8,1,True,True,x,,7,E,8,A#,0,G,x,,x,
--23-4,x.x.4.4.0.4,4,1,1,4,2,1,3,4,4,0,True,False,x,,x,,4,F#,4,B,0,B,4,G#
--231-,x.0.2.2.1.0,5,2,1,5,1,2,3,1,2,1,True,False,x,,0,A,2,E,2,A,1,C,0,E
--231-,x.0.11.12.10.0,4,1,2,5,1,2,3,10,12,2,True,True,x,,0,A,11,C#,12,G,10,A,0,E
--231-,x.x.11.12.10.0,1,1,3,4,2,1,3,10,12,2,True,True,x,,x,,11,C#,12,G,10,A,0,E
--231-,x.x.11.12.10.x,1,1,4,3,3,0,3,10,12,2,True,False,x,,x,,11,C#,12,G,10,A,x,
--2314,x.0.11.12.10.12,8,2,1,5,1,1,4,10,12,2,True,True,x,,0,A,11,C#,12,G,10,A,12,E
--2314,0.x.6.7.5.7,2,1,2,5,1,1,4,5,7,2,True,False,0,E,x,,6,G#,7,D,5,E,7,B
--2314,0.0.8.9.7.9,2,1,3,6,0,2,4,7,9,2,True,True,0,E,0,A,8,A#,9,E,7,F#,9,C#
--2314,x.x.9.10.8.10,2,1,4,4,2,0,4,8,10,2,True,False,x,,x,,9,B,10,F,8,G,10,D
--2314,0.0.8.9.7.10,2,1,5,6,0,2,4,7,10,3,True,True,0,E,0,A,8,A#,9,E,7,F#,10,D
--2314,x.0.10.11.8.12,2,1,6,5,1,1,4,8,12,4,True,True,x,,0,A,10,C,11,F#,8,G,12,E
--2314,x.x.6.7.5.7,1,1,7,4,2,0,4,5,7,2,True,False,x,,x,,6,G#,7,D,5,E,7,B
--2314,x.x.8.9.7.9,1,1,8,4,2,0,4,7,9,2,True,False,x,,x,,8,A#,9,E,7,F#,9,C#
--2314,x.x.8.9.7.10,1,1,9,4,2,0,4,7,10,3,True,False,x,,x,,8,A#,9,E,7,F#,10,D
--232-,4.4.6.6.5.4,1,1,1,6,0,0,6,4,6,2,True,False,4,G#,4,C#,6,G#,6,C#,5,E,4,G#
--2333,x.x.11.12.12.12,3,1,1,4,2,0,4,11,12,1,True,False,x,,x,,11,C#,12,G,12,B,12,E
--234-,x.0.2.2.2.0,9,3,1,5,1,2,3,2,2,0,True,False,x,,0,A,2,E,2,A,2,C#,0,E
--234-,x.0.4.4.4.0,7,2,2,5,1,2,3,4,4,0,True,False,x,,0,A,4,F#,4,B,4,D#,0,E
--234-,0.0.2.2.2.0,6,4,3,6,0,3,3,2,2,0,True,False,0,E,0,A,2,E,2,A,2,C#,0,E
--234-,x.0.11.12.12.x,3,1,4,4,2,1,3,11,12,1,True,True,x,,0,A,11,C#,12,G,12,B,x,
--234-,x.0.2.2.2.x,2,1,5,4,2,1,3,2,2,0,True,False,x,,0,A,2,E,2,A,2,C#,x,
--234-,0.0.4.4.3.0,2,1,6,6,0,3,3,3,4,1,True,False,0,E,0,A,4,F#,4,B,3,D,0,E
--234-,x.0.2.2.3.0,1,1,7,5,1,2,3,2,3,1,True,False,x,,0,A,2,E,2,A,3,D,0,E
--234-,x.0.7.8.8.0,1,1,8,5,1,2,3,7,8,1,True,True,x,,0,A,7,A,8,D#,8,G,0,E
--234-,x.x.7.7.8.x,1,1,9,3,3,0,3,7,8,1,True,False,x,,x,,7,A,7,D,8,G,x,
--2341,0.0.5.4.5.3,6,1,1,6,0,2,4,3,5,2,True,False,0,E,0,A,5,G,4,B,5,E,3,G
--2341,x.0.4.4.4.2,5,2,2,5,1,1,4,2,4,2,True,False,x,,0,A,4,F#,4,B,4,D#,2,F#
--2341,0.0.7.6.7.5,3,1,3,6,0,2,4,5,7,2,True,False,0,E,0,A,7,A,6,C#,7,F#,5,A
--2341,7.7.8.9.9.7,2,1,4,6,0,0,6,7,9,2,True,False,7,B,7,E,8,A#,9,E,9,G#,7,B
--3---,x.x.9.x.0.x,6,1,1,2,4,1,1,9,9,0,True,True,x,,x,,9,B,x,,0,B,x,
--3---,x.x.6.x.0.x,3,1,2,2,4,1,1,6,6,0,True,True,x,,x,,6,G#,x,,0,B,x,
--3---,x.x.4.x.x.x,2,1,3,1,5,0,1,4,4,0,True,False,x,,x,,4,F#,x,,x,,x,
--3---,x.x.7.0.0.x,1,1,4,3,3,2,1,7,7,0,True,True,x,,x,,7,A,0,G,0,B,x,
--3---,x.x.7.x.x.x,1,1,5,1,5,0,1,7,7,0,True,False,x,,x,,7,A,x,,x,,x,
--3---,x.x.9.x.x.x,1,1,6,1,5,0,1,9,9,0,True,False,x,,x,,9,B,x,,x,,x,
--3---,x.0.10.0.0.0,1,1,7,5,1,4,1,10,10,0,True,True,x,,0,A,10,C,0,G,0,B,0,E
--3--1,0.0.5.0.0.3,2,2,1,6,0,4,2,3,5,2,True,False,0,E,0,A,5,G,0,G,0,B,3,G
--3-1-,0.0.4.0.2.0,4,2,1,6,0,4,2,2,4,2,True,False,0,E,0,A,4,F#,0,G,2,C#,0,E
--3-1-,0.0.5.0.3.0,2,2,2,6,0,4,2,3,5,2,True,False,0,E,0,A,5,G,0,G,3,D,0,E
--3-1-,x.0.10.0.8.0,2,1,3,5,1,3,2,8,10,2,True,True,x,,0,A,10,C,0,G,8,G,0,E
--3-1-,x.0.12.0.10.0,1,1,4,5,1,3,2,10,12,2,True,True,x,,0,A,12,D,0,G,10,A,0,E
--3-12-,x.x.9.7.8.0,6,1,1,4,2,1,3,7,9,2,True,True,x,,x,,9,B,7,D,8,G,0,E
--3-2-,x.0.11.0.10.0,5,2,1,5,1,3,2,10,11,1,True,True,x,,0,A,11,C#,0,G,10,A,0,E
--3-2-,0.x.4.0.3.x,1,1,2,4,2,2,2,3,4,1,True,False,0,E,x,,4,F#,0,G,3,D,x,
--3-21,0.0.4.0.3.2,2,2,1,6,0,3,3,2,4,2,True,False,0,E,0,A,4,F#,0,G,3,D,2,F#
--3-21,0.0.6.0.5.4,2,2,2,6,0,3,3,4,6,2,True,False,0,E,0,A,6,G#,0,G,5,E,4,G#
--3-24,x.0.12.0.10.12,2,1,1,5,1,2,3,10,12,2,True,True,x,,0,A,12,D,0,G,10,A,12,E
--3-4-,x.0.10.0.10.0,4,1,1,5,1,3,2,10,10,0,True,True,x,,0,A,10,C,0,G,10,A,0,E
--3-41,0.0.4.0.4.2,2,2,1,6,0,3,3,2,4,2,True,False,0,E,0,A,4,F#,0,G,4,D#,2,F#
--3-41,0.0.5.0.5.3,2,2,2,6,0,3,3,3,5,2,True,False,0,E,0,A,5,G,0,G,5,E,3,G
--3-41,0.0.7.0.7.5,2,2,3,6,0,3,3,5,7,2,True,False,0,E,0,A,7,A,0,G,7,F#,5,A
--3-41,x.0.4.x.4.2,1,1,4,4,2,1,3,2,4,2,True,False,x,,0,A,4,F#,x,,4,D#,2,F#
--31--,0.x.4.2.0.0,6,1,1,5,1,3,2,2,4,2,True,False,0,E,x,,4,F#,2,A,0,B,0,E
--31--,0.x.6.4.0.0,3,1,2,5,1,3,2,4,6,2,True,False,0,E,x,,6,G#,4,B,0,B,0,E
--31--,0.x.6.4.x.0,3,1,3,4,2,2,2,4,6,2,True,False,0,E,x,,6,G#,4,B,x,,0,E
--31--,x.x.6.4.x.0,2,1,4,3,3,1,2,4,6,2,True,False,x,,x,,6,G#,4,B,x,,0,E
--31--,0.x.5.6.0.0,1,1,5,5,1,3,2,5,6,1,True,False,0,E,x,,5,G,6,C#,0,B,0,E
--31--,x.0.4.2.0.x,1,1,6,4,2,2,2,2,4,2,True,False,x,,0,A,4,F#,2,A,0,B,x,
--31--,x.x.4.2.x.x,1,1,7,2,4,0,2,2,4,2,True,False,x,,x,,4,F#,2,A,x,,x,
--31--,x.x.6.4.x.x,1,1,8,2,4,0,2,4,6,2,True,False,x,,x,,6,G#,4,B,x,,x,
--31--,x.x.9.7.x.0,1,1,9,3,3,1,2,7,9,2,True,True,x,,x,,9,B,7,D,x,,0,E
--31--,x.x.11.9.0.0,1,1,10,4,2,2,2,9,11,2,True,True,x,,x,,11,C#,9,E,0,B,0,E
--31-4,x.0.11.9.0.12,2,1,1,5,1,2,3,9,12,3,True,True,x,,0,A,11,C#,9,E,0,B,12,E
--311-,x.0.7.5.5.x,1,1,1,4,2,1,3,5,7,2,True,False,x,,0,A,7,A,5,C,5,E,x,
--311-,x.x.7.5.5.x,1,1,2,3,3,0,3,5,7,2,True,False,x,,x,,7,A,5,C,5,E,x,
--311--,0.4.2.2.x.x,9,1,1,4,2,1,3,2,4,2,True,False,0,E,4,C#,2,E,2,A,x,,x,
--3111,x.x.5.3.3.3,2,1,1,4,2,0,4,3,5,2,True,False,x,,x,,5,G,3,A#,3,D,3,G
--312-,x.x.9.7.8.0,9,1,1,4,2,1,3,7,9,2,True,True,x,,x,,9,B,7,D,8,G,0,E
--312-,x.x.11.9.10.0,9,1,2,4,2,1,3,9,11,2,True,True,x,,x,,11,C#,9,E,10,A,0,E
--312-,0.x.4.2.3.x,6,1,3,4,2,1,3,2,4,2,True,False,0,E,x,,4,F#,2,A,3,D,x,
--312-,0.x.6.4.5.x,6,1,4,4,2,1,3,4,6,2,True,False,0,E,x,,6,G#,4,B,5,E,x,
--312-,0.x.6.4.5.0,5,2,5,5,1,2,3,4,6,2,True,False,0,E,x,,6,G#,4,B,5,E,0,E
--312-,x.0.4.2.3.0,4,2,6,5,1,2,3,2,4,2,True,False,x,,0,A,4,F#,2,A,3,D,0,E
--312-,0.x.11.9.10.0,4,1,7,5,1,2,3,9,11,2,True,True,0,E,x,,11,C#,9,E,10,A,0,E
--312-,0.x.9.7.8.0,3,1,8,5,1,2,3,7,9,2,True,True,0,E,x,,9,B,7,D,8,G,0,E
--312-,0.x.9.7.8.x,3,1,9,4,2,1,3,7,9,2,True,True,0,E,x,,9,B,7,D,8,G,x,
--312-,0.x.11.9.10.x,3,1,10,4,2,1,3,9,11,2,True,True,0,E,x,,11,C#,9,E,10,A,x,
--312-,0.0.4.2.3.0,2,1,11,6,0,3,3,2,4,2,True,False,0,E,0,A,4,F#,2,A,3,D,0,E
--312-,x.0.11.9.10.0,2,1,12,5,1,2,3,9,11,2,True,True,x,,0,A,11,C#,9,E,10,A,0,E
--312-,x.x.6.4.5.x,1,1,13,3,3,0,3,4,6,2,True,False,x,,x,,6,G#,4,B,5,E,x,
--312-,x.0.11.9.10.x,1,1,14,4,2,1,3,9,11,2,True,True,x,,0,A,11,C#,9,E,10,A,x,
--3121,x.0.4.2.3.2,9,1,1,5,1,1,4,2,4,2,True,False,x,,0,A,4,F#,2,A,3,D,2,F#
--3124,x.0.11.9.10.12,5,3,1,5,1,1,4,9,12,3,True,True,x,,0,A,11,C#,9,E,10,A,12,E
--314-,x.x.9.7.9.0,7,2,1,4,2,1,3,7,9,2,True,True,x,,x,,9,B,7,D,9,G#,0,E
--314-,x.x.8.6.8.0,4,2,2,4,2,1,3,6,8,2,True,True,x,,x,,8,A#,6,C#,8,G,0,E
--314-,x.x.6.4.7.0,3,1,3,4,2,1,3,4,7,3,True,False,x,,x,,6,G#,4,B,7,F#,0,E
--314-,x.0.4.2.4.0,1,1,4,5,1,2,3,2,4,2,True,False,x,,0,A,4,F#,2,A,4,D#,0,E
--314-,x.0.4.2.4.x,1,1,5,4,2,1,3,2,4,2,True,False,x,,0,A,4,F#,2,A,4,D#,x,
--314-,x.x.7.5.7.0,1,1,6,4,2,1,3,5,7,2,True,False,x,,x,,7,A,5,C,7,F#,0,E
--32--,x.x.3.2.x.x,3,1,1,2,4,0,2,2,3,1,True,False,x,,x,,3,F,2,A,x,,x,
--32--,0.x.5.4.0.x,2,1,2,4,2,2,2,4,5,1,True,False,0,E,x,,5,G,4,B,0,B,x,
--32--,0.x.7.6.0.0,2,1,3,5,1,3,2,6,7,1,True,True,0,E,x,,7,A,6,C#,0,B,0,E
--32--,x.0.7.6.0.0,2,2,4,5,1,3,2,6,7,1,True,True,x,,0,A,7,A,6,C#,0,B,0,E
--32--,x.0.12.11.0.0,2,1,5,5,1,3,2,11,12,1,True,True,x,,0,A,12,D,11,F#,0,B,0,E
--32--,x.x.4.3.0.0,1,1,6,4,2,2,2,3,4,1,True,False,x,,x,,4,F#,3,A#,0,B,0,E
--32--,0.x.7.6.0.x,1,1,7,4,2,2,2,6,7,1,True,True,0,E,x,,7,A,6,C#,0,B,x,
--32--,x.x.10.9.0.x,1,1,8,3,3,1,2,9,10,1,True,True,x,,x,,10,C,9,E,0,B,x,
--32--,x.x.12.11.0.0,1,1,9,4,2,2,2,11,12,1,True,True,x,,x,,12,D,11,F#,0,B,0,E
--321-,x.0.10.9.8.0,9,2,1,5,1,2,3,8,10,2,True,True,x,,0,A,10,C,9,E,8,G,0,E
--321-,x.0.12.11.10.0,7,1,2,5,1,2,3,10,12,2,True,True,x,,0,A,12,D,11,F#,10,A,0,E
--321-,0.x.5.4.3.x,6,1,3,4,2,1,3,3,5,2,True,False,0,E,x,,5,G,4,B,3,D,x,
--321-,0.x.7.6.5.x,6,1,4,4,2,1,3,5,7,2,True,False,0,E,x,,7,A,6,C#,5,E,x,
--321-,x.x.10.9.8.x,6,3,5,3,3,0,3,8,10,2,True,False,x,,x,,10,C,9,E,8,G,x,
--321-,x.x.7.6.5.x,4,1,6,3,3,0,3,5,7,2,True,False,x,,x,,7,A,6,C#,5,E,x,
--321-,x.x.3.2.1.x,3,1,7,3,3,0,3,1,3,2,True,False,x,,x,,3,F,2,A,1,C,x,
--321-,x.x.4.3.2.x,3,1,8,3,3,0,3,2,4,2,True,False,x,,x,,4,F#,3,A#,2,C#,x,
--321-,0.0.7.6.5.0,3,1,9,6,0,3,3,5,7,2,True,False,0,E,0,A,7,A,6,C#,5,E,0,E
--321-,x.0.3.2.1.0,2,1,10,5,1,2,3,1,3,2,True,False,x,,0,A,3,F,2,A,1,C,0,E
--321-,x.0.5.4.3.0,2,1,11,5,1,2,3,3,5,2,True,False,x,,0,A,5,G,4,B,3,D,0,E
--321-,x.x.4.3.2.0,1,1,12,4,2,1,3,2,4,2,True,False,x,,x,,4,F#,3,A#,2,C#,0,E
--321-,x.0.7.6.5.0,1,1,13,5,1,2,3,5,7,2,True,False,x,,0,A,7,A,6,C#,5,E,0,E
--321-,x.x.10.9.8.0,1,1,14,4,2,1,3,8,10,2,True,True,x,,x,,10,C,9,E,8,G,0,E
--3211,x.0.7.6.5.5,2,1,1,5,1,1,4,5,7,2,True,False,x,,0,A,7,A,6,C#,5,E,5,A
--3211,x.0.12.11.10.10,2,1,2,5,1,1,4,10,12,2,True,True,x,,0,A,12,D,11,F#,10,A,10,D
--324-,0.0.7.6.7.0,3,1,1,6,0,3,3,6,7,1,True,True,0,E,0,A,7,A,6,C#,7,F#,0,E
--324-,0.x.9.8.9.0,2,1,2,5,1,2,3,8,9,1,True,True,0,E,x,,9,B,8,D#,9,G#,0,E
--324-,x.0.12.11.13.0,2,1,3,5,1,2,3,11,13,2,True,True,x,,0,A,12,D,11,F#,13,C,0,E
--324-,x.x.12.11.12.0,1,1,4,4,2,1,3,11,12,1,True,True,x,,x,,12,D,11,F#,12,B,0,E
--3241,0.x.9.8.9.7,2,1,1,5,1,1,4,7,9,2,True,True,0,E,x,,9,B,8,D#,9,G#,7,B
--3241,3.3.5.4.5.3,1,1,2,6,0,0,6,3,5,2,True,False,3,G,3,C,5,G,4,B,5,E,3,G
--3241,x.0.7.6.7.5,1,1,3,5,1,1,4,5,7,2,True,False,x,,0,A,7,A,6,C#,7,F#,5,A
--3241,x.x.9.8.9.7,1,1,4,4,2,0,4,7,9,2,True,False,x,,x,,9,B,8,D#,9,G#,7,B
--3241,x.x.12.11.12.10,1,1,5,4,2,0,4,10,12,2,True,False,x,,x,,12,D,11,F#,12,B,10,D
--3241,x.x.14.13.14.12,1,1,6,4,2,0,4,12,14,2,True,False,x,,x,,14,E,13,G#,14,C#,12,E
--333-,x.x.2.2.2.0,9,1,1,4,2,1,3,2,2,0,True,False,x,,x,,2,E,2,A,2,C#,0,E
--333-,x.x.7.7.7.x,2,1,2,3,3,0,3,7,7,0,True,False,x,,x,,7,A,7,D,7,F#,x,
--3333,x.x.12.12.12.12,10,2,1,4,2,0,4,12,12,0,True,False,x,,x,,12,D,12,G,12,B,12,E
--3333,x.0.7.7.7.7,6,1,2,5,1,1,4,7,7,0,True,True,x,,0,A,7,A,7,D,7,F#,7,B
--3333,0.x.9.9.9.9,5,1,3,5,1,1,4,9,9,0,True,True,0,E,x,,9,B,9,E,9,G#,9,C#
--3333,x.0.2.2.2.2,3,1,4,5,1,1,4,2,2,0,True,False,x,,0,A,2,E,2,A,2,C#,2,F#
--3333,0.x.7.7.7.7,3,1,5,5,1,1,4,7,7,0,True,True,0,E,x,,7,A,7,D,7,F#,7,B
--3333,0.x.12.12.12.12,3,1,6,5,1,1,4,12,12,0,True,True,0,E,x,,12,D,12,G,12,B,12,E
--3333,x.x.5.5.5.5,2,1,7,4,2,0,4,5,5,0,True,False,x,,x,,5,G,5,C,5,E,5,A
--3333,x.x.9.9.9.9,1,1,8,4,2,0,4,9,9,0,True,False,x,,x,,9,B,9,E,9,G#,9,C#
--34--,x.0.2.2.0.0,4,1,1,5,1,3,2,2,2,0,True,False,x,,0,A,2,E,2,A,0,B,0,E
--34--,x.0.4.4.0.0,4,1,2,5,1,3,2,4,4,0,True,False,x,,0,A,4,F#,4,B,0,B,0,E
--34--,0.x.6.6.x.0,3,1,3,4,2,2,2,6,6,0,True,True,0,E,x,,6,G#,6,C#,x,,0,E
--34--,0.x.6.6.x.x,3,1,4,3,3,1,2,6,6,0,True,True,0,E,x,,6,G#,6,C#,x,,x,
--34--,x.x.5.5.0.x,1,1,5,3,3,1,2,5,5,0,True,False,x,,x,,5,G,5,C,0,B,x,
--34--,x.x.6.6.0.0,1,1,6,4,2,2,2,6,6,0,True,True,x,,x,,6,G#,6,C#,0,B,0,E
--34-1,x.0.7.7.0.5,1,1,1,5,1,2,3,5,7,2,True,False,x,,0,A,7,A,7,D,0,B,5,A
--341-,x.x.4.4.2.0,2,1,1,4,2,1,3,2,4,2,True,False,x,,x,,4,F#,4,B,2,C#,0,E
--341-,x.x.5.5.3.x,2,1,2,3,3,0,3,3,5,2,True,False,x,,x,,5,G,5,C,3,D,x,
--341-,x.x.7.7.5.x,1,1,3,3,3,0,3,5,7,2,True,False,x,,x,,7,A,7,D,5,E,x,
--3411,x.0.4.4.2.2,2,1,1,5,1,1,4,2,4,2,True,False,x,,0,A,4,F#,4,B,2,C#,2,F#
--3411,x.0.7.7.5.5,2,1,2,5,1,1,4,5,7,2,True,False,x,,0,A,7,A,7,D,5,E,5,A
--3411,x.x.4.4.2.2,1,1,3,4,2,0,4,2,4,2,True,False,x,,x,,4,F#,4,B,2,C#,2,F#
--342-,x.x.6.6.5.0,2,1,1,4,2,1,3,5,6,1,True,False,x,,x,,6,G#,6,C#,5,E,0,E
--342-,x.x.7.7.6.0,2,1,2,4,2,1,3,6,7,1,True,True,x,,x,,7,A,7,D,6,F,0,E
--4---,x.x.5.x.x.x,5,1,1,1,5,0,1,5,5,0,True,False,x,,x,,5,G,x,,x,,x,
--4---,x.0.5.0.x.x,4,1,2,3,3,2,1,5,5,0,True,False,x,,0,A,5,G,0,G,x,,x,
--41--,x.x.5.2.x.x,1,1,1,2,4,0,2,2,5,3,True,False,x,,x,,5,G,2,A,x,,x,
--4111,x.0.5.2.2.2,4,1,1,5,1,1,4,2,5,3,True,False,x,,0,A,5,G,2,A,2,C#,2,F#
--4111,x.0.4.2.2.2,1,1,2,5,1,1,4,2,4,2,True,False,x,,0,A,4,F#,2,A,2,C#,2,F#
--421-,x.0.11.9.8.0,6,1,1,5,1,2,3,8,11,3,True,True,x,,0,A,11,C#,9,E,8,G,0,E
--4211,x.0.5.3.2.2,4,1,1,5,1,1,4,2,5,3,True,False,x,,0,A,5,G,3,A#,2,C#,2,F#
--431-,x.0.5.4.2.0,2,1,1,5,1,2,3,2,5,3,True,False,x,,0,A,5,G,4,B,2,C#,0,E
-1----,x.1.x.x.x.x,7,2,1,1,5,0,1,1,1,0,True,False,x,,1,A#,x,,x,,x,,x,
-1----,0.2.0.x.x.x,4,1,2,3,3,2,1,2,2,0,True,False,0,E,2,B,0,D,x,,x,,x,
-1----,x.2.0.x.x.x,1,1,3,2,4,1,1,2,2,0,True,False,x,,2,B,0,D,x,,x,,x,
-1---4,0.2.0.0.0.3,2,1,1,6,0,4,2,2,3,1,True,False,0,E,2,B,0,D,0,G,0,B,3,G
-1---4,0.3.0.0.0.7,2,1,2,6,0,4,2,3,7,4,True,False,0,E,3,C,0,D,0,G,0,B,7,B
-1--3-,0.2.0.0.3.0,1,1,1,6,0,4,2,2,3,1,True,False,0,E,2,B,0,D,0,G,3,D,0,E
-1--3-,x.2.0.0.3.0,1,1,2,5,1,3,2,2,3,1,True,False,x,,2,B,0,D,0,G,3,D,0,E
-1--32,0.2.0.0.3.2,2,1,1,6,0,3,3,2,3,1,True,False,0,E,2,B,0,D,0,G,3,D,2,F#
-1--32,0.10.x.0.11.10,1,1,2,5,1,2,3,10,11,1,True,True,0,E,10,G,x,,0,G,11,A#,10,D
-1--32,0.10.x.x.11.10,1,1,3,4,2,1,3,10,11,1,True,True,0,E,10,G,x,,x,,11,A#,10,D
-1--34,0.2.0.0.3.3,4,1,1,6,0,3,3,2,3,1,True,False,0,E,2,B,0,D,0,G,3,D,3,G
-1--34,x.2.0.0.3.3,2,1,2,5,1,2,3,2,3,1,True,False,x,,2,B,0,D,0,G,3,D,3,G
-1--34,0.2.0.0.3.4,2,2,3,6,0,3,3,2,4,2,True,False,0,E,2,B,0,D,0,G,3,D,4,G#
-1--4-,x.3.x.x.5.0,6,1,1,3,3,1,2,3,5,2,True,False,x,,3,C,x,,x,,5,E,0,E
-1--4-,x.2.x.x.5.0,2,1,2,3,3,1,2,2,5,3,True,False,x,,2,B,x,,x,,5,E,0,E
-1-2-3,x.2.0.2.0.2,2,1,1,5,1,2,3,2,2,0,True,False,x,,2,B,0,D,2,A,0,B,2,F#
-1-2-3,x.2.x.2.0.2,1,1,2,4,2,1,3,2,2,0,True,False,x,,2,B,x,,2,A,0,B,2,F#
-1-244,0.1.0.1.2.2,1,1,1,6,0,2,4,1,2,1,True,False,0,E,1,A#,0,D,1,G#,2,C#,2,F#
-1-3--,x.1.x.3.x.x,1,1,1,2,4,0,2,1,3,2,True,False,x,,1,A#,x,,3,A#,x,,x,
-1-34-,x.2.0.2.2.0,4,1,1,5,1,2,3,2,2,0,True,False,x,,2,B,0,D,2,A,2,C#,0,E
-1-42-,x.2.x.4.3.0,6,1,1,4,2,1,3,2,4,2,True,False,x,,2,B,x,,4,B,3,D,0,E
-11---,0.1.1.x.x.x,2,1,1,3,3,1,2,1,1,0,True,False,0,E,1,A#,1,D#,x,,x,,x,
-11---,0.2.2.x.x.x,1,1,2,3,3,1,2,2,2,0,True,False,0,E,2,B,2,E,x,,x,,x,
-111--,0.2.2.2.2.x,3,1,1,5,1,1,4,2,2,0,True,False,0,E,2,B,2,E,2,A,2,C#,x,
-11111,x.2.2.2.2.2,5,1,1,5,1,0,5,2,2,0,True,False,x,,2,B,2,E,2,A,2,C#,2,F#
-11111,0.2.2.2.2.2,2,2,2,6,0,1,5,2,2,0,True,False,0,E,2,B,2,E,2,A,2,C#,2,F#
-11311,0.5.5.6.5.5,2,1,1,6,0,1,5,5,6,1,True,False,0,E,5,D,5,G,6,C#,5,E,5,A
-11321,0.2.2.4.3.2,5,1,1,6,0,1,5,2,4,2,True,False,0,E,2,B,2,E,4,B,3,D,2,F#
-11321,x.4.4.6.5.4,1,1,2,5,1,0,5,4,6,2,True,False,x,,4,C#,4,F#,6,C#,5,E,4,G#
-1134-,0.2.2.4.5.x,4,1,1,5,1,1,4,2,5,3,True,False,0,E,2,B,2,E,4,B,5,E,x,
-11444,0.2.2.4.4.4,10,1,1,6,0,1,5,2,4,2,True,False,0,E,2,B,2,E,4,B,4,D#,4,G#
-12---,0.2.2.x.0.0,3,1,1,5,1,3,2,2,2,0,True,False,0,E,2,B,2,E,x,,0,B,0,E
-12---,0.2.2.0.0.0,2,2,2,6,0,4,2,2,2,0,True,False,0,E,2,B,2,E,0,G,0,B,0,E
-12--3,0.2.2.0.0.2,1,1,1,6,0,3,3,2,2,0,True,False,0,E,2,B,2,E,0,G,0,B,2,F#
-12--4,0.2.2.0.0.3,6,2,1,6,0,3,3,2,3,1,True,False,0,E,2,B,2,E,0,G,0,B,3,G
-12-44,0.2.2.0.3.3,3,2,1,6,0,2,4,2,3,1,True,False,0,E,2,B,2,E,0,G,3,D,3,G
-123--,0.11.12.13.x.x,5,2,1,4,2,1,3,11,13,2,True,True,0,E,11,G#,12,D,13,G#,x,,x,
-123--,0.10.11.12.x.x,2,1,2,4,2,1,3,10,12,2,True,True,0,E,10,G,11,C#,12,G,x,,x,
-123--,x.10.11.12.x.x,2,1,3,3,3,0,3,10,12,2,True,False,x,,10,G,11,C#,12,G,x,,x,
-123--,x.11.12.13.x.0,2,1,4,4,2,1,3,11,13,2,True,True,x,,11,G#,12,D,13,G#,x,,0,E
-123--,x.8.9.10.x.x,1,1,5,3,3,0,3,8,10,2,True,False,x,,8,F,9,B,10,F,x,,x,
-123--,0.11.12.13.0.0,1,1,6,6,0,3,3,11,13,2,True,True,0,E,11,G#,12,D,13,G#,0,B,0,E
-12314,x.5.6.7.5.8,1,1,1,5,1,0,5,5,8,3,True,False,x,,5,D,6,G#,7,D,5,E,8,C
-12333,x.3.4.5.5.5,2,1,1,5,1,0,5,3,5,2,True,False,x,,3,C,4,F#,5,C,5,E,5,A
-12333,0.5.6.7.7.7,1,1,2,6,0,1,5,5,7,2,True,False,0,E,5,D,6,G#,7,D,7,F#,7,B
-1234-,x.8.9.10.11.x,1,1,1,4,2,0,4,8,11,3,True,False,x,,8,F,9,B,10,F,11,A#,x,
-1234-,0.11.12.13.14.x,1,1,2,5,1,1,4,11,14,3,True,True,0,E,11,G#,12,D,13,G#,14,C#,x,
-12344,x.5.6.7.9.9,1,1,1,5,1,0,5,5,9,4,True,False,x,,5,D,6,G#,7,D,9,G#,9,C#
-124--,0.2.2.4.0.0,2,1,1,6,0,3,3,2,4,2,True,False,0,E,2,B,2,E,4,B,0,B,0,E
-1243-,x.3.4.5.4.0,2,1,1,5,1,1,4,3,5,2,True,False,x,,3,C,4,F#,5,C,4,D#,0,E
-1243-,0.11.12.13.12.0,1,1,2,6,0,2,4,11,13,2,True,True,0,E,11,G#,12,D,13,G#,12,B,0,E
-1244-,x.3.4.5.5.x,2,1,1,4,2,0,4,3,5,2,True,False,x,,3,C,4,F#,5,C,5,E,x,
-13-2-,x.10.12.0.11.x,3,1,1,4,2,1,3,10,12,2,True,True,x,,10,G,12,D,0,G,11,A#,x,
-13-4-,0.10.12.0.12.0,4,1,1,6,0,3,3,10,12,2,True,True,0,E,10,G,12,D,0,G,12,B,0,E
-13121,x.1.3.1.2.1,6,1,1,5,1,0,5,1,3,2,True,False,x,,1,A#,3,F,1,G#,2,C#,1,F
-13121,x.2.4.2.3.2,6,1,2,5,1,0,5,2,4,2,True,False,x,,2,B,4,F#,2,A,3,D,2,F#
-13121,x.x.4.2.3.2,6,1,3,4,2,0,4,2,4,2,True,False,x,,x,,4,F#,2,A,3,D,2,F#
-13121,x.4.6.4.5.4,2,1,4,5,1,0,5,4,6,2,True,False,x,,4,C#,6,G#,4,B,5,E,4,G#
-13121,x.7.9.7.8.7,1,1,5,5,1,0,5,7,9,2,True,False,x,,7,E,9,B,7,D,8,G,7,B
-13124,x.2.4.2.3.5,6,1,1,5,1,0,5,2,5,3,True,False,x,,2,B,4,F#,2,A,3,D,5,A
-13141,x.4.6.4.6.4,3,1,1,5,1,0,5,4,6,2,True,False,x,,4,C#,6,G#,4,B,6,F,4,G#
-13141,x.7.9.7.9.7,3,1,2,5,1,0,5,7,9,2,True,False,x,,7,E,9,B,7,D,9,G#,7,B
-132--,0.10.12.11.0.0,4,1,1,6,0,3,3,10,12,2,True,True,0,E,10,G,12,D,11,F#,0,B,0,E
-132--,x.7.7.6.0.0,2,1,2,5,1,2,3,6,7,1,True,True,x,,7,E,7,A,6,C#,0,B,0,E
-132--,0.4.5.4.x.x,1,1,3,4,2,1,3,4,5,1,True,False,0,E,4,C#,5,G,4,B,x,,x,
-132--,x.6.7.6.0.0,1,1,4,5,1,2,3,6,7,1,True,True,x,,6,D#,7,A,6,C#,0,B,0,E
-132--,x.11.12.11.0.0,1,1,5,5,1,2,3,11,12,1,True,True,x,,11,G#,12,D,11,F#,0,B,0,E
-1324-,0.10.12.11.12.0,4,1,1,6,0,2,4,10,12,2,True,True,0,E,10,G,12,D,11,F#,12,B,0,E
-1324-,0.2.3.2.3.0,3,1,2,6,0,2,4,2,3,1,True,False,0,E,2,B,3,F,2,A,3,D,0,E
-1324-,x.7.9.8.9.0,2,1,3,5,1,1,4,7,9,2,True,True,x,,7,E,9,B,8,D#,9,G#,0,E
-1324-,x.6.7.6.7.x,1,1,4,4,2,0,4,6,7,1,True,False,x,,6,D#,7,A,6,C#,7,F#,x,
-1324-,x.9.10.9.10.0,1,1,5,5,1,1,4,9,10,1,True,True,x,,9,F#,10,C,9,E,10,A,0,E
-1324-,0.11.12.11.12.0,1,1,6,6,0,2,4,11,12,1,True,True,0,E,11,G#,12,D,11,F#,12,B,0,E
-13241,x.2.4.3.4.2,1,1,1,5,1,0,5,2,4,2,True,False,x,,2,B,4,F#,3,A#,4,D#,2,F#
-133--,x.2.4.4.4.4,1,1,1,5,1,0,5,2,4,2,True,False,x,,2,B,4,F#,4,B,4,D#,4,G#
-1333,x.x.2.3.3.3,1,1,1,4,2,0,4,2,3,1,True,False,x,,x,,2,E,3,A#,3,D,3,G
-13333,0.2.4.4.4.2,8,1,1,6,0,1,5,2,4,2,True,False,0,E,2,B,4,F#,4,B,4,D#,2,F#
-13333,x.2.4.4.4.4,8,5,2,5,1,0,5,2,4,2,True,False,x,,2,B,4,F#,4,B,4,D#,4,G#
-13333,x.2.4.4.4.x,1,1,3,4,2,0,4,2,4,2,True,False,x,,2,B,4,F#,4,B,4,D#,x,
-13333,x.5.7.7.7.7,1,1,4,5,1,0,5,5,7,2,True,False,x,,5,D,7,A,7,D,7,F#,7,B
-13333,x.7.9.9.9.9,1,1,5,5,1,0,5,7,9,2,True,False,x,,7,E,9,B,9,E,9,G#,9,C#
-13334,x.3.5.5.5.6,3,1,1,5,1,0,5,3,6,3,True,False,x,,3,C,5,G,5,C,5,E,6,A#
-13334,x.2.4.4.4.5,2,1,2,5,1,0,5,2,5,3,True,False,x,,2,B,4,F#,4,B,4,D#,5,A
-13334,x.5.7.7.7.8,1,1,3,5,1,0,5,5,8,3,True,False,x,,5,D,7,A,7,D,7,F#,8,C
-13344,0.2.4.4.5.5,1,1,1,6,0,1,5,2,5,3,True,False,0,E,2,B,4,F#,4,B,5,E,5,A
-134--,0.7.9.9.0.0,1,1,1,6,0,3,3,7,9,2,True,True,0,E,7,E,9,B,9,E,0,B,0,E
-1342-,x.4.6.6.5.0,2,1,1,5,1,1,4,4,6,2,True,False,x,,4,C#,6,G#,6,C#,5,E,0,E
-1342-,x.6.8.8.7.0,2,1,2,5,1,1,4,6,8,2,True,True,x,,6,D#,8,A#,8,D#,7,F#,0,E
-1342-,0.7.9.9.8.0,1,1,3,6,0,2,4,7,9,2,True,True,0,E,7,E,9,B,9,E,8,G,0,E
-14---,0.5.7.x.x.x,2,1,1,3,3,1,2,5,7,2,True,False,0,E,5,D,7,A,x,,x,,x,
-14---,0.4.7.x.x.x,2,1,2,3,3,1,2,4,7,3,True,False,0,E,4,C#,7,A,x,,x,,x,
-14111,x.2.4.2.2.2,2,1,1,5,1,0,5,2,4,2,True,False,x,,2,B,4,F#,2,A,2,C#,2,F#
-14111,0.4.6.4.4.4,2,2,2,6,0,1,5,4,6,2,True,False,0,E,4,C#,6,G#,4,B,4,D#,4,G#
-2----,x.4.x.0.0.0,9,1,1,4,2,3,1,4,4,0,True,False,x,,4,C#,x,,0,G,0,B,0,E
-2----,0.2.0.x.x.x,5,1,2,3,3,2,1,2,2,0,True,False,0,E,2,B,0,D,x,,x,,x,
-2----,0.4.0.x.x.x,4,1,3,3,3,2,1,4,4,0,True,False,0,E,4,C#,0,D,x,,x,,x,
-2----,x.2.x.0.0.x,2,1,4,3,3,2,1,2,2,0,True,False,x,,2,B,x,,0,G,0,B,x,
-2---1,0.4.0.0.0.3,2,2,1,6,0,4,2,3,4,1,True,False,0,E,4,C#,0,D,0,G,0,B,3,G
-2--3-,x.1.x.x.1.0,4,1,1,3,3,1,2,1,1,0,True,False,x,,1,A#,x,,x,,1,C,0,E
-2--3-,x.1.x.0.1.x,2,1,2,3,3,1,2,1,1,0,True,False,x,,1,A#,x,,0,G,1,C,x,
-2--3-,x.1.x.x.1.x,2,1,3,2,4,0,2,1,1,0,True,False,x,,1,A#,x,,x,,1,C,x,
-2--31,0.4.0.0.5.3,2,2,1,6,0,3,3,3,5,2,True,False,0,E,4,C#,0,D,0,G,5,E,3,G
-2--4-,x.5.x.x.6.0,6,1,1,3,3,1,2,5,6,1,True,False,x,,5,D,x,,x,,6,F,0,E
-2--4-,x.2.0.0.3.0,4,1,2,5,1,3,2,2,3,1,True,False,x,,2,B,0,D,0,G,3,D,0,E
-2--4-,0.2.0.0.3.0,2,1,3,6,0,4,2,2,3,1,True,False,0,E,2,B,0,D,0,G,3,D,0,E
-2-1--,0.2.0.1.0.0,7,2,1,6,0,4,2,1,2,1,True,False,0,E,2,B,0,D,1,G#,0,B,0,E
-2-1--,0.2.x.1.x.x,4,1,2,3,3,1,2,1,2,1,True,False,0,E,2,B,x,,1,G#,x,,x,
-2-1--,0.5.x.4.0.x,4,1,3,4,2,2,2,4,5,1,True,False,0,E,5,D,x,,4,B,0,B,x,
-2-1--,0.5.x.4.x.x,4,1,4,3,3,1,2,4,5,1,True,False,0,E,5,D,x,,4,B,x,,x,
-2-1--,x.5.x.4.x.x,4,1,5,2,4,0,2,4,5,1,True,False,x,,5,D,x,,4,B,x,,x,
-2-1--,0.5.0.4.0.0,1,1,6,6,0,4,2,4,5,1,True,False,0,E,5,D,0,D,4,B,0,B,0,E
-2-1---,0.5.0.4.0.0,1,1,1,6,0,4,2,4,5,1,True,False,0,E,5,D,0,D,4,B,0,B,0,E
-2-1-4,0.2.0.1.0.4,4,1,1,6,0,3,3,1,4,3,True,False,0,E,2,B,0,D,1,G#,0,B,4,G#
-2-111,x.2.0.2.2.2,3,1,1,5,1,1,4,2,2,0,True,False,x,,2,B,0,D,2,A,2,C#,2,F#
-2-131,x.2.0.2.3.2,3,1,1,5,1,1,4,2,3,1,True,False,x,,2,B,0,D,2,A,3,D,2,F#
-2-133,0.2.0.1.3.3,4,1,1,6,0,2,4,1,3,2,True,False,0,E,2,B,0,D,1,G#,3,D,3,G
-2-144,0.2.0.1.3.3,10,3,1,6,0,2,4,1,3,2,True,False,0,E,2,B,0,D,1,G#,3,D,3,G
-2-3-4,0.2.0.2.0.2,2,1,1,6,0,3,3,2,2,0,True,False,0,E,2,B,0,D,2,A,0,B,2,F#
-2-34-,x.2.x.2.2.0,7,4,1,4,2,1,3,2,2,0,True,False,x,,2,B,x,,2,A,2,C#,0,E
-2-34-,x.3.x.3.3.0,5,3,2,4,2,1,3,3,3,0,True,False,x,,3,C,x,,3,A#,3,D,0,E
-2-34-,x.2.0.2.3.0,2,1,3,5,1,2,3,2,3,1,True,False,x,,2,B,0,D,2,A,3,D,0,E
-2-34-,x.1.0.1.1.0,1,1,4,5,1,2,3,1,1,0,True,False,x,,1,A#,0,D,1,G#,1,C,0,E
-2-34-,x.2.0.2.3.x,1,1,5,4,2,1,3,2,3,1,True,False,x,,2,B,0,D,2,A,3,D,x,
-2-341,x.3.x.3.3.1,1,1,1,4,2,0,4,1,3,2,True,False,x,,3,C,x,,3,A#,3,D,1,F
-2-341,x.5.x.5.5.3,1,1,2,4,2,0,4,3,5,2,True,False,x,,5,D,x,,5,C,5,E,3,G
-21---,x.7.6.x.x.x,3,1,1,2,4,0,2,6,7,1,True,False,x,,7,E,6,G#,x,,x,,x,
-21---,x.5.4.x.x.x,2,1,2,2,4,0,2,4,5,1,True,False,x,,5,D,4,F#,x,,x,,x,
-21---,0.2.1.x.x.x,1,1,3,3,3,1,2,1,2,1,True,False,0,E,2,B,1,D#,x,,x,,x,
-21---,0.7.6.x.x.x,1,1,4,3,3,1,2,6,7,1,True,True,0,E,7,E,6,G#,x,,x,,x,
-21-3-,x.3.2.0.3.0,4,1,1,5,1,2,3,2,3,1,True,False,x,,3,C,2,E,0,G,3,D,0,E
-21-34,0.3.2.0.3.3,4,1,1,6,0,2,4,2,3,1,True,False,0,E,3,C,2,E,0,G,3,D,3,G
-21111,x.3.2.2.2.2,1,1,1,5,1,0,5,2,3,1,True,False,x,,3,C,2,E,2,A,2,C#,2,F#
-21133,0.2.1.1.2.2,1,1,1,6,0,1,5,1,2,1,True,False,0,E,2,B,1,D#,1,G#,2,C#,2,F#
-21133,0.7.6.6.7.7,1,1,2,6,0,1,5,6,7,1,True,True,0,E,7,E,6,G#,6,C#,7,F#,7,B
-21133,0.14.13.13.14.14,1,1,3,6,0,1,5,13,14,1,True,True,0,E,14,B,13,D#,13,G#,14,C#,14,F#
-213-,0.8.7.8.0.x,2,1,1,5,1,2,3,7,8,1,True,True,0,E,8,F,7,A,8,D#,0,B,x,
-213--,x.2.1.2.0.0,26,5,1,5,1,2,3,1,2,1,True,False,x,,2,B,1,D#,2,A,0,B,0,E
-213--,x.2.1.2.0.x,12,3,2,4,2,1,3,1,2,1,True,False,x,,2,B,1,D#,2,A,0,B,x,
-213--,0.2.1.2.0.x,10,1,3,5,1,2,3,1,2,1,True,False,0,E,2,B,1,D#,2,A,0,B,x,
-213--,x.2.1.2.x.x,6,2,4,3,3,0,3,1,2,1,True,False,x,,2,B,1,D#,2,A,x,,x,
-213--,0.2.1.2.0.0,2,2,5,6,0,3,3,1,2,1,True,False,0,E,2,B,1,D#,2,A,0,B,0,E
-213--,x.3.2.3.x.x,2,1,6,3,3,0,3,2,3,1,True,False,x,,3,C,2,E,3,A#,x,,x,
-213--,x.3.2.3.0.0,1,1,7,5,1,2,3,2,3,1,True,False,x,,3,C,2,E,3,A#,0,B,0,E
-213--,0.7.6.7.x.0,1,1,8,5,1,2,3,6,7,1,True,True,0,E,7,E,6,G#,7,D,x,,0,E
-213--,x.7.6.7.0.0,1,1,9,5,1,2,3,6,7,1,True,True,x,,7,E,6,G#,7,D,0,B,0,E
-213--,0.7.6.8.0.0,1,1,10,6,0,3,3,6,8,2,True,True,0,E,7,E,6,G#,8,D#,0,B,0,E
-213-4,x.2.1.2.0.2,20,2,1,5,1,1,4,1,2,1,True,False,x,,2,B,1,D#,2,A,0,B,2,F#
-213-4,0.7.6.7.0.7,2,1,2,6,0,2,4,6,7,1,True,True,0,E,7,E,6,G#,7,D,0,B,7,B
-213-4,x.4.3.4.0.5,1,1,3,5,1,1,4,3,5,2,True,False,x,,4,C#,3,F,4,B,0,B,5,A
-213-4,0.7.6.7.0.9,1,1,4,6,0,2,4,6,9,3,True,True,0,E,7,E,6,G#,7,D,0,B,9,C#
-21314,0.7.5.7.5.7,2,1,1,6,0,1,5,5,7,2,True,False,0,E,7,E,5,G,7,D,5,E,7,B
-21333,x.7.6.7.7.7,4,3,1,5,1,0,5,6,7,1,True,False,x,,7,E,6,G#,7,D,7,F#,7,B
-21333,x.5.4.5.5.5,3,2,2,5,1,0,5,4,5,1,True,False,x,,5,D,4,F#,5,C,5,E,5,A
-21333,0.7.6.7.7.7,3,2,3,6,0,1,5,6,7,1,True,True,0,E,7,E,6,G#,7,D,7,F#,7,B
-21333,0.2.1.2.2.2,2,2,4,6,0,1,5,1,2,1,True,False,0,E,2,B,1,D#,2,A,2,C#,2,F#
-21333,x.2.1.2.2.2,2,2,5,5,1,0,5,1,2,1,True,False,x,,2,B,1,D#,2,A,2,C#,2,F#
-21333,0.3.2.3.3.3,2,2,6,6,0,1,5,2,3,1,True,False,0,E,3,C,2,E,3,A#,3,D,3,G
-21333,x.3.2.3.3.3,2,1,7,5,1,0,5,2,3,1,True,False,x,,3,C,2,E,3,A#,3,D,3,G
-21333,x.8.7.8.8.8,2,2,8,5,1,0,5,7,8,1,True,False,x,,8,F,7,A,8,D#,8,G,8,C
-21333,x.7.6.9.9.9,2,1,9,5,1,0,5,6,9,3,True,False,x,,7,E,6,G#,9,E,9,G#,9,C#
-21333,x.6.5.6.6.6,1,1,10,5,1,0,5,5,6,1,True,False,x,,6,D#,5,G,6,C#,6,F,6,A#
-21334,x.3.2.3.x.3,3,1,1,4,2,0,4,2,3,1,True,False,x,,3,C,2,E,3,A#,x,,3,G
-2134-,x.2.1.2.2.x,6,2,1,4,2,0,4,1,2,1,True,False,x,,2,B,1,D#,2,A,2,C#,x,
-2134-,x.4.3.4.5.x,6,1,2,4,2,0,4,3,5,2,True,False,x,,4,C#,3,F,4,B,5,E,x,
-2134-,x.2.1.2.3.0,4,1,3,5,1,1,4,1,3,2,True,False,x,,2,B,1,D#,2,A,3,D,0,E
-2134-,x.2.1.2.4.x,3,1,4,4,2,0,4,1,4,3,True,False,x,,2,B,1,D#,2,A,4,D#,x,
-2134-,x.4.2.4.5.x,3,1,5,4,2,0,4,2,5,3,True,False,x,,4,C#,2,E,4,B,5,E,x,
-2134-,x.5.4.6.7.x,3,1,6,4,2,0,4,4,7,3,True,False,x,,5,D,4,F#,6,C#,7,F#,x,
-2134-,x.2.1.2.2.0,2,1,7,5,1,1,4,1,2,1,True,False,x,,2,B,1,D#,2,A,2,C#,0,E
-2134-,0.7.6.7.8.0,2,1,8,6,0,2,4,6,8,2,True,True,0,E,7,E,6,G#,7,D,8,G,0,E
-2134-,x.6.4.6.7.x,2,1,9,4,2,0,4,4,7,3,True,False,x,,6,D#,4,F#,6,C#,7,F#,x,
-2134-,x.7.6.8.9.x,2,1,10,4,2,0,4,6,9,3,True,False,x,,7,E,6,G#,8,D#,9,G#,x,
-2134-,0.7.6.7.7.0,1,1,11,6,0,2,4,6,7,1,True,True,0,E,7,E,6,G#,7,D,7,F#,0,E
-2134-,0.7.6.7.8.x,1,1,12,5,1,1,4,6,8,2,True,True,0,E,7,E,6,G#,7,D,8,G,x,
-2134-,x.7.5.7.8.0,1,1,13,5,1,1,4,5,8,3,True,False,x,,7,E,5,G,7,D,8,G,0,E
-2134-,x.9.7.9.10.0,1,1,14,5,1,1,4,7,10,3,True,True,x,,9,F#,7,A,9,E,10,A,0,E
-2134-,0.10.9.11.12.0,1,1,15,6,0,2,4,9,12,3,True,True,0,E,10,G,9,B,11,F#,12,B,0,E
-2134-,0.11.9.11.12.0,1,1,16,6,0,2,4,9,12,3,True,True,0,E,11,G#,9,B,11,F#,12,B,0,E
-21344,x.2.1.2.3.3,9,3,1,5,1,0,5,1,3,2,True,False,x,,2,B,1,D#,2,A,3,D,3,G
-21344,x.2.1.2.4.4,8,2,2,5,1,0,5,1,4,3,True,False,x,,2,B,1,D#,2,A,4,D#,4,G#
-21344,x.6.5.6.7.7,2,1,3,5,1,0,5,5,7,2,True,False,x,,6,D#,5,G,6,C#,7,F#,7,B
-21344,x.8.7.8.9.9,2,1,4,5,1,0,5,7,9,2,True,False,x,,8,F,7,A,8,D#,9,G#,9,C#
-21344,x.7.6.8.9.9,2,1,5,5,1,0,5,6,9,3,True,False,x,,7,E,6,G#,8,D#,9,G#,9,C#
-21344,0.7.6.7.8.8,1,1,6,6,0,1,5,6,8,2,True,True,0,E,7,E,6,G#,7,D,8,G,8,C
-21344,0.7.6.7.9.9,1,1,7,6,0,1,5,6,9,3,True,True,0,E,7,E,6,G#,7,D,9,G#,9,C#
-21444,0.10.9.12.12.12,1,1,1,6,0,1,5,9,12,3,True,True,0,E,10,G,9,B,12,G,12,B,12,E
-22133,0.2.2.1.2.2,2,2,1,6,0,1,5,1,2,1,True,False,0,E,2,B,2,E,1,G#,2,C#,2,F#
-23---,0.2.2.0.0.0,7,3,1,6,0,4,2,2,2,0,True,False,0,E,2,B,2,E,0,G,0,B,0,E
-23---,0.2.2.x.x.x,5,1,2,3,3,1,2,2,2,0,True,False,0,E,2,B,2,E,x,,x,,x,
-23---,0.2.2.0.x.x,2,1,3,4,2,2,2,2,2,0,True,False,0,E,2,B,2,E,0,G,x,,x,
-23-4-,0.2.2.0.3.0,1,1,1,6,0,3,3,2,3,1,True,False,0,E,2,B,2,E,0,G,3,D,0,E
-23-41,0.4.5.0.5.3,2,2,1,6,0,2,4,3,5,2,True,False,0,E,4,C#,5,G,0,G,5,E,3,G
-23-41,0.6.7.0.7.5,2,2,2,6,0,2,4,5,7,2,True,False,0,E,6,D#,7,A,0,G,7,F#,5,A
-23-41,x.7.8.0.8.6,2,1,3,5,1,1,4,6,8,2,True,True,x,,7,E,8,A#,0,G,8,G,6,A#
-231--,0.2.2.1.0.0,190,22,1,6,0,3,3,1,2,1,True,False,0,E,2,B,2,E,1,G#,0,B,0,E
-231--,0.2.2.1.x.x,34,4,2,4,2,1,3,1,2,1,True,False,0,E,2,B,2,E,1,G#,x,,x,
-231--,x.7.7.6.0.x,9,1,3,4,2,1,3,6,7,1,True,True,x,,7,E,7,A,6,C#,0,B,x,
-231--,x.4.4.2.0.0,8,1,4,5,1,2,3,2,4,2,True,False,x,,4,C#,4,F#,2,A,0,B,0,E
-231--,0.3.4.2.0.0,4,1,5,6,0,3,3,2,4,2,True,False,0,E,3,C,4,F#,2,A,0,B,0,E
-231--,0.4.5.3.0.0,4,1,6,6,0,3,3,3,5,2,True,False,0,E,4,C#,5,G,3,A#,0,B,0,E
-231--,0.5.6.4.0.0,4,1,7,6,0,3,3,4,6,2,True,False,0,E,5,D,6,G#,4,B,0,B,0,E
-231--,0.2.2.1.0.x,3,2,8,5,1,2,3,1,2,1,True,False,0,E,2,B,2,E,1,G#,0,B,x,
-231--,x.x.2.1.0.0,3,1,9,4,2,2,2,1,2,1,True,False,x,,x,,2,E,1,G#,0,B,0,E
-231--,0.7.7.6.0.0,3,1,10,6,0,3,3,6,7,1,True,True,0,E,7,E,7,A,6,C#,0,B,0,E
-231--,x.9.9.8.0.x,3,1,11,4,2,1,3,8,9,1,True,True,x,,9,F#,9,B,8,D#,0,B,x,
-231--,0.5.5.4.x.x,2,1,12,4,2,1,3,4,5,1,True,False,0,E,5,D,5,G,4,B,x,,x,
-231--,x.7.8.6.x.x,2,1,13,3,3,0,3,6,8,2,True,False,x,,7,E,8,A#,6,C#,x,,x,
-231--,x.2.2.1.x.x,1,1,14,3,3,0,3,1,2,1,True,False,x,,2,B,2,E,1,G#,x,,x,
-231--,x.7.7.6.x.x,1,1,15,3,3,0,3,6,7,1,True,False,x,,7,E,7,A,6,C#,x,,x,
-231--,0.10.10.9.0.0,1,1,16,6,0,3,3,9,10,1,True,True,0,E,10,G,10,C,9,E,0,B,0,E
-231--,0.12.12.11.0.0,1,1,17,6,0,3,3,11,12,1,True,True,0,E,12,A,12,D,11,F#,0,B,0,E
-231--,x.4.5.3.x.x,1,1,18,3,3,0,3,3,5,2,True,False,x,,4,C#,5,G,3,A#,x,,x,
-231--,x.7.8.6.0.0,1,1,19,5,1,2,3,6,8,2,True,True,x,,7,E,8,A#,6,C#,0,B,0,E
-2314-,0.2.2.1.3.0,19,3,1,6,0,2,4,1,3,2,True,False,0,E,2,B,2,E,1,G#,3,D,0,E
-2314-,0.2.2.1.2.0,9,2,2,6,0,2,4,1,2,1,True,False,0,E,2,B,2,E,1,G#,2,C#,0,E
-2314-,x.4.4.2.4.0,8,1,3,5,1,1,4,2,4,2,True,False,x,,4,C#,4,F#,2,A,4,D#,0,E
-2314-,x.7.8.6.8.0,8,3,4,5,1,1,4,6,8,2,True,True,x,,7,E,8,A#,6,C#,8,G,0,E
-2314-,x.6.7.5.7.0,4,1,5,5,1,1,4,5,7,2,True,False,x,,6,D#,7,A,5,C,7,F#,0,E
-2314-,0.3.4.2.5.0,3,2,6,6,0,2,4,2,5,3,True,False,0,E,3,C,4,F#,2,A,5,E,0,E
-2314-,0.4.4.3.5.0,2,1,7,6,0,2,4,3,5,2,True,False,0,E,4,C#,4,F#,3,A#,5,E,0,E
-2314-,x.4.5.3.5.0,2,1,8,5,1,1,4,3,5,2,True,False,x,,4,C#,5,G,3,A#,5,E,0,E
-2314-,x.7.7.6.8.0,2,1,9,5,1,1,4,6,8,2,True,True,x,,7,E,7,A,6,C#,8,G,0,E
-2314-,x.3.4.2.4.x,1,1,10,4,2,0,4,2,4,2,True,False,x,,3,C,4,F#,2,A,4,D#,x,
-2314-,x.4.5.3.5.x,1,1,11,4,2,0,4,3,5,2,True,False,x,,4,C#,5,G,3,A#,5,E,x,
-2314-,0.5.6.4.6.0,1,1,12,6,0,2,4,4,6,2,True,False,0,E,5,D,6,G#,4,B,6,F,0,E
-2314-,0.8.9.7.9.0,1,1,13,6,0,2,4,7,9,2,True,True,0,E,8,F,9,B,7,D,9,G#,0,E
-23141,x.4.5.3.5.3,4,1,1,5,1,0,5,3,5,2,True,False,x,,4,C#,5,G,3,A#,5,E,3,G
-23144,0.2.2.1.3.3,2,1,1,6,0,1,5,1,3,2,True,False,0,E,2,B,2,E,1,G#,3,D,3,G
-2333-,0.2.2.2.2.0,2,1,1,6,0,2,4,2,2,0,True,False,0,E,2,B,2,E,2,A,2,C#,0,E
-23333,x.2.2.2.2.2,10,1,1,5,1,0,5,2,2,0,True,False,x,,2,B,2,E,2,A,2,C#,2,F#
-234--,0.2.2.2.0.0,4,1,1,6,0,3,3,2,2,0,True,False,0,E,2,B,2,E,2,A,0,B,0,E
-23414,x.3.4.2.4.2,4,1,1,5,1,0,5,2,4,2,True,False,x,,3,C,4,F#,2,A,4,D#,2,F#
-241--,0.2.4.1.0.0,3,1,1,6,0,3,3,1,4,3,True,False,0,E,2,B,4,F#,1,G#,0,B,0,E
-24121,0.3.4.2.3.2,3,1,1,6,0,1,5,2,4,2,True,False,0,E,3,C,4,F#,2,A,3,D,2,F#
-2413-,x.3.4.2.3.x,3,1,1,4,2,0,4,2,4,2,True,False,x,,3,C,4,F#,2,A,3,D,x,
-3----,0.5.0.x.x.x,4,1,1,3,3,2,1,5,5,0,True,False,0,E,5,D,0,D,x,,x,,x,
-3----,x.6.x.x.x.x,1,1,2,1,5,0,1,6,6,0,True,False,x,,6,D#,x,,x,,x,,x,
-3--1-,0.4.0.0.2.0,2,2,1,6,0,4,2,2,4,2,True,False,0,E,4,C#,0,D,0,G,2,C#,0,E
-3--4-,x.6.x.x.6.0,6,1,1,3,3,1,2,6,6,0,True,True,x,,6,D#,x,,x,,6,F,0,E
-3-1--,0.4.0.2.0.0,28,2,1,6,0,4,2,2,4,2,True,False,0,E,4,C#,0,D,2,A,0,B,0,E
-3-1--,x.4.0.2.0.0,28,1,2,5,1,3,2,2,4,2,True,False,x,,4,C#,0,D,2,A,0,B,0,E
-3-1--,0.4.x.2.x.x,12,1,3,3,3,1,2,2,4,2,True,False,0,E,4,C#,x,,2,A,x,,x,
-3-1--,x.7.x.5.x.x,6,1,4,2,4,0,2,5,7,2,True,False,x,,7,E,x,,5,C,x,,x,
-3-1--,x.9.0.7.x.x,6,1,5,3,3,1,2,7,9,2,True,True,x,,9,F#,0,D,7,D,x,,x,
-3-1--,x.4.x.2.x.x,4,1,6,2,4,0,2,2,4,2,True,False,x,,4,C#,x,,2,A,x,,x,
-3-1--,0.4.x.2.0.0,2,1,7,5,1,3,2,2,4,2,True,False,0,E,4,C#,x,,2,A,0,B,0,E
-3-111,x.4.0.2.2.2,3,1,1,5,1,1,4,2,4,2,True,False,x,,4,C#,0,D,2,A,2,C#,2,F#
-3-14-,x.7.x.5.8.0,6,1,1,4,2,1,3,5,8,3,True,False,x,,7,E,x,,5,C,8,G,0,E
-3-14-,x.9.0.7.10.0,6,1,2,5,1,2,3,7,10,3,True,True,x,,9,F#,0,D,7,D,10,A,0,E
-3-14-,x.11.0.9.12.0,2,1,3,5,1,2,3,9,12,3,True,True,x,,11,G#,0,D,9,E,12,B,0,E
-3-14--,9.x.7.9.0.0,2,1,1,5,1,2,3,7,9,2,True,True,9,C#,x,,7,A,9,E,0,B,0,E
-3-21-,0.5.0.4.3.x,2,2,1,5,1,2,3,3,5,2,True,False,0,E,5,D,0,D,4,B,3,D,x,
-3-24-,x.12.0.11.12.0,1,1,1,5,1,2,3,11,12,1,True,True,x,,12,A,0,D,11,F#,12,B,0,E
-3-42-,x.4.x.4.3.0,4,1,1,4,2,1,3,3,4,1,True,False,x,,4,C#,x,,4,B,3,D,0,E
-31---,x.4.2.x.x.x,1,1,1,2,4,0,2,2,4,2,True,False,x,,4,C#,2,E,x,,x,,x,
-311--,x.6.4.4.x.x,1,1,1,3,3,0,3,4,6,2,True,False,x,,6,D#,4,F#,4,B,x,,x,
-311--,x.9.7.7.x.x,1,1,2,3,3,0,3,7,9,2,True,False,x,,9,F#,7,A,7,D,x,,x,
-31111,0.4.2.2.2.2,4,3,1,6,0,1,5,2,4,2,True,False,0,E,4,C#,2,E,2,A,2,C#,2,F#
-31111,x.4.2.2.2.x,2,1,2,4,2,0,4,2,4,2,True,False,x,,4,C#,2,E,2,A,2,C#,x,
-31111,x.6.4.4.4.4,2,1,3,5,1,0,5,4,6,2,True,False,x,,6,D#,4,F#,4,B,4,D#,4,G#
-31111,x.8.6.6.6.6,1,1,4,5,1,0,5,6,8,2,True,False,x,,8,F,6,G#,6,C#,6,F,6,A#
-31111,x.9.7.7.7.7,1,1,5,5,1,0,5,7,9,2,True,False,x,,9,F#,7,A,7,D,7,F#,7,B
-31144,x.4.2.2.5.5,1,1,1,5,1,0,5,2,5,3,True,False,x,,4,C#,2,E,2,A,5,E,5,A
-312--,0.2.1.1.0.x,2,1,1,5,1,2,3,1,2,1,True,False,0,E,2,B,1,D#,1,G#,0,B,x,
-3124-,0.2.1.1.2.0,2,1,1,6,0,2,4,1,2,1,True,False,0,E,2,B,1,D#,1,G#,2,C#,0,E
-31241,x.8.6.7.9.6,1,1,1,5,1,0,5,6,9,3,True,False,x,,8,F,6,G#,7,D,9,G#,6,A#
-314--,x.7.5.7.0.0,4,1,1,5,1,2,3,5,7,2,True,False,x,,7,E,5,G,7,D,0,B,0,E
-314--,0.7.5.7.0.0,1,1,2,6,0,3,3,5,7,2,True,False,0,E,7,E,5,G,7,D,0,B,0,E
-3141,0.x.7.5.7.0,1,1,1,5,1,2,3,5,7,2,True,False,0,E,x,,7,A,5,C,7,F#,0,E
-3141,0.x.8.6.8.0,1,1,2,5,1,2,3,6,8,2,True,True,0,E,x,,8,A#,6,C#,8,G,0,E
-3141,0.x.9.7.9.0,1,1,3,5,1,2,3,7,9,2,True,True,0,E,x,,9,B,7,D,9,G#,0,E
-32-1-,0.3.2.0.1.0,6,2,1,6,0,3,3,1,3,2,True,False,0,E,3,C,2,E,0,G,1,C,0,E
-32-1-,x.3.2.0.1.0,4,3,2,5,1,2,3,1,3,2,True,False,x,,3,C,2,E,0,G,1,C,0,E
-32-1-,x.3.2.0.1.x,1,1,3,4,2,1,3,1,3,2,True,False,x,,3,C,2,E,0,G,1,C,x,
-32-1-,x.5.4.0.3.0,1,1,4,5,1,2,3,3,5,2,True,False,x,,5,D,4,F#,0,G,3,D,0,E
-321--,x.13.12.10.x.x,2,1,1,3,3,0,3,10,13,3,True,False,x,,13,A#,12,D,10,F,x,,x,
-3214-,0.4.3.2.4.0,2,2,1,6,0,2,4,2,4,2,True,False,0,E,4,C#,3,F,2,A,4,D#,0,E
-331--,0.4.x.2.0.0,12,1,1,5,1,3,2,2,4,2,True,False,0,E,4,C#,x,,2,A,0,B,0,E
-331-2,0.4.x.2.0.3,6,1,1,5,1,2,3,2,4,2,True,False,0,E,4,C#,x,,2,A,0,B,3,G
-331-3,x.4.x.2.0.3,3,1,1,4,2,1,3,2,4,2,True,False,x,,4,C#,x,,2,A,0,B,3,G
-3313-,x.4.x.2.3.0,6,1,1,4,2,1,3,2,4,2,True,False,x,,4,C#,x,,2,A,3,D,0,E
-33144,0.4.x.2.5.5,6,1,1,5,1,1,4,2,5,3,True,False,0,E,4,C#,x,,2,A,5,E,5,A
-33333,x.12.12.12.12.12,2,1,1,5,1,0,5,12,12,0,True,False,x,,12,A,12,D,12,G,12,B,12,E
-34---,x.7.7.0.0.x,1,1,1,4,2,2,2,7,7,0,True,True,x,,7,E,7,A,0,G,0,B,x,
-341--,0.7.7.5.x.x,1,1,1,4,2,1,3,5,7,2,True,False,0,E,7,E,7,A,5,C,x,,x,
-341--,x.7.7.5.x.x,1,1,2,3,3,0,3,5,7,2,True,False,x,,7,E,7,A,5,C,x,,x,
-342--,x.10.10.9.x.x,2,1,1,3,3,0,3,9,10,1,True,False,x,,10,G,10,C,9,E,x,,x,
-4----,0.5.0.0.0.0,2,2,1,6,0,5,1,5,5,0,True,False,0,E,5,D,0,D,0,G,0,B,0,E
-4-1--,0.4.0.1.0.0,3,1,1,6,0,4,2,1,4,3,True,False,0,E,4,C#,0,D,1,G#,0,B,0,E
-42-1-,0.4.2.0.2.0,2,2,1,6,0,3,3,2,4,2,True,False,0,E,4,C#,2,E,0,G,2,C#,0,E
-421--,x.4.2.1.x.x,3,1,1,3,3,0,3,1,4,3,True,False,x,,4,C#,2,E,1,G#,x,,x,
.,3.2.0.0.0.3,9,1,1,6,0,3,3,2,3,1,True,False,3,G,2,B,0,D,0,G,0,B,3,G
1 - - - - -,3.x.x.x.x.x,3,3,1,1,5,0,1,3,3,0,True,False,3,G,x,,x,,x,,x,,x,
1 - - 2- -,1.x.x.2.x.x,9,3,1,2,4,0,2,1,2,1,True,False,1,F,x,,x,,2,A,x,,x,
1-----,3.x.x.x.x.x,6,2,1,1,5,0,1,3,3,0,True,False,3,G,x,,x,,x,,x,,x,
1-----,5.x.x.x.x.x,1,1,2,1,5,0,1,5,5,0,True,False,5,A,x,,x,,x,,x,,x,
1-----,7.x.x.x.x.x,1,1,3,1,5,0,1,7,7,0,True,False,7,B,x,,x,,x,,x,,x,
1--3--,1.x.x.2.x.x,4,1,1,2,4,0,2,1,2,1,True,False,1,F,x,,x,,2,A,x,,x,
1--3--,3.x.x.4.x.x,3,1,2,2,4,0,2,3,4,1,True,False,3,G,x,,x,,4,B,x,,x,
1--32-,3.x.0.4.3.0,14,1,1,5,1,2,3,3,4,1,True,False,3,G,x,,0,D,4,B,3,D,0,E
1--32-,1.x.0.2.1.0,4,1,2,5,1,2,3,1,2,1,True,False,1,F,x,,0,D,2,A,1,C,0,E
1--32-,2.x.0.3.2.0,4,1,3,5,1,2,3,2,3,1,True,False,2,F#,x,,0,D,3,A#,2,C#,0,E
1--32-,6.x.0.7.6.0,4,1,4,5,1,2,3,6,7,1,True,True,6,A#,x,,0,D,7,D,6,F,0,E
1--32-,8.0.0.9.8.0,4,1,5,6,0,3,3,8,9,1,True,True,8,C,0,A,0,D,9,E,8,G,0,E
1--32-,8.x.0.9.8.0,4,1,6,5,1,2,3,8,9,1,True,True,8,C,x,,0,D,9,E,8,G,0,E
1--32-,10.0.0.11.10.0,4,1,7,6,0,3,3,10,11,1,True,True,10,D,0,A,0,D,11,F#,10,A,0,E
1--32-,2.x.0.4.3.0,4,1,8,5,1,2,3,2,4,2,True,False,2,F#,x,,0,D,4,B,3,D,0,E
1-23--,5.x.5.6.0.0,9,1,1,5,1,2,3,5,6,1,True,False,5,A,x,,5,G,6,C#,0,B,0,E
1-23--,4.x.4.4.0.x,7,1,2,4,2,1,3,4,4,0,True,False,4,G#,x,,4,F#,4,B,0,B,x,
1-23--,4.x.4.5.0.0,2,1,3,5,1,2,3,4,5,1,True,False,4,G#,x,,4,F#,5,C,0,B,0,E
1-3-2-,3.x.4.0.3.0,2,1,1,5,1,2,3,3,4,1,True,False,3,G,x,,4,F#,0,G,3,D,0,E
1-3-4-,1.x.3.0.3.x,4,1,1,4,2,1,3,1,3,2,True,False,1,F,x,,3,F,0,G,3,D,x,
1-3-4-,8.0.10.0.10.0,4,1,2,6,0,3,3,8,10,2,True,True,8,C,0,A,10,C,0,G,10,A,0,E
1-3-4-,5.x.7.x.8.0,3,1,3,4,2,1,3,5,8,3,True,False,5,A,x,,7,A,x,,8,G,0,E
1-32--,10.x.12.11.0.0,4,1,1,5,1,2,3,10,12,2,True,True,10,D,x,,12,D,11,F#,0,B,0,E
1-32--,7.x.9.8.0.0,1,1,2,5,1,2,3,7,9,2,True,True,7,B,x,,9,B,8,D#,0,B,0,E
1-324-,10.x.12.11.12.0,2,1,1,5,1,1,4,10,12,2,True,True,10,D,x,,12,D,11,F#,12,B,0,E
1-324-,7.x.9.8.9.0,1,1,2,5,1,1,4,7,9,2,True,True,7,B,x,,9,B,8,D#,9,G#,0,E
1-34--,4.x.6.6.0.0,1,1,1,5,1,2,3,4,6,2,True,False,4,G#,x,,6,G#,6,C#,0,B,0,E
1-34--,9.x.11.11.0.0,1,1,2,5,1,2,3,9,11,2,True,True,9,C#,x,,11,C#,11,F#,0,B,0,E
1-342-,9.x.11.11.10.0,1,1,1,5,1,1,4,9,11,2,True,True,9,C#,x,,11,C#,11,F#,10,A,0,E
1-4---,1.x.3.x.x.x,3,1,1,2,4,0,2,1,3,2,True,False,1,F,x,,3,F,x,,x,,x,
111111,4.4.4.4.4.4,8,4,1,6,0,0,6,4,4,0,True,False,4,G#,4,C#,4,F#,4,B,4,D#,4,G#
111111,7.x.x.7.7.7,6,1,2,4,2,0,4,7,7,0,True,False,7,B,x,,x,,7,D,7,F#,7,B
111111,5.5.5.5.5.5,5,3,3,6,0,0,6,5,5,0,True,False,5,A,5,D,5,G,5,C,5,E,5,A
111111,7.7.7.7.7.7,4,2,4,6,0,0,6,7,7,0,True,False,7,B,7,E,7,A,7,D,7,F#,7,B
111111,4.x.4.4.4.4,3,1,5,5,1,0,5,4,4,0,True,False,4,G#,x,,4,F#,4,B,4,D#,4,G#
111111,10.x.10.10.10.10,3,1,6,5,1,0,5,10,10,0,True,False,10,D,x,,10,C,10,F,10,A,10,D
111111,2.2.2.2.2.2,2,2,7,6,0,0,6,2,2,0,True,False,2,F#,2,B,2,E,2,A,2,C#,2,F#
111111,7.x.7.7.7.x,2,1,8,4,2,0,4,7,7,0,True,False,7,B,x,,7,A,7,D,7,F#,x,
111111,10.x.10.10.10.x,1,1,9,4,2,0,4,10,10,0,True,False,10,D,x,,10,C,10,F,10,A,x,
111123,4.4.4.4.5.5,1,1,1,6,0,0,6,4,5,1,True,False,4,G#,4,C#,4,F#,4,B,5,E,5,A
111123,7.7.7.7.8.9,1,1,2,6,0,0,6,7,9,2,True,False,7,B,7,E,7,A,7,D,8,G,9,C#
111124,7.7.7.7.8.10,1,1,1,6,0,0,6,7,10,3,True,False,7,B,7,E,7,A,7,D,8,G,10,D
111131,7.7.7.7.8.7,2,1,1,6,0,0,6,7,8,1,True,False,7,B,7,E,7,A,7,D,8,G,7,B
111134,4.4.4.4.5.5,2,1,1,6,0,0,6,4,5,1,True,False,4,G#,4,C#,4,F#,4,B,5,E,5,A
111141,7.x.x.7.10.7,6,1,1,4,2,0,4,7,10,3,True,False,7,B,x,,x,,7,D,10,A,7,B
111141,4.x.4.4.7.4,3,1,2,5,1,0,5,4,7,3,True,False,4,G#,x,,4,F#,4,B,7,F#,4,G#
111141,10.10.10.10.13.10,3,1,3,6,0,0,6,10,13,3,True,False,10,D,10,G,10,C,10,F,13,C,10,D
111141,3.3.3.3.4.3,2,1,4,6,0,0,6,3,4,1,True,False,3,G,3,C,3,F,3,A#,4,D#,3,G
111141,2.2.2.2.5.2,1,1,5,6,0,0,6,2,5,3,True,False,2,F#,2,B,2,E,2,A,5,E,2,F#
111144,2.2.2.2.5.5,2,1,1,6,0,0,6,2,5,3,True,False,2,F#,2,B,2,E,2,A,5,E,5,A
111144f12,7.7.7.7.11.11,2,1,1,6,0,0,6,7,11,4,True,False,7,B,7,E,7,A,7,D,11,A#,11,D#
111211,2.2.2.3.2.2,3,2,1,6,0,0,6,2,3,1,True,False,2,F#,2,B,2,E,3,A#,2,C#,2,F#
111211,5.5.5.6.5.5,3,1,2,6,0,0,6,5,6,1,True,False,5,A,5,D,5,G,6,C#,5,E,5,A
111211,2.x.2.3.2.2,2,2,3,5,1,0,5,2,3,1,True,False,2,F#,x,,2,E,3,A#,2,C#,2,F#
111211,7.7.7.8.7.7,1,1,4,6,0,0,6,7,8,1,True,False,7,B,7,E,7,A,8,D#,7,F#,7,B
111211,7.x.7.8.7.x,1,1,5,4,2,0,4,7,8,1,True,False,7,B,x,,7,A,8,D#,7,F#,x,
111231,4.4.4.5.5.4,5,2,1,6,0,0,6,4,5,1,True,False,4,G#,4,C#,4,F#,5,C,5,E,4,G#
111231,5.5.5.6.6.5,2,1,2,6,0,0,6,5,6,1,True,False,5,A,5,D,5,G,6,C#,6,F,5,A
111231,7.7.7.8.8.7,2,2,3,6,0,0,6,7,8,1,True,False,7,B,7,E,7,A,8,D#,8,G,7,B
111231,2.x.2.3.3.2,1,1,4,5,1,0,5,2,3,1,True,False,2,F#,x,,2,E,3,A#,3,D,2,F#
111231,3.3.3.4.4.3,1,1,5,6,0,0,6,3,4,1,True,False,3,G,3,C,3,F,4,B,4,D#,3,G
111231,2.2.2.3.4.2,1,1,6,6,0,0,6,2,4,2,True,False,2,F#,2,B,2,E,3,A#,4,D#,2,F#
111231,5.5.5.6.7.5,1,1,7,6,0,0,6,5,7,2,True,False,5,A,5,D,5,G,6,C#,7,F#,5,A
111234,7.7.7.8.9.9,1,1,1,6,0,0,6,7,9,2,True,False,7,B,7,E,7,A,8,D#,9,G#,9,C#
111241,7.7.7.8.10.7,4,1,1,6,0,0,6,7,10,3,True,False,7,B,7,E,7,A,8,D#,10,A,7,B
111241,5.5.5.6.8.5,2,1,2,6,0,0,6,5,8,3,True,False,5,A,5,D,5,G,6,C#,8,G,5,A
111241,2.2.2.3.5.2,1,1,3,6,0,0,6,2,5,3,True,False,2,F#,2,B,2,E,3,A#,5,E,2,F#
111311,2.x.2.3.2.2,3,1,1,5,1,0,5,2,3,1,True,False,2,F#,x,,2,E,3,A#,2,C#,2,F#
111311,5.x.5.6.5.5,1,1,2,5,1,0,5,5,6,1,True,False,5,A,x,,5,G,6,C#,5,E,5,A
111311,2.x.2.4.2.2,1,1,3,5,1,0,5,2,4,2,True,False,2,F#,x,,2,E,4,B,2,C#,2,F#
111321,4.4.4.6.5.4,2,2,1,6,0,0,6,4,6,2,True,False,4,G#,4,C#,4,F#,6,C#,5,E,4,G#
111321,7.7.7.9.8.7,1,1,2,6,0,0,6,7,9,2,True,False,7,B,7,E,7,A,9,E,8,G,7,B
111411,3.3.3.6.3.3,2,1,1,6,0,0,6,3,6,3,True,False,3,G,3,C,3,F,6,C#,3,D,3,G
111411,4.4.4.7.4.4,1,1,2,6,0,0,6,4,7,3,True,False,4,G#,4,C#,4,F#,7,D,4,D#,4,G#
111421,4.4.4.6.5.4,2,2,1,6,0,0,6,4,6,2,True,False,4,G#,4,C#,4,F#,6,C#,5,E,4,G#
112134,2.2.4.2.4.5,1,1,1,6,0,0,6,2,5,3,True,False,2,F#,2,B,4,F#,2,A,4,D#,5,A
112341,2.2.4.4.3.2,2,1,1,6,0,0,6,2,4,2,True,False,2,F#,2,B,4,F#,4,B,3,D,2,F#
113111,7.x.9.7.7.7,6,1,1,5,1,0,5,7,9,2,True,False,7,B,x,,9,B,7,D,7,F#,7,B
113111,4.x.6.4.4.4,3,1,2,5,1,0,5,4,6,2,True,False,4,G#,x,,6,G#,4,B,4,D#,4,G#
113111,10.10.12.10.10.10,3,1,3,6,0,0,6,10,12,2,True,False,10,D,10,G,12,D,10,F,10,A,10,D
113114,1.1.3.1.1.3,1,1,1,6,0,0,6,1,3,2,True,False,1,F,1,A#,3,F,1,G#,1,C,3,G
113114,3.3.5.3.3.5,1,1,2,6,0,0,6,3,5,2,True,False,3,G,3,C,5,G,3,A#,3,D,5,A
113121,4.4.6.4.5.4,43,6,1,6,0,0,6,4,6,2,True,False,4,G#,4,C#,6,G#,4,B,5,E,4,G#
113121,2.2.4.2.3.2,9,4,2,6,0,0,6,2,4,2,True,False,2,F#,2,B,4,F#,2,A,3,D,2,F#
113121,7.7.9.7.8.7,8,4,3,6,0,0,6,7,9,2,True,False,7,B,7,E,9,B,7,D,8,G,7,B
113121,5.5.7.5.6.5,6,1,4,6,0,0,6,5,7,2,True,False,5,A,5,D,7,A,5,C,6,F,5,A
113121,9.9.11.9.10.9,4,3,5,6,0,0,6,9,11,2,True,False,9,C#,9,F#,11,C#,9,E,10,A,9,C#
113124,4.4.6.4.5.7,3,2,1,6,0,0,6,4,7,3,True,False,4,G#,4,C#,6,G#,4,B,5,E,7,B
113124,7.7.9.7.8.10,3,1,2,6,0,0,6,7,10,3,True,False,7,B,7,E,9,B,7,D,8,G,10,D
113124,2.2.4.2.3.5,2,1,3,6,0,0,6,2,5,3,True,False,2,F#,2,B,4,F#,2,A,3,D,5,A
113141,2.2.4.2.5.2,6,3,1,6,0,0,6,2,5,3,True,False,2,F#,2,B,4,F#,2,A,5,E,2,F#
113141,3.3.5.3.5.3,2,2,2,6,0,0,6,3,5,2,True,False,3,G,3,C,5,G,3,A#,5,E,3,G
113141,5.5.7.5.7.5,2,1,3,6,0,0,6,5,7,2,True,False,5,A,5,D,7,A,5,C,7,F#,5,A
113141,2.2.4.2.4.2,1,1,4,6,0,0,6,2,4,2,True,False,2,F#,2,B,4,F#,2,A,4,D#,2,F#
113141,6.6.8.6.8.6,1,1,5,6,0,0,6,6,8,2,True,False,6,A#,6,D#,8,A#,6,C#,8,G,6,A#
113141,3.3.5.3.6.3,1,1,6,6,0,0,6,3,6,3,True,False,3,G,3,C,5,G,3,A#,6,F,3,G
113141,4.4.6.4.7.4,1,1,7,6,0,0,6,4,7,3,True,False,4,G#,4,C#,6,G#,4,B,7,F#,4,G#
113141,9.9.11.9.12.9,1,1,8,6,0,0,6,9,12,3,True,False,9,C#,9,F#,11,C#,9,E,12,B,9,C#
113144,4.4.6.4.7.7,10,2,1,6,0,0,6,4,7,3,True,False,4,G#,4,C#,6,G#,4,B,7,F#,7,B
1132--,5.x.7.6.0.0,2,1,1,5,1,2,3,5,7,2,True,False,5,A,x,,7,A,6,C#,0,B,0,E
113211,5.5.7.6.5.5,5,2,1,6,0,0,6,5,7,2,True,False,5,A,5,D,7,A,6,C#,5,E,5,A
113211,7.7.9.8.7.7,2,1,2,6,0,0,6,7,9,2,True,False,7,B,7,E,9,B,8,D#,7,F#,7,B
113241,7.7.9.8.9.7,3,2,1,6,0,0,6,7,9,2,True,False,7,B,7,E,9,B,8,D#,9,G#,7,B
113241,5.5.7.6.7.5,2,1,2,6,0,0,6,5,7,2,True,False,5,A,5,D,7,A,6,C#,7,F#,5,A
113241,3.3.5.4.5.3,1,1,3,6,0,0,6,3,5,2,True,False,3,G,3,C,5,G,4,B,5,E,3,G
113241,6.x.8.7.8.6,1,1,4,5,1,0,5,6,8,2,True,False,6,A#,x,,8,A#,7,D,8,G,6,A#
113241,7.x.9.8.9.7,1,1,5,5,1,0,5,7,9,2,True,False,7,B,x,,9,B,8,D#,9,G#,7,B
113333,5.5.7.7.7.7,8,3,1,6,0,0,6,5,7,2,True,False,5,A,5,D,7,A,7,D,7,F#,7,B
113333,3.3.5.5.5.5,3,1,2,6,0,0,6,3,5,2,True,False,3,G,3,C,5,G,5,C,5,E,5,A
113333,2.2.4.4.4.4,2,2,3,6,0,0,6,2,4,2,True,False,2,F#,2,B,4,F#,4,B,4,D#,4,G#
113411,2.2.4.4.2.2,3,2,1,6,0,0,6,2,4,2,True,False,2,F#,2,B,4,F#,4,B,2,C#,2,F#
113411,5.5.7.7.5.5,3,1,2,6,0,0,6,5,7,2,True,False,5,A,5,D,7,A,7,D,5,E,5,A
113411,3.3.5.5.3.3,2,1,3,6,0,0,6,3,5,2,True,False,3,G,3,C,5,G,5,C,3,D,3,G
113421,4.4.6.6.5.4,16,6,1,6,0,0,6,4,6,2,True,False,4,G#,4,C#,6,G#,6,C#,5,E,4,G#
113421,x.4.6.6.5.4,2,1,2,5,1,0,5,4,6,2,True,False,x,,4,C#,6,G#,6,C#,5,E,4,G#
113421,5.5.7.7.6.5,2,1,3,6,0,0,6,5,7,2,True,False,5,A,5,D,7,A,7,D,6,F,5,A
113421,7.7.9.9.8.7,2,1,4,6,0,0,6,7,9,2,True,False,7,B,7,E,9,B,9,E,8,G,7,B
113421,9.9.11.11.10.9,2,1,5,6,0,0,6,9,11,2,True,False,9,C#,9,F#,11,C#,11,F#,10,A,9,C#
114111,4.4.7.4.4.4,1,1,1,6,0,0,6,4,7,3,True,False,4,G#,4,C#,7,A,4,B,4,D#,4,G#
1142--,2.2.4.2.0.0,1,1,1,6,0,2,4,2,4,2,True,False,2,F#,2,B,4,F#,2,A,0,B,0,E
121131,6.7.6.6.7.6,1,1,1,6,0,0,6,6,7,1,True,False,6,A#,7,E,6,G#,6,C#,7,F#,6,A#
121141,7.8.7.7.9.7,1,1,1,6,0,0,6,7,9,2,True,False,7,B,8,F,7,A,7,D,9,G#,7,B
121141,7.8.x.7.9.7,1,1,2,5,1,0,5,7,9,2,True,False,7,B,8,F,x,,7,D,9,G#,7,B
121143,7.8.7.7.9.8,1,1,1,6,0,0,6,7,9,2,True,False,7,B,8,F,7,A,7,D,9,G#,8,C
121314,3.4.3.4.3.4,6,1,1,6,0,0,6,3,4,1,True,False,3,G,4,C#,3,F,4,B,3,D,4,G#
121314,3.5.3.5.3.5,4,2,2,6,0,0,6,3,5,2,True,False,3,G,5,D,3,F,5,C,3,D,5,A
121314,3.5.3.5.3.6,1,1,3,6,0,0,6,3,6,3,True,False,3,G,5,D,3,F,5,C,3,D,6,A#
121341,1.3.1.3.3.1,6,1,1,6,0,0,6,1,3,2,True,False,1,F,3,C,1,D#,3,A#,3,D,1,F
121341,3.4.3.4.5.3,2,1,2,6,0,0,6,3,5,2,True,False,3,G,4,C#,3,F,4,B,5,E,3,G
121341,3.5.3.5.5.3,2,1,3,6,0,0,6,3,5,2,True,False,3,G,5,D,3,F,5,C,5,E,3,G
121341,4.6.4.6.6.4,2,1,4,6,0,0,6,4,6,2,True,False,4,G#,6,D#,4,F#,6,C#,6,F,4,G#
121341,7.8.7.8.8.7,1,1,5,6,0,0,6,7,8,1,True,False,7,B,8,F,7,A,8,D#,8,G,7,B
123111,7.9.9.7.x.x,1,1,1,4,2,0,4,7,9,2,True,False,7,B,9,F#,9,B,7,D,x,,x,
123114,5.6.7.5.x.8,2,1,1,5,1,0,5,5,8,3,True,False,5,A,6,D#,7,A,5,C,x,,8,C
123114,7.8.9.7.7.9,1,1,2,6,0,0,6,7,9,2,True,False,7,B,8,F,9,B,7,D,7,F#,9,C#
123141,2.3.4.2.4.2,10,1,1,6,0,0,6,2,4,2,True,False,2,F#,3,C,4,F#,2,A,4,D#,2,F#
123141,3.4.5.3.5.3,5,2,2,6,0,0,6,3,5,2,True,False,3,G,4,C#,5,G,3,A#,5,E,3,G
123141,5.6.7.5.7.5,5,3,3,6,0,0,6,5,7,2,True,False,5,A,6,D#,7,A,5,C,7,F#,5,A
123141,2.4.5.2.5.2,2,1,4,6,0,0,6,2,5,3,True,False,2,F#,4,C#,5,G,2,A,5,E,2,F#
123141,1.3.3.1.3.1,1,1,5,6,0,0,6,1,3,2,True,False,1,F,3,C,3,F,1,G#,3,D,1,F
123141,7.8.9.7.9.7,1,1,6,6,0,0,6,7,9,2,True,False,7,B,8,F,9,B,7,D,9,G#,7,B
123144,3.4.5.3.5.5,1,1,1,6,0,0,6,3,5,2,True,False,3,G,4,C#,5,G,3,A#,5,E,5,A
123411,3.5.5.4.3.3,6,1,1,6,0,0,6,3,5,2,True,False,3,G,5,D,5,G,4,B,3,D,3,G
123411,3.5.5.5.3.3,4,1,2,6,0,0,6,3,5,2,True,False,3,G,5,D,5,G,5,C,3,D,3,G
123411,5.7.7.6.5.5,4,2,3,6,0,0,6,5,7,2,True,False,5,A,7,E,7,A,6,C#,5,E,5,A
123411,7.9.9.8.7.7,2,1,4,6,0,0,6,7,9,2,True,False,7,B,9,F#,9,B,8,D#,7,F#,7,B
123411,9.10.11.12.9.9,2,1,5,6,0,0,6,9,12,3,True,False,9,C#,10,G,11,C#,12,G,9,G#,9,C#
124131,2.3.4.2.3.2,2,1,1,6,0,0,6,2,4,2,True,False,2,F#,3,C,4,F#,2,A,3,D,2,F#
13-24-,4.6.x.5.7.0,1,1,1,5,1,1,4,4,7,3,True,False,4,G#,6,D#,x,,5,C,7,F#,0,E
1311--,7.9.7.7.x.x,1,1,1,4,2,0,4,7,9,2,True,False,7,B,9,F#,7,A,7,D,x,,x,
131111,4.6.4.4.4.4,18,4,1,6,0,0,6,4,6,2,True,False,4,G#,6,D#,4,F#,4,B,4,D#,4,G#
131111,2.4.2.2.2.2,13,4,2,6,0,0,6,2,4,2,True,False,2,F#,4,C#,2,E,2,A,2,C#,2,F#
131111,7.9.7.7.7.7,8,4,3,6,0,0,6,7,9,2,True,False,7,B,9,F#,7,A,7,D,7,F#,7,B
131111,3.5.3.3.3.3,3,1,4,6,0,0,6,3,5,2,True,False,3,G,5,D,3,F,3,A#,3,D,3,G
131111,9.11.9.9.9.9,2,1,5,6,0,0,6,9,11,2,True,False,9,C#,11,G#,9,B,9,E,9,G#,9,C#
131111,5.7.5.5.5.5,1,1,6,6,0,0,6,5,7,2,True,False,5,A,7,E,5,G,5,C,5,E,5,A
131112,7.9.7.7.7.8,2,1,1,6,0,0,6,7,9,2,True,False,7,B,9,F#,7,A,7,D,7,F#,8,C
131114,2.4.2.2.2.4,4,1,1,6,0,0,6,2,4,2,True,False,2,F#,4,C#,2,E,2,A,2,C#,4,G#
131114,2.4.2.2.2.5,1,1,2,6,0,0,6,2,5,3,True,False,2,F#,4,C#,2,E,2,A,2,C#,5,A
131114,7.9.7.7.7.10,1,1,3,6,0,0,6,7,10,3,True,False,7,B,9,F#,7,A,7,D,7,F#,10,D
131141,2.4.2.2.5.2,10,2,1,6,0,0,6,2,5,3,True,False,2,F#,4,C#,2,E,2,A,5,E,2,F#
131141,3.5.3.3.6.3,1,1,2,6,0,0,6,3,6,3,True,False,3,G,5,D,3,F,3,A#,6,F,3,G
131141,7.9.7.7.10.7,1,1,3,6,0,0,6,7,10,3,True,False,7,B,9,F#,7,A,7,D,10,A,7,B
131211,5.7.5.6.5.5,8,1,1,6,0,0,6,5,7,2,True,False,5,A,7,E,5,G,6,C#,5,E,5,A
131211,7.9.7.8.7.7,7,5,2,6,0,0,6,7,9,2,True,False,7,B,9,F#,7,A,8,D#,7,F#,7,B
131211,4.6.4.5.4.4,6,1,3,6,0,0,6,4,6,2,True,False,4,G#,6,D#,4,F#,5,C,4,D#,4,G#
131211,3.5.3.4.3.3,3,1,4,6,0,0,6,3,5,2,True,False,3,G,5,D,3,F,4,B,3,D,3,G
131214,5.7.5.6.8.5,8,1,1,6,0,0,6,5,8,3,True,False,5,A,7,E,5,G,6,C#,8,G,5,A
131231,7.9.7.8.10.7,2,1,1,6,0,0,6,7,10,3,True,False,7,B,9,F#,7,A,8,D#,10,A,7,B
131241,4.6.4.5.7.4,4,1,1,6,0,0,6,4,7,3,True,False,4,G#,6,D#,4,F#,5,C,7,F#,4,G#
131411,2.4.2.4.2.2,1,1,1,6,0,0,6,2,4,2,True,False,2,F#,4,C#,2,E,4,B,2,C#,2,F#
131411,4.6.4.6.4.4,1,1,2,6,0,0,6,4,6,2,True,False,4,G#,6,D#,4,F#,6,C#,4,D#,4,G#
131411,7.9.7.9.7.7,1,1,3,6,0,0,6,7,9,2,True,False,7,B,9,F#,7,A,9,E,7,F#,7,B
131411,5.7.5.8.5.5,1,1,4,6,0,0,6,5,8,3,True,False,5,A,7,E,5,G,8,D#,5,E,5,A
131421,4.5.4.6.5.4,2,2,1,6,0,0,6,4,6,2,True,False,4,G#,5,D,4,F#,6,C#,5,E,4,G#
131511,2.4.2.5.2.2,2,1,1,6,0,0,6,2,5,3,True,False,2,F#,4,C#,2,E,5,C,2,C#,2,F#
1324,x.x.2.3.2.3,1,1,1,4,2,0,4,2,3,1,True,False,x,,x,,2,E,3,A#,2,C#,3,G
133344,3.5.5.x.6.6,2,1,1,5,1,0,5,3,6,3,True,False,3,G,5,D,5,G,x,,6,F,6,A#
133344,7.9.9.9.10.10,2,1,2,6,0,0,6,7,10,3,True,False,7,B,9,F#,9,B,9,E,10,A,10,D
134---,8.10.10.0.x.x,2,1,1,4,2,1,3,8,10,2,True,True,8,C,10,G,10,C,0,G,x,,x,
134111,2.4.4.2.2.2,4,2,1,6,0,0,6,2,4,2,True,False,2,F#,4,C#,4,F#,2,A,2,C#,2,F#
134111,4.6.6.4.4.4,2,1,2,6,0,0,6,4,6,2,True,False,4,G#,6,D#,6,G#,4,B,4,D#,4,G#
134111,4.6.8.4.4.4,1,1,3,6,0,0,6,4,8,4,True,False,4,G#,6,D#,8,A#,4,B,4,D#,4,G#
1342--,5.7.7.6.0.0,6,1,1,6,0,2,4,5,7,2,True,False,5,A,7,E,7,A,6,C#,0,B,0,E
1342--,7.9.9.8.0.0,5,1,2,6,0,2,4,7,9,2,True,True,7,B,9,F#,9,B,8,D#,0,B,0,E
1342--,8.10.10.9.x.x,4,1,3,4,2,0,4,8,10,2,True,False,8,C,10,G,10,C,9,E,x,,x,
1342--,6.8.8.7.x.x,2,1,4,4,2,0,4,6,8,2,True,False,6,A#,8,F,8,A#,7,D,x,,x,
134211,3.5.5.4.3.3,5,3,1,6,0,0,6,3,5,2,True,False,3,G,5,D,5,G,4,B,3,D,3,G
134211,5.7.7.6.5.5,3,2,2,6,0,0,6,5,7,2,True,False,5,A,7,E,7,A,6,C#,5,E,5,A
134211,2.4.4.3.2.2,1,1,3,6,0,0,6,2,4,2,True,False,2,F#,4,C#,4,F#,3,A#,2,C#,2,F#
134211,4.6.6.5.4.4,1,1,4,6,0,0,6,4,6,2,True,False,4,G#,6,D#,6,G#,5,C,4,D#,4,G#
134211,5.7.7.6.5.x,1,1,5,5,1,0,5,5,7,2,True,False,5,A,7,E,7,A,6,C#,5,E,x,
143111,4.7.6.4.4.4,1,1,1,6,0,0,6,4,7,3,True,False,4,G#,7,E,6,G#,4,B,4,D#,4,G#
2-----,3.x.0.0.0.0,8,2,1,5,1,4,1,3,3,0,True,False,3,G,x,,0,D,0,G,0,B,0,E
2-----,3.x.x.x.x.x,8,3,2,1,5,0,1,3,3,0,True,False,3,G,x,,x,,x,,x,,x,
2-----,3.x.0.0.0.x,7,3,3,4,2,3,1,3,3,0,True,False,3,G,x,,0,D,0,G,0,B,x,
2-----,2.0.0.0.0.0,5,2,4,6,0,5,1,2,2,0,True,False,2,F#,0,A,0,D,0,G,0,B,0,E
2-----,3.0.0.0.0.0,2,1,5,6,0,5,1,3,3,0,True,False,3,G,0,A,0,D,0,G,0,B,0,E
2---1-,4.x.x.x.3.0,4,1,1,3,3,1,2,3,4,1,True,False,4,G#,x,,x,,x,,3,D,0,E
2---1-,4.x.x.x.3.x,2,1,2,2,4,0,2,3,4,1,True,False,4,G#,x,,x,,x,,3,D,x,
2---3-,3.x.0.0.3.x,7,2,1,4,2,2,2,3,3,0,True,False,3,G,x,,0,D,0,G,3,D,x,
2---4-,6.x.x.x.8.x,9,1,1,2,4,0,2,6,8,2,True,False,6,A#,x,,x,,x,,8,G,x,
2--1--,3.x.0.2.0.0,3,1,1,5,1,3,2,2,3,1,True,False,3,G,x,,0,D,2,A,0,B,0,E
2--13-,3.0.0.2.3.0,3,1,1,6,0,3,3,2,3,1,True,False,3,G,0,A,0,D,2,A,3,D,0,E
2--13-,3.x.0.2.3.0,2,1,2,5,1,2,3,2,3,1,True,False,3,G,x,,0,D,2,A,3,D,0,E
2--131,2.x.0.2.3.2,3,1,1,5,1,1,4,2,3,1,True,False,2,F#,x,,0,D,2,A,3,D,2,F#
2--3--,2.0.0.2.0.x,4,1,1,5,1,3,2,2,2,0,True,False,2,F#,0,A,0,D,2,A,0,B,x,
2--3--,2.x.0.2.x.x,4,1,2,3,3,1,2,2,2,0,True,False,2,F#,x,,0,D,2,A,x,,x,
2--3--,2.0.x.2.0.0,2,1,3,5,1,3,2,2,2,0,True,False,2,F#,0,A,x,,2,A,0,B,0,E
2--3-4,4.0.0.4.0.4,2,2,1,6,0,3,3,4,4,0,True,False,4,G#,0,A,0,D,4,B,0,B,4,G#
2--31-,4.0.0.4.3.0,2,2,1,6,0,3,3,3,4,1,True,False,4,G#,0,A,0,D,4,B,3,D,0,E
2--31-,4.x.0.4.3.0,2,1,2,5,1,2,3,3,4,1,True,False,4,G#,x,,0,D,4,B,3,D,0,E
2--314,4.x.x.4.3.4,1,1,1,4,2,0,4,3,4,1,True,False,4,G#,x,,x,,4,B,3,D,4,G#
2--34-,2.x.0.2.3.x,4,1,1,4,2,1,3,2,3,1,True,False,2,F#,x,,0,D,2,A,3,D,x,
2--34-,2.0.0.2.3.0,2,1,2,6,0,3,3,2,3,1,True,False,2,F#,0,A,0,D,2,A,3,D,0,E
2--34-,2.0.0.2.3.x,2,1,3,5,1,2,3,2,3,1,True,False,2,F#,0,A,0,D,2,A,3,D,x,
2--34-,2.x.0.2.3.0,2,1,4,5,1,2,3,2,3,1,True,False,2,F#,x,,0,D,2,A,3,D,0,E
2--34--,2.0.2.2.0.0,2,1,1,6,0,3,3,2,2,0,True,False,2,F#,0,A,2,E,2,A,0,B,0,E
2--41-,3.x.0.4.2.0,1,1,1,5,1,2,3,2,4,2,True,False,3,G,x,,0,D,4,B,2,C#,0,E
2-1-3-,3.x.2.0.3.x,6,1,1,4,2,1,3,2,3,1,True,False,3,G,x,,2,E,0,G,3,D,x,
2-1-3-,8.x.7.0.8.x,4,1,2,4,2,1,3,7,8,1,True,True,8,C,x,,7,A,0,G,8,G,x,
2-1-3-,6.x.5.x.6.x,3,1,3,3,3,0,3,5,6,1,True,False,6,A#,x,,5,G,x,,6,F,x,
2-1-34,8.x.7.0.8.8,4,1,1,5,1,1,4,7,8,1,True,True,8,C,x,,7,A,0,G,8,G,8,C
2-1-34,3.x.2.0.3.3,3,2,2,5,1,1,4,2,3,1,True,False,3,G,x,,2,E,0,G,3,D,3,G
2-1-34,6.x.5.0.6.6,3,1,3,5,1,1,4,5,6,1,True,False,6,A#,x,,5,G,0,G,6,F,6,A#
2-1111,3.x.2.2.2.2,5,1,1,5,1,0,5,2,3,1,True,False,3,G,x,,2,E,2,A,2,C#,2,F#
2-1111,7.x.6.6.6.6,1,1,2,5,1,0,5,6,7,1,True,False,7,B,x,,6,G#,6,C#,6,F,6,A#
2-1141,5.x.4.4.7.4,1,1,1,5,1,0,5,4,7,3,True,False,5,A,x,,4,F#,4,B,7,F#,4,G#
2-13--,2.x.1.2.0.x,5,1,1,4,2,1,3,1,2,1,True,False,2,F#,x,,1,D#,2,A,0,B,x,
2-13--,9.x.7.9.x.x,5,1,2,3,3,0,3,7,9,2,True,False,9,C#,x,,7,A,9,E,x,,x,
2-13--,2.x.1.2.0.0,4,1,3,5,1,2,3,1,2,1,True,False,2,F#,x,,1,D#,2,A,0,B,0,E
2-13--,4.x.2.4.0.0,3,2,4,5,1,2,3,2,4,2,True,False,4,G#,x,,2,E,4,B,0,B,0,E
2-13--,11.x.9.11.0.x,3,1,5,4,2,1,3,9,11,2,True,True,11,D#,x,,9,B,11,F#,0,B,x,
2-13--,7.x.6.7.0.0,2,1,6,5,1,2,3,6,7,1,True,True,7,B,x,,6,G#,7,D,0,B,0,E
2-13-4,2.x.1.2.0.2,18,1,1,5,1,1,4,1,2,1,True,False,2,F#,x,,1,D#,2,A,0,B,2,F#
2-13-4,7.x.5.7.0.7,2,1,2,5,1,1,4,5,7,2,True,False,7,B,x,,5,G,7,D,0,B,7,B
2-1333,7.x.6.7.7.7,2,1,1,5,1,0,5,6,7,1,True,False,7,B,x,,6,G#,7,D,7,F#,7,B
2-134-,2.x.1.2.3.x,13,3,1,4,2,0,4,1,3,2,True,False,2,F#,x,,1,D#,2,A,3,D,x,
2-134-,6.x.5.6.7.0,9,1,2,5,1,1,4,5,7,2,True,False,6,A#,x,,5,G,6,C#,7,F#,0,E
2-134-,4.x.2.4.5.x,3,2,3,4,2,0,4,2,5,3,True,False,4,G#,x,,2,E,4,B,5,E,x,
2-134-,7.x.6.7.7.0,2,1,4,5,1,1,4,6,7,1,True,True,7,B,x,,6,G#,7,D,7,F#,0,E
2-134-,5.x.4.6.7.0,2,1,5,5,1,1,4,4,7,3,True,False,5,A,x,,4,F#,6,C#,7,F#,0,E
2-134-,6.x.4.6.7.0,2,1,6,5,1,1,4,4,7,3,True,False,6,A#,x,,4,F#,6,C#,7,F#,0,E
2-134-,9.x.7.9.10.0,2,1,7,5,1,1,4,7,10,3,True,True,9,C#,x,,7,A,9,E,10,A,0,E
2-134-,4.x.2.4.4.0,1,1,8,5,1,1,4,2,4,2,True,False,4,G#,x,,2,E,4,B,4,D#,0,E
2-134-,6.x.5.6.7.x,1,1,9,4,2,0,4,5,7,2,True,False,6,A#,x,,5,G,6,C#,7,F#,x,
2-134-,4.x.2.4.5.0,1,1,10,5,1,1,4,2,5,3,True,False,4,G#,x,,2,E,4,B,5,E,0,E
2-134-,6.x.4.6.7.x,1,1,11,4,2,0,4,4,7,3,True,False,6,A#,x,,4,F#,6,C#,7,F#,x,
2-134-,6.x.5.7.8.0,1,1,12,5,1,1,4,5,8,3,True,False,6,A#,x,,5,G,7,D,8,G,0,E
2-1341,9.x.7.9.10.x,1,1,1,4,2,0,4,7,10,3,True,False,9,C#,x,,7,A,9,E,10,A,x,
2-1344,7.x.6.7.9.9,2,1,1,5,1,0,5,6,9,3,True,False,7,B,x,,6,G#,7,D,9,G#,9,C#
2-14--,2.x.1.2.0.x,1,1,1,4,2,1,3,1,2,1,True,False,2,F#,x,,1,D#,2,A,0,B,x,
2-14--,5.x.4.6.0.0,1,1,2,5,1,2,3,4,6,2,True,False,5,A,x,,4,F#,6,C#,0,B,0,E
2-143-,10.x.9.11.10.0,4,1,1,5,1,1,4,9,11,2,True,True,10,D,x,,9,B,11,F#,10,A,0,E
2-143-,8.x.7.9.8.0,3,1,2,5,1,1,4,7,9,2,True,True,8,C,x,,7,A,9,E,8,G,0,E
2-1431,3.0.2.4.3.2,2,2,1,6,0,1,5,2,4,2,True,False,3,G,0,A,2,E,4,B,3,D,2,F#
2-3--4,5.0.5.0.x.5,2,1,1,5,1,2,3,5,5,0,True,False,5,A,0,A,5,G,0,G,x,,5,A
2-3-4--,7.0.7.0.7.0,2,2,1,6,0,3,3,7,7,0,True,True,7,B,0,A,7,A,0,G,7,F#,0,E
2-3-41,5.0.5.0.5.3,2,1,1,6,0,2,4,3,5,2,True,False,5,A,0,A,5,G,0,G,5,E,3,G
2-31--,7.x.7.6.0.0,13,5,1,5,1,2,3,6,7,1,True,True,7,B,x,,7,A,6,C#,0,B,0,E
2-31--,8.x.8.7.0.0,3,1,2,5,1,2,3,7,8,1,True,True,8,C,x,,8,A#,7,D,0,B,0,E
2-31-4,3.x.3.2.0.3,12,1,1,5,1,1,4,2,3,1,True,False,3,G,x,,3,F,2,A,0,B,3,G
2-31-4,7.x.7.6.0.7,7,4,2,5,1,1,4,6,7,1,True,True,7,B,x,,7,A,6,C#,0,B,7,B
2-314-,7.x.7.6.7.0,19,5,1,5,1,1,4,6,7,1,True,True,7,B,x,,7,A,6,C#,7,F#,0,E
2-314-,8.x.8.7.8.0,4,2,2,5,1,1,4,7,8,1,True,True,8,C,x,,8,A#,7,D,8,G,0,E
2-314-,7.x.7.5.7.0,3,2,3,5,1,1,4,5,7,2,True,False,7,B,x,,7,A,5,C,7,F#,0,E
2-314-,9.x.9.8.9.0,2,1,4,5,1,1,4,8,9,1,True,True,9,C#,x,,9,B,8,D#,9,G#,0,E
2-314-,10.x.10.9.10.0,2,1,5,5,1,1,4,9,10,1,True,True,10,D,x,,10,C,9,E,10,A,0,E
2-314-,7.x.7.6.7.x,1,1,6,4,2,0,4,6,7,1,True,False,7,B,x,,7,A,6,C#,7,F#,x,
2-3333,2.0.2.2.2.2,3,2,1,6,0,1,5,2,2,0,True,False,2,F#,0,A,2,E,2,A,2,C#,2,F#
2-3333,2.0.2.2.2.x,2,1,2,5,1,1,4,2,2,0,True,False,2,F#,0,A,2,E,2,A,2,C#,x,
2-3333,7.x.7.7.7.7,2,1,3,5,1,0,5,7,7,0,True,False,7,B,x,,7,A,7,D,7,F#,7,B
2-3344,9.x.9.9.10.10,2,1,1,5,1,0,5,9,10,1,True,False,9,C#,x,,9,B,9,E,10,A,10,D
2-34--,2.x.2.2.0.0,8,3,1,5,1,2,3,2,2,0,True,False,2,F#,x,,2,E,2,A,0,B,0,E
2-34--,2.x.2.2.x.x,7,2,2,3,3,0,3,2,2,0,True,False,2,F#,x,,2,E,2,A,x,,x,
2-34--,9.x.9.9.0.0,5,1,3,5,1,2,3,9,9,0,True,True,9,C#,x,,9,B,9,E,0,B,0,E
2-34--,4.x.4.4.0.0,4,2,4,5,1,2,3,4,4,0,True,False,4,G#,x,,4,F#,4,B,0,B,0,E
2-34--,4.x.4.4.x.x,4,2,5,3,3,0,3,4,4,0,True,False,4,G#,x,,4,F#,4,B,x,,x,
2-34--,2.0.2.2.0.0,2,1,6,6,0,3,3,2,2,0,True,False,2,F#,0,A,2,E,2,A,0,B,0,E
2-34--,7.x.7.7.0.0,2,1,7,5,1,2,3,7,7,0,True,True,7,B,x,,7,A,7,D,0,B,0,E
2-34--,2.x.2.3.x.0,2,1,8,4,2,1,3,2,3,1,True,False,2,F#,x,,2,E,3,A#,x,,0,E
2-34--,2.x.2.2.0.x,1,1,9,4,2,1,3,2,2,0,True,False,2,F#,x,,2,E,2,A,0,B,x,
2-34--,4.x.4.4.0.x,1,1,10,4,2,1,3,4,4,0,True,False,4,G#,x,,4,F#,4,B,0,B,x,
2-34--,7.x.7.7.x.x,1,1,11,3,3,0,3,7,7,0,True,False,7,B,x,,7,A,7,D,x,,x,
2-34--,5.x.5.6.0.0,1,1,12,5,1,2,3,5,6,1,True,False,5,A,x,,5,G,6,C#,0,B,0,E
2-341-,12.x.12.12.10.0,2,1,1,5,1,1,4,10,12,2,True,True,12,E,x,,12,D,12,G,10,A,0,E
2-341-,6.x.6.6.5.0,1,1,2,5,1,1,4,5,6,1,True,False,6,A#,x,,6,G#,6,C#,5,E,0,E
2-341-,5.x.5.6.4.0,1,1,3,5,1,1,4,4,6,2,True,False,5,A,x,,5,G,6,C#,4,D#,0,E
2-344(har)-,12.x.12.12.12.0,2,1,1,5,1,1,4,12,12,0,True,True,12,E,x,,12,D,12,G,12,B,0,E
2-4-31,2.0.4.2.3.2,2,2,1,6,0,1,5,2,4,2,True,False,2,F#,0,A,4,F#,2,A,3,D,2,F#
21----,3.2.x.x.x.x,4,1,1,2,4,0,2,2,3,1,True,False,3,G,2,B,x,,x,,x,,x,
21---3,3.2.0.0.0.3,8,2,1,6,0,3,3,2,3,1,True,False,3,G,2,B,0,D,0,G,0,B,3,G
21--3-,3.2.0.0.3.0,1,1,1,6,0,3,3,2,3,1,True,False,3,G,2,B,0,D,0,G,3,D,0,E
21--34,3.2.0.0.3.3,1,1,1,6,0,2,4,2,3,1,True,False,3,G,2,B,0,D,0,G,3,D,3,G
211---,3.2.2.x.x.x,2,1,1,3,3,0,3,2,3,1,True,False,3,G,2,B,2,E,x,,x,,x,
211111,8.7.7.7.7.7,4,1,1,6,0,0,6,7,8,1,True,False,8,C,7,E,7,A,7,D,7,F#,7,B
211111,6.5.5.5.5.5,2,1,2,6,0,0,6,5,6,1,True,False,6,A#,5,D,5,G,5,C,5,E,5,A
211131,8.7.7.7.8.7,4,1,1,6,0,0,6,7,8,1,True,False,8,C,7,E,7,A,7,D,8,G,7,B
211131,4.3.3.3.4.3,2,1,2,6,0,0,6,3,4,1,True,False,4,G#,3,C,3,F,3,A#,4,D#,3,G
211131,6.5.5.5.6.5,2,1,3,6,0,0,6,5,6,1,True,False,6,A#,5,D,5,G,5,C,6,F,5,A
211131,3.2.2.2.3.2,1,1,4,6,0,0,6,2,3,1,True,False,3,G,2,B,2,E,2,A,3,D,2,F#
211131,6.5.5.5.6.x,1,1,5,5,1,0,5,5,6,1,True,False,6,A#,5,D,5,G,5,C,6,F,x,
211131,7.6.6.6.7.x,1,1,6,5,1,0,5,6,7,1,True,False,7,B,6,D#,6,G#,6,C#,7,F#,x,
211134,5.4.4.4.5.5,2,1,1,6,0,0,6,4,5,1,True,False,5,A,4,C#,4,F#,4,B,5,E,5,A
211141,3.2.2.2.5.2,1,1,1,6,0,0,6,2,5,3,True,False,3,G,2,B,2,E,2,A,5,E,2,F#
211311,6.5.5.6.5.5,2,2,1,6,0,0,6,5,6,1,True,False,6,A#,5,D,5,G,6,C#,5,E,5,A
211311,4.3.3.4.3.3,1,1,2,6,0,0,6,3,4,1,True,False,4,G#,3,C,3,F,4,B,3,D,3,G
211341,3.2.2.3.3.2,3,1,1,6,0,0,6,2,3,1,True,False,3,G,2,B,2,E,3,A#,3,D,2,F#
211341,8.7.7.8.8.7,2,1,2,6,0,0,6,7,8,1,True,False,8,C,7,E,7,A,8,D#,8,G,7,B
211341,6.5.5.6.7.5,2,2,3,6,0,0,6,5,7,2,True,False,6,A#,5,D,5,G,6,C#,7,F#,5,A
211341,5.4.4.5.5.4,1,1,4,6,0,0,6,4,5,1,True,False,5,A,4,C#,4,F#,5,C,5,E,4,G#
211341,6.5.5.6.6.5,1,1,5,6,0,0,6,5,6,1,True,False,6,A#,5,D,5,G,6,C#,6,F,5,A
211341,4.3.3.4.5.3,1,1,6,6,0,0,6,3,5,2,True,False,4,G#,3,C,3,F,4,B,5,E,3,G
211341,8.7.7.8.9.7,1,1,7,6,0,0,6,7,9,2,True,False,8,C,7,E,7,A,8,D#,9,G#,7,B
211341,6.5.5.6.8.5,1,1,8,6,0,0,6,5,8,3,True,False,6,A#,5,D,5,G,6,C#,8,G,5,A
211341,9.8.8.9.11.8,1,1,9,6,0,0,6,8,11,3,True,False,9,C#,8,F,8,A#,9,E,11,A#,8,C
213---,3.2.3.0.0.0,3,1,1,6,0,3,3,2,3,1,True,False,3,G,2,B,3,F,0,G,0,B,0,E
213---,5.4.5.0.0.0,3,1,2,6,0,3,3,4,5,1,True,False,5,A,4,C#,5,G,0,G,0,B,0,E
213---,12.11.12.x.0.0,2,1,3,5,1,2,3,11,12,1,True,True,12,E,11,G#,12,D,x,,0,B,0,E
213---,3.2.3.0.x.x,1,1,4,4,2,1,3,2,3,1,True,False,3,G,2,B,3,F,0,G,x,,x,
213--4,3.2.3.0.0.3,2,1,1,6,0,2,4,2,3,1,True,False,3,G,2,B,3,F,0,G,0,B,3,G
213--4,5.4.5.0.0.5,2,1,2,6,0,2,4,4,5,1,True,False,5,A,4,C#,5,G,0,G,0,B,5,A
213-4-,8.7.8.0.8.0,2,1,1,6,0,2,4,7,8,1,True,True,8,C,7,E,8,A#,0,G,8,G,0,E
213-4-,3.2.3.0.3.0,1,1,2,6,0,2,4,2,3,1,True,False,3,G,2,B,3,F,0,G,3,D,0,E
213141,7.5.7.5.7.5,2,1,1,6,0,0,6,5,7,2,True,False,7,B,5,D,7,A,5,C,7,F#,5,A
2133--,7.6.7.x.0.x,1,1,1,4,2,1,3,6,7,1,True,True,7,B,6,D#,7,A,x,,0,B,x,
21334-,3.2.3.0.3.x,3,1,1,5,1,1,4,2,3,1,True,False,3,G,2,B,3,F,0,G,3,D,x,
2134--,7.6.7.7.0.x,10,2,1,5,1,1,4,6,7,1,True,True,7,B,6,D#,7,A,7,D,0,B,x,
2134--,5.4.5.6.0.0,6,1,2,6,0,2,4,4,6,2,True,False,5,A,4,C#,5,G,6,C#,0,B,0,E
2134--,8.7.8.9.0.x,3,1,3,5,1,1,4,7,9,2,True,True,8,C,7,E,8,A#,9,E,0,B,x,
2134--,9.8.9.10.x.x,3,1,4,4,2,0,4,8,10,2,True,False,9,C#,8,F,9,B,10,F,x,,x,
2134--,10.9.10.11.x.x,3,1,5,4,2,0,4,9,11,2,True,False,10,D,9,F#,10,C,11,F#,x,,x,
2134--,11.10.11.12.x.x,3,1,6,4,2,0,4,10,12,2,True,False,11,D#,10,G,11,C#,12,G,x,,x,
2134--,5.4.5.6.x.x,2,2,7,4,2,0,4,4,6,2,True,False,5,A,4,C#,5,G,6,C#,x,,x,
2134--,5.4.5.6.0.x,1,1,8,5,1,1,4,4,6,2,True,False,5,A,4,C#,5,G,6,C#,0,B,x,
2134--,7.6.7.8.0.x,1,1,9,5,1,1,4,6,8,2,True,True,7,B,6,D#,7,A,8,D#,0,B,x,
21344,x.5.4.5.6.6,5,1,1,5,1,0,5,4,6,2,True,False,x,,5,D,4,F#,5,C,6,F,6,A#
213444,9.8.9.10.10.10,3,1,1,6,0,0,6,8,10,2,True,False,9,C#,8,F,9,B,10,F,10,A,10,D
221---,2.x.1.0.x.x,3,1,1,3,3,1,2,1,2,1,True,False,2,F#,x,,1,D#,0,G,x,,x,
2213--,2.x.1.2.x.x,3,1,1,3,3,0,3,1,2,1,True,False,2,F#,x,,1,D#,2,A,x,,x,
2213--,3.x.2.3.x.x,3,1,2,3,3,0,3,2,3,1,True,False,3,G,x,,2,E,3,A#,x,,x,
221333,3.3.2.3.3.3,7,1,1,6,0,0,6,2,3,1,True,False,3,G,3,C,2,E,3,A#,3,D,3,G
221333,2.2.1.2.2.2,1,1,2,6,0,0,6,1,2,1,True,False,2,F#,2,B,1,D#,2,A,2,C#,2,F#
221344,2.2.1.2.3.3,1,1,1,6,0,0,6,1,3,2,True,False,2,F#,2,B,1,D#,2,A,3,D,3,G
2231--,7.x.7.6.0.0,1,1,1,5,1,2,3,6,7,1,True,True,7,B,x,,7,A,6,C#,0,B,0,E
22314-,7.x.7.6.7.0,2,1,1,5,1,1,4,6,7,1,True,True,7,B,x,,7,A,6,C#,7,F#,0,E
2234--,2.x.2.2.0.0,4,1,1,5,1,2,3,2,2,0,True,False,2,F#,x,,2,E,2,A,0,B,0,E
2234--,4.x.4.4.0.0,3,1,2,5,1,2,3,4,4,0,True,False,4,G#,x,,4,F#,4,B,0,B,0,E
2234--,2.x.2.3.0.0,2,1,3,5,1,2,3,2,3,1,True,False,2,F#,x,,2,E,3,A#,0,B,0,E
22344-,2.x.2.3.x.0,1,1,1,4,2,1,3,2,3,1,True,False,2,F#,x,,2,E,3,A#,x,,0,E
23----,8.9.0.x.x.x,2,1,1,3,3,1,2,8,9,1,True,True,8,C,9,F#,0,D,x,,x,,x,
231---,8.9.7.x.x.x,3,1,1,3,3,0,3,7,9,2,True,False,8,C,9,F#,7,A,x,,x,,x,
231---,7.7.6.x.x.x,1,1,2,3,3,0,3,6,7,1,True,False,7,B,7,E,6,G#,x,,x,,x,
231111,8.9.7.7.7.7,1,1,1,6,0,0,6,7,9,2,True,False,8,C,9,F#,7,A,7,D,7,F#,7,B
3,3.2.0.0.3.3,4,1,1,6,0,2,4,2,3,1,True,False,3,G,2,B,0,D,0,G,3,D,3,G
3-----,3.x.0.0.0.x,4,2,1,4,2,3,1,3,3,0,True,False,3,G,x,,0,D,0,G,0,B,x,
3-----,3.0.0.0.0.0,2,1,2,6,0,5,1,3,3,0,True,False,3,G,0,A,0,D,0,G,0,B,0,E
3-----,3.x.x.x.x.x,2,1,3,1,5,0,1,3,3,0,True,False,3,G,x,,x,,x,,x,,x,
3-----,3.x.x.x.0.x,1,1,4,2,4,1,1,3,3,0,True,False,3,G,x,,x,,x,,0,B,x,
3------,3.0.0.0.0.0,1,1,1,6,0,5,1,3,3,0,True,False,3,G,0,A,0,D,0,G,0,B,0,E
3----4,3.0.0.0.0.3,1,1,1,6,0,4,2,3,3,0,True,False,3,G,0,A,0,D,0,G,0,B,3,G
3---1-,4.0.0.0.2.0,2,2,1,6,0,4,2,2,4,2,True,False,4,G#,0,A,0,D,0,G,2,C#,0,E
3---1-,4.x.x.x.2.x,1,1,2,2,4,0,2,2,4,2,True,False,4,G#,x,,x,,x,,2,C#,x,
3---11,4.0.0.0.2.2,2,2,1,6,0,3,3,2,4,2,True,False,4,G#,0,A,0,D,0,G,2,C#,2,F#
3--42-,4.x.x.4.3.0,3,1,1,4,2,1,3,3,4,1,True,False,4,G#,x,,x,,4,B,3,D,0,E
3-14--,4.x.2.4.0.0,5,2,1,5,1,2,3,2,4,2,True,False,4,G#,x,,2,E,4,B,0,B,0,E
3-14--,4.x.2.4.0.x,3,2,2,4,2,1,3,2,4,2,True,False,4,G#,x,,2,E,4,B,0,B,x,
3-14--,9.x.7.9.0.0,3,2,3,5,1,2,3,7,9,2,True,True,9,C#,x,,7,A,9,E,0,B,0,E
3-14--,7.x.5.7.0.0,2,1,4,5,1,2,3,5,7,2,True,False,7,B,x,,5,G,7,D,0,B,0,E
3-14--,11.x.9.11.0.0,1,1,5,5,1,2,3,9,11,2,True,True,11,D#,x,,9,B,11,F#,0,B,0,E
3-14--,4.x.1.4.0.0,1,1,6,5,1,2,3,1,4,3,True,False,4,G#,x,,1,D#,4,B,0,B,0,E
3-143,9.0.7.9.8.0,2,1,1,6,0,2,4,7,9,2,True,True,9,C#,0,A,7,A,9,E,8,G,0,E
3-2-1-,3.x.2.0.1.x,7,2,1,4,2,1,3,1,3,2,True,False,3,G,x,,2,E,0,G,1,C,x,
3-2-1-,3.0.2.0.1.0,4,1,2,6,0,3,3,1,3,2,True,False,3,G,0,A,2,E,0,G,1,C,0,E
3-2-14,3.0.2.0.1.3,2,1,1,6,0,2,4,1,3,2,True,False,3,G,0,A,2,E,0,G,1,C,3,G
3-2-14,3.x.2.0.1.3,1,1,2,5,1,1,4,1,3,2,True,False,3,G,x,,2,E,0,G,1,C,3,G
3-2-4-,3.x.2.0.3.x,2,2,1,4,2,1,3,2,3,1,True,False,3,G,x,,2,E,0,G,3,D,x,
3-214-,10.x.9.7.10.0,2,1,1,5,1,1,4,7,10,3,True,True,10,D,x,,9,B,7,D,10,A,0,E
3-241-,4.x.3.4.2.0,6,1,1,5,1,1,4,2,4,2,True,False,4,G#,x,,3,F,4,B,2,C#,0,E
3-31--,7.x.7.5.0.0,1,1,1,5,1,2,3,5,7,2,True,False,7,B,x,,7,A,5,C,0,B,0,E
3-41--,4.x.4.1.0.0,1,1,1,5,1,2,3,1,4,3,True,False,4,G#,x,,4,F#,1,G#,0,B,0,E
3-42--,7.x.7.6.0.0,1,1,1,5,1,2,3,6,7,1,True,True,7,B,x,,7,A,6,C#,0,B,0,E
3-42-1,7.x.7.6.0.5,3,1,1,5,1,1,4,5,7,2,True,False,7,B,x,,7,A,6,C#,0,B,5,A
3-42-1,7.x.7.6.0.4,2,1,2,5,1,1,4,4,7,3,True,False,7,B,x,,7,A,6,C#,0,B,4,G#
3-421-,7.x.7.6.5.0,1,1,1,5,1,1,4,5,7,2,True,False,7,B,x,,7,A,6,C#,5,E,0,E
3-4211,7.x.7.6.4.4,1,1,1,5,1,0,5,4,7,3,True,False,7,B,x,,7,A,6,C#,4,D#,4,G#
311---,4.1.1.x.x.x,2,1,1,3,3,0,3,1,4,3,True,False,4,G#,1,A#,1,D#,x,,x,,x,
311---,11.9.9.x.x.x,1,1,2,3,3,0,3,9,11,2,True,False,11,D#,9,F#,9,B,x,,x,,x,
311141,10.7.7.7.10.7,2,1,1,6,0,0,6,7,10,3,True,False,10,D,7,E,7,A,7,D,10,A,7,B
312--,3.2.2.x.0.0,3,1,1,5,1,2,3,2,3,1,True,False,3,G,2,B,2,E,x,,0,B,0,E
314111,4.2.4.2.2.2,1,1,1,6,0,0,6,2,4,2,True,False,4,G#,2,B,4,F#,2,A,2,C#,2,F#
32--4-,3.2.0.0.3.0,4,1,1,6,0,3,3,2,3,1,True,False,3,G,2,B,0,D,0,G,3,D,0,E
324-1-,8.7.8.0.5.x,2,1,1,5,1,1,4,5,8,3,True,False,8,C,7,E,8,A#,0,G,5,E,x,
3241--,7.6.7.4.x.x,2,1,1,4,2,0,4,4,7,3,True,False,7,B,6,D#,7,A,4,B,x,,x,
333333,12.12.12.12.12.12,2,1,1,6,0,0,6,12,12,0,True,False,12,E,12,A,12,D,12,G,12,B,12,E
4,4.x.x.x.x.x,9,1,1,1,5,0,1,4,4,0,True,False,4,G#,x,,x,,x,,x,,x,
4--321,7.0.0.6.5.4,2,2,1,6,0,2,4,4,7,3,True,False,7,B,0,A,0,D,6,C#,5,E,4,G#
4-1111,7.x.4.4.4.4,3,1,1,5,1,0,5,4,7,3,True,False,7,B,x,,4,F#,4,B,4,D#,4,G#
4-1111,4.x.1.1.1.1,1,1,2,5,1,0,5,1,4,3,True,False,4,G#,x,,1,D#,1,G#,1,C,1,F
4-1111,9.x.6.6.6.6,1,1,3,5,1,0,5,6,9,3,True,False,9,C#,x,,6,G#,6,C#,6,F,6,A#
4-231-,3.0.2.2.1.0,2,1,1,6,0,2,4,1,3,2,True,False,3,G,0,A,2,E,2,A,1,C,0,E
4-3-1-,5.x.4.0.2.0,1,1,1,5,1,2,3,2,5,3,True,False,5,A,x,,4,F#,0,G,2,C#,0,E
4-3121,7.x.6.4.5.4,3,1,1,5,1,0,5,4,7,3,True,False,7,B,x,,6,G#,4,B,5,E,4,G#
411121,7.4.4.4.5.4,2,2,1,6,0,0,6,4,7,3,True,False,7,B,4,C#,4,F#,4,B,5,E,4,G#
413121,7.4.6.4.5.4,1,1,1,6,0,0,6,4,7,3,True,False,7,B,4,C#,6,G#,4,B,5,E,4,G#
42-1--,4.2.0.1.0.0,3,1,1,6,0,3,3,1,4,3,True,False,4,G#,2,B,0,D,1,G#,0,B,0,E
7,10.x.10.11.x.x,1,1,1,3,3,0,3,10,11,1,True,False,10,D,x,,10,C,11,F#,x,,x,
[F#m],x.9.11.x.12.9,1,1,1,4,2,0,4,9,12,3,True,False,x,,9,F#,11,C#,x,,12,B,9,C#
a,x.0.2.2.1.0,8,2,1,5,1,2,3,1,2,1,True,False,x,,0,A,2,E,2,A,1,C,0,E
A,x.0.2.2.2.0,5765,465,1,5,1,2,3,2,2,0,True,False,x,,0,A,2,E,2,A,2,C#,0,E
A,5.7.7.6.5.5,1498,192,2,6,0,0,6,5,7,2,True,False,5,A,7,E,7,A,6,C#,5,E,5,A
a,x.0.2.2.1.x,2,2,2,4,2,1,3,1,2,1,True,False,x,,0,A,2,E,2,A,1,C,x,
A,x.0.2.2.2.x,628,90,3,4,2,1,3,2,2,0,True,False,x,,0,A,2,E,2,A,2,C#,x,
A,0.0.2.2.2.0,307,29,4,6,0,3,3,2,2,0,True,False,0,E,0,A,2,E,2,A,2,C#,0,E
A,5.7.7.6.x.x,119,14,5,4,2,0,4,5,7,2,True,False,5,A,7,E,7,A,6,C#,x,,x,
A,x.0.2.2.2.5,94,28,6,5,1,1,4,2,5,3,True,False,x,,0,A,2,E,2,A,2,C#,5,A
A,x.x.2.2.2.0,69,8,7,4,2,1,3,2,2,0,True,False,x,,x,,2,E,2,A,2,C#,0,E
A,5.7.7.6.5.x,67,9,8,5,1,0,5,5,7,2,True,False,5,A,7,E,7,A,6,C#,5,E,x,
A,x.x.7.6.5.5,67,19,9,4,2,0,4,5,7,2,True,False,x,,x,,7,A,6,C#,5,E,5,A
A,x.x.2.2.2.x,65,23,10,3,3,0,3,2,2,0,True,False,x,,x,,2,E,2,A,2,C#,x,
A,x.7.7.6.5.x,55,4,11,4,2,0,4,5,7,2,True,False,x,,7,E,7,A,6,C#,5,E,x,
A,x.x.2.2.x.x,53,5,12,2,4,0,2,2,2,0,True,False,x,,x,,2,E,2,A,x,,x,
A,x.x.x.2.2.0,44,6,13,3,3,1,2,2,2,0,True,False,x,,x,,x,,2,A,2,C#,0,E
A,x.0.7.6.5.5,40,9,14,5,1,1,4,5,7,2,True,False,x,,0,A,7,A,6,C#,5,E,5,A
A,x.0.x.9.x.9,32,2,15,3,3,1,2,9,9,0,True,True,x,,0,A,x,,9,E,x,,9,C#
A,x.0.11.9.10.9,30,4,16,5,1,1,4,9,11,2,True,True,x,,0,A,11,C#,9,E,10,A,9,C#
A,x.0.2.2.x.x,29,4,17,3,3,1,2,2,2,0,True,False,x,,0,A,2,E,2,A,x,,x,
A,x.x.x.6.5.5,26,13,18,3,3,0,3,5,6,1,True,False,x,,x,,x,,6,C#,5,E,5,A
A,x.1.3.3.3.1,26,3,19,5,1,0,5,1,3,2,True,False,x,,1,A#,3,F,3,A#,3,D,1,F
A,x.0.7.6.5.x,24,14,20,4,2,1,3,5,7,2,True,False,x,,0,A,7,A,6,C#,5,E,x,
A,x.x.x.9.10.9,18,4,21,3,3,0,3,9,10,1,True,False,x,,x,,x,,9,E,10,A,9,C#
A,x.1.0.3.3.1,16,2,22,5,1,1,4,1,3,2,True,False,x,,1,A#,0,D,3,A#,3,D,1,F
A,x.4.2.2.5.x,16,2,23,4,2,0,4,2,5,3,True,False,x,,4,C#,2,E,2,A,5,E,x,
A,5.x.7.6.5.x,15,2,24,4,2,0,4,5,7,2,True,False,5,A,x,,7,A,6,C#,5,E,x,
A,0.0.7.6.5.5,14,4,25,6,0,2,4,5,7,2,True,False,0,E,0,A,7,A,6,C#,5,E,5,A
A,2.2.x.x.x.x,13,1,26,2,4,0,2,2,2,0,True,False,2,F#,2,B,x,,x,,x,,x,
A,5.7.7.6.x.5,12,3,27,5,1,0,5,5,7,2,True,False,5,A,7,E,7,A,6,C#,x,,5,A
A,0.0.2.2.2.x,11,2,28,5,1,2,3,2,2,0,True,False,0,E,0,A,2,E,2,A,2,C#,x,
A,x.0.x.6.5.5,11,5,29,4,2,1,3,5,6,1,True,False,x,,0,A,x,,6,C#,5,E,5,A
A,x.x.7.6.5.x,11,8,30,3,3,0,3,5,7,2,True,False,x,,x,,7,A,6,C#,5,E,x,
A,x.12.14.14.14.12,11,1,31,5,1,0,5,12,14,2,True,False,x,,12,A,14,E,14,A,14,C#,12,E
A,x.0.7.6.5.0,10,3,32,5,1,2,3,5,7,2,True,False,x,,0,A,7,A,6,C#,5,E,0,E
A,5.7.7.x.x.x,9,2,33,3,3,0,3,5,7,2,True,False,5,A,7,E,7,A,x,,x,,x,
A,x.4.x.2.x.0,8,2,34,3,3,1,2,2,4,2,True,False,x,,4,C#,x,,2,A,x,,0,E
A,x.0.11.9.10.12,8,1,35,5,1,1,4,9,12,3,True,True,x,,0,A,11,C#,9,E,10,A,12,E
A,5.4.2.x.x.5,7,1,36,4,2,0,4,2,5,3,True,False,5,A,4,C#,2,E,x,,x,,5,A
A,x.0.x.2.2.x,6,4,37,3,3,1,2,2,2,0,True,False,x,,0,A,x,,2,A,2,C#,x,
A,x.4.2.2.2.x,6,3,38,4,2,0,4,2,4,2,True,False,x,,4,C#,2,E,2,A,2,C#,x,
A,x.0.11.9.10.x,6,3,39,4,2,1,3,9,11,2,True,True,x,,0,A,11,C#,9,E,10,A,x,
A,x.x.11.9.10.9,6,3,40,4,2,0,4,9,11,2,True,False,x,,x,,11,C#,9,E,10,A,9,C#
A,x.x.x.14.14.12,6,1,41,3,3,0,3,12,14,2,True,False,x,,x,,x,,14,A,14,C#,12,E
A,5.4.2.2.2.x,6,1,42,5,1,0,5,2,5,3,True,False,5,A,4,C#,2,E,2,A,2,C#,x,
A,x.0.x.2.2.0,5,3,43,4,2,2,2,2,2,0,True,False,x,,0,A,x,,2,A,2,C#,0,E
A,x.4.2.2.2.0,5,2,44,5,1,1,4,2,4,2,True,False,x,,4,C#,2,E,2,A,2,C#,0,E
A,0.0.2.2.x.x,4,2,45,4,2,2,2,2,2,0,True,False,0,E,0,A,2,E,2,A,x,,x,
A,x.0.x.9.10.9,4,2,46,4,2,1,3,9,10,1,True,True,x,,0,A,x,,9,E,10,A,9,C#
A,x.x.x.x.10.9,4,3,47,2,4,0,2,9,10,1,True,False,x,,x,,x,,x,,10,A,9,C#
A,0.4.2.2.x.x,4,1,48,4,2,1,3,2,4,2,True,False,0,E,4,C#,2,E,2,A,x,,x,
A,x.4.x.2.2.0,4,1,49,4,2,1,3,2,4,2,True,False,x,,4,C#,x,,2,A,2,C#,0,E
A,x.x.x.4.4.2,4,2,50,3,3,0,3,2,4,2,True,False,x,,x,,x,,4,B,4,D#,2,F#
A,x.0.7.6.x.5,4,2,51,4,2,1,3,5,7,2,True,False,x,,0,A,7,A,6,C#,x,,5,A
A,x.x.7.6.5.0,4,1,52,4,2,1,3,5,7,2,True,False,x,,x,,7,A,6,C#,5,E,0,E
A,9.7.7.x.x.x,4,1,53,3,3,0,3,7,9,2,True,False,9,C#,7,E,7,A,x,,x,,x,
A,x.x.2.2.2.5,4,1,54,4,2,0,4,2,5,3,True,False,x,,x,,2,E,2,A,2,C#,5,A
A,0.0.2.x.x.x,3,1,55,3,3,2,1,2,2,0,True,False,0,E,0,A,2,E,x,,x,,x,
A,x.0.2.x.2.x,3,1,56,3,3,1,2,2,2,0,True,False,x,,0,A,2,E,x,,2,C#,x,
A,x.0.x.x.2.x,3,2,57,2,4,1,1,2,2,0,True,False,x,,0,A,x,,x,,2,C#,x,
A,x.x.x.2.x.x,3,1,58,1,5,0,1,2,2,0,True,False,x,,x,,x,,2,A,x,,x,
A,x.0.x.6.5.x,3,2,59,3,3,1,2,5,6,1,True,False,x,,0,A,x,,6,C#,5,E,x,
A,x.4.2.2.x.x,3,2,60,3,3,0,3,2,4,2,True,False,x,,4,C#,2,E,2,A,x,,x,
A,x.7.7.9.x.x,3,1,61,3,3,0,3,7,9,2,True,False,x,,7,E,7,A,9,E,x,,x,
A,5.4.2.2.2.0,3,1,62,6,0,1,5,2,5,3,True,False,5,A,4,C#,2,E,2,A,2,C#,0,E
A,x.x.2.2.5.5,3,1,63,4,2,0,4,2,5,3,True,False,x,,x,,2,E,2,A,5,E,5,A
A,x.0.2.x.2.0,2,1,64,4,2,2,2,2,2,0,True,False,x,,0,A,2,E,x,,2,C#,0,E
A,x.7.7.x.x.x,2,1,65,2,4,0,2,7,7,0,True,False,x,,7,E,7,A,x,,x,,x,
A,0.0.14.14.14.x,2,1,66,5,1,2,3,14,14,0,True,True,0,E,0,A,14,E,14,A,14,C#,x,
A,x.7.7.6.x.x,2,2,67,3,3,0,3,6,7,1,True,False,x,,7,E,7,A,6,C#,x,,x,
A,9.x.x.9.10.x,2,1,68,3,3,0,3,9,10,1,True,False,9,C#,x,,x,,9,E,10,A,x,
A,x.3.5.5.5.x,2,1,69,4,2,0,4,3,5,2,True,False,x,,3,C,5,G,5,C,5,E,x,
A,0.0.7.6.5.0,2,2,70,6,0,3,3,5,7,2,True,False,0,E,0,A,7,A,6,C#,5,E,0,E
A,5.x.7.6.5.5,2,1,71,5,1,0,5,5,7,2,True,False,5,A,x,,7,A,6,C#,5,E,5,A
A,7.7.x.6.5.x,2,1,72,4,2,0,4,5,7,2,True,False,7,B,7,E,x,,6,C#,5,E,x,
A,x.7.7.6.5.5,2,2,73,5,1,0,5,5,7,2,True,False,x,,7,E,7,A,6,C#,5,E,5,A
A,x.7.x.6.5.5,2,2,74,4,2,0,4,5,7,2,True,False,x,,7,E,x,,6,C#,5,E,5,A
A,x.0.7.0.0.9,2,1,75,5,1,3,2,7,9,2,True,True,x,,0,A,7,A,0,G,0,B,9,C#
A,x.0.14.14.14.12,2,1,76,5,1,1,4,12,14,2,True,True,x,,0,A,14,E,14,A,14,C#,12,E
A,x.12.14.14.14.x,2,1,77,4,2,0,4,12,14,2,True,False,x,,12,A,14,E,14,A,14,C#,x,
A,5.4.2.2.x.x,2,1,78,4,2,0,4,2,5,3,True,False,5,A,4,C#,2,E,2,A,x,,x,
A,x.0.2.x.2.5,2,1,79,4,2,1,3,2,5,3,True,False,x,,0,A,2,E,x,,2,C#,5,A
A,x.0.x.2.2.5,2,2,80,4,2,1,3,2,5,3,True,False,x,,0,A,x,,2,A,2,C#,5,A
A,x.x.x.x.2.5,2,2,81,2,4,0,2,2,5,3,True,False,x,,x,,x,,x,,2,C#,5,A
A,x.x.x.9.10.12,2,2,82,3,3,0,3,9,12,3,True,False,x,,x,,x,,9,E,10,A,12,E
A,x.0.14.14.14.17,2,1,83,5,1,1,4,14,17,3,True,True,x,,0,A,14,E,14,A,14,C#,17,A
A,5.7.x.6.5.9,2,1,84,5,1,0,5,5,9,4,True,False,5,A,7,E,x,,6,C#,5,E,9,C#
A,0.0.x.x.x.x,1,1,85,2,4,2,0,0,0,0,True,False,0,E,0,A,x,,x,,x,,x,
A,0.x.2.2.x.0,1,1,86,4,2,2,2,2,2,0,True,False,0,E,x,,2,E,2,A,x,,0,E
A,0.x.2.2.x.x,1,1,87,3,3,1,2,2,2,0,True,False,0,E,x,,2,E,2,A,x,,x,
A,x.x.x.2.2.x,1,1,88,2,4,0,2,2,2,0,True,False,x,,x,,x,,2,A,2,C#,x,
A,x.0.x.x.x.5,1,1,89,2,4,1,1,5,5,0,True,False,x,,0,A,x,,x,,x,,5,A
A,x.x.x.6.x.0,1,1,90,2,4,1,1,6,6,0,True,True,x,,x,,x,,6,C#,x,,0,E
A,x.4.x.x.x.5,1,1,91,2,4,0,2,4,5,1,True,False,x,,4,C#,x,,x,,x,,5,A
A,0.0.x.6.5.5,1,1,92,5,1,2,3,5,6,1,True,False,0,E,0,A,x,,6,C#,5,E,5,A
A,5.x.x.6.5.5,1,1,93,4,2,0,4,5,6,1,True,False,5,A,x,,x,,6,C#,5,E,5,A
A,x.0.x.6.5.0,1,1,94,4,2,2,2,5,6,1,True,False,x,,0,A,x,,6,C#,5,E,0,E
A,x.0.7.6.x.x,1,1,95,3,3,1,2,6,7,1,True,True,x,,0,A,7,A,6,C#,x,,x,
A,x.x.7.6.x.x,1,1,96,2,4,0,2,6,7,1,True,False,x,,x,,7,A,6,C#,x,,x,
A,9.x.x.x.10.9,1,1,97,3,3,0,3,9,10,1,True,False,9,C#,x,,x,,x,,10,A,9,C#
A,x.x.x.9.10.x,1,1,98,2,4,0,2,9,10,1,True,False,x,,x,,x,,9,E,10,A,x,
A,x.x.11.x.10.0,1,1,99,3,3,1,2,10,11,1,True,True,x,,x,,11,C#,x,,10,A,0,E
A,x.12.11.x.x.0,1,1,100,3,3,1,2,11,12,1,True,True,x,,12,A,11,C#,x,,x,,0,E
A,0.7.7.6.5.5,1,1,101,6,0,1,5,5,7,2,True,False,0,E,7,E,7,A,6,C#,5,E,5,A
A,x.0.7.9.x.9,1,1,102,4,2,1,3,7,9,2,True,True,x,,0,A,7,A,9,E,x,,9,C#
A,0.0.11.9.10.0,1,1,103,6,0,3,3,9,11,2,True,True,0,E,0,A,11,C#,9,E,10,A,0,E
A,x.0.11.9.x.9,1,1,104,4,2,1,3,9,11,2,True,True,x,,0,A,11,C#,9,E,x,,9,C#
A,x.0.11.x.10.12,1,1,105,4,2,1,3,10,12,2,True,True,x,,0,A,11,C#,x,,10,A,12,E
A,0.0.2.2.2.5,1,1,106,6,0,2,4,2,5,3,True,False,0,E,0,A,2,E,2,A,2,C#,5,A
A,0.0.2.x.x.5,1,1,107,4,2,2,2,2,5,3,True,False,0,E,0,A,2,E,x,,x,,5,A
A,x.0.2.2.5.x,1,1,108,4,2,1,3,2,5,3,True,False,x,,0,A,2,E,2,A,5,E,x,
A,x.4.x.2.x.5,1,1,109,3,3,0,3,2,5,3,True,False,x,,4,C#,x,,2,A,x,,5,A
A,x.x.2.x.2.5,1,1,110,3,3,0,3,2,5,3,True,False,x,,x,,2,E,x,,2,C#,5,A
A,x.x.x.2.2.5,1,1,111,3,3,0,3,2,5,3,True,False,x,,x,,x,,2,A,2,C#,5,A
A,x.7.x.x.10.x,1,1,112,2,4,0,2,7,10,3,True,False,x,,7,E,x,,x,,10,A,x,
A,x.12.11.9.10.9,1,1,113,5,1,0,5,9,12,3,True,False,x,,12,A,11,C#,9,E,10,A,9,C#
A,x.0.2.6.x.x,1,1,114,3,3,1,2,2,6,4,True,False,x,,0,A,2,E,6,C#,x,,x,
A,5.x.x.6.5.9,1,1,115,4,2,0,4,5,9,4,True,False,5,A,x,,x,,6,C#,5,E,9,C#
A,x.0.7.6.5.9,1,1,116,5,1,1,4,5,9,4,True,False,x,,0,A,7,A,6,C#,5,E,9,C#
A 9,5.5.9.5.8.7,2,1,1,6,0,0,6,5,9,4,True,False,5,A,5,D,9,B,5,C,8,G,7,B
A#,6.8.8.7.6.6,473,41,1,6,0,0,6,6,8,2,True,False,6,A#,8,F,8,A#,7,D,6,F,6,A#
A#,x.1.0.3.3.1,264,13,2,5,1,1,4,1,3,2,True,False,x,,1,A#,0,D,3,A#,3,D,1,F
A#,x.1.3.3.3.1,220,37,3,5,1,0,5,1,3,2,True,False,x,,1,A#,3,F,3,A#,3,D,1,F
A#,6.5.x.x.x.x,98,1,4,2,4,0,2,5,6,1,True,False,6,A#,5,D,x,,x,,x,,x,
A#,x.1.3.3.3.x,57,14,5,4,2,0,4,1,3,2,True,False,x,,1,A#,3,F,3,A#,3,D,x,
A#,x.5.8.x.x.x,39,1,6,2,4,0,2,5,8,3,True,False,x,,5,D,8,A#,x,,x,,x,
A#,x.x.8.7.6.6,25,2,7,4,2,0,4,6,8,2,True,False,x,,x,,8,A#,7,D,6,F,6,A#
A#,6.5.8.x.x.x,25,1,8,3,3,0,3,5,8,3,True,False,6,A#,5,D,8,A#,x,,x,,x,
A#,x.8.8.7.6.x,16,1,9,4,2,0,4,6,8,2,True,False,x,,8,F,8,A#,7,D,6,F,x,
A#,x.1.3.x.3.x,14,3,10,3,3,0,3,1,3,2,True,False,x,,1,A#,3,F,x,,3,D,x,
A#,x.1.x.3.3.1,14,1,11,4,2,0,4,1,3,2,True,False,x,,1,A#,x,,3,A#,3,D,1,F
A#,x.x.3.3.3.x,9,4,12,3,3,0,3,3,3,0,True,False,x,,x,,3,F,3,A#,3,D,x,
A#,x.x.x.7.6.6,9,2,13,3,3,0,3,6,7,1,True,False,x,,x,,x,,7,D,6,F,6,A#
A#,x.x.0.3.3.1,8,1,14,4,2,1,3,1,3,2,True,False,x,,x,,0,D,3,A#,3,D,1,F
A#,x.x.3.3.x.x,6,4,15,2,4,0,2,3,3,0,True,False,x,,x,,3,F,3,A#,x,,x,
A#,1.1.3.3.3.1,6,5,16,6,0,0,6,1,3,2,True,False,1,F,1,A#,3,F,3,A#,3,D,1,F
A#,6.x.8.7.6.x,6,2,17,4,2,0,4,6,8,2,True,False,6,A#,x,,8,A#,7,D,6,F,x,
A#,x.x.8.7.6.x,5,3,18,3,3,0,3,6,8,2,True,False,x,,x,,8,A#,7,D,6,F,x,
A#,x.x.x.5.5.3,4,2,19,3,3,0,3,3,5,2,True,False,x,,x,,x,,5,C,5,E,3,G
A#,6.8.8.7.6.x,4,3,20,5,1,0,5,6,8,2,True,False,6,A#,8,F,8,A#,7,D,6,F,x,
A#,x.x.x.3.3.1,3,2,21,3,3,0,3,1,3,2,True,False,x,,x,,x,,3,A#,3,D,1,F
A#,x.5.3.3.x.x,3,3,22,3,3,0,3,3,5,2,True,False,x,,5,D,3,F,3,A#,x,,x,
A#,6.5.3.3.3.6,3,1,23,6,0,0,6,3,6,3,True,False,6,A#,5,D,3,F,3,A#,3,D,6,A#
A#,x.x.0.3.3.6,3,1,24,4,2,1,3,3,6,3,True,False,x,,x,,0,D,3,A#,3,D,6,A#
A#,x.x.8.10.11.10,3,1,25,4,2,0,4,8,11,3,True,False,x,,x,,8,A#,10,F,11,A#,10,D
A#,1.x.x.3.x.x,2,1,26,2,4,0,2,1,3,2,True,False,1,F,x,,x,,3,A#,x,,x,
A#,x.x.3.3.3.1,2,2,27,4,2,0,4,1,3,2,True,False,x,,x,,3,F,3,A#,3,D,1,F
A#,6.x.8.7.6.6,2,1,28,5,1,0,5,6,8,2,True,False,6,A#,x,,8,A#,7,D,6,F,6,A#
A#,x.8.8.7.6.6,2,1,29,5,1,0,5,6,8,2,True,False,x,,8,F,8,A#,7,D,6,F,6,A#
A#,6.5.3.3.3.x,2,1,30,5,1,0,5,3,6,3,True,False,6,A#,5,D,3,F,3,A#,3,D,x,
A#,x.13.12.10.11.10,2,2,31,5,1,0,5,10,13,3,True,False,x,,13,A#,12,D,10,F,11,A#,10,D
A#,x.x.x.x.6.6,1,1,32,2,4,0,2,6,6,0,True,False,x,,x,,x,,x,,6,F,6,A#
A#,8.8.0.x.x.x,1,1,33,3,3,1,2,8,8,0,True,True,8,C,8,F,0,D,x,,x,,x,
A#,x.8.8.x.x.x,1,1,34,2,4,0,2,8,8,0,True,False,x,,8,F,8,A#,x,,x,,x,
A#,1.x.0.3.x.1,1,1,35,4,2,1,3,1,3,2,True,False,1,F,x,,0,D,3,A#,x,,1,F
A#,x.5.3.3.3.x,1,1,36,4,2,0,4,3,5,2,True,False,x,,5,D,3,F,3,A#,3,D,x,
A#,6.8.0.7.x.x,1,1,37,4,2,1,3,6,8,2,True,True,6,A#,8,F,0,D,7,D,x,,x,
A#,6.8.8.7.x.x,1,1,38,4,2,0,4,6,8,2,True,False,6,A#,8,F,8,A#,7,D,x,,x,
A#,x.x.12.10.11.x,1,1,39,3,3,0,3,10,12,2,True,False,x,,x,,12,D,10,F,11,A#,x,
A#,6.x.3.3.3.x,1,1,40,4,2,0,4,3,6,3,True,False,6,A#,x,,3,F,3,A#,3,D,x,
A#,x.x.x.3.3.6,1,1,41,3,3,0,3,3,6,3,True,False,x,,x,,x,,3,A#,3,D,6,A#
A#,6.6.6.8.9.9,1,1,42,6,0,0,6,6,9,3,True,False,6,A#,6,D#,6,G#,8,D#,9,G#,9,C#
A#/5+,x.2.5.x.x.x,2,1,1,2,4,0,2,2,5,3,True,False,x,,2,B,5,G,x,,x,,x,
A#/5-,x.x.x.3.3.0,2,1,1,3,3,1,2,3,3,0,True,False,x,,x,,x,,3,A#,3,D,0,E
A#/5-,x.x.0.3.3.0,1,1,2,4,2,2,2,3,3,0,True,False,x,,x,,0,D,3,A#,3,D,0,E
A#/5-,x.x.2.3.3.x,1,1,3,3,3,0,3,2,3,1,True,False,x,,x,,2,E,3,A#,3,D,x,
A#/5-/C,x.3.2.3.3.x,3,2,1,4,2,0,4,2,3,1,True,False,x,,3,C,2,E,3,A#,3,D,x,
A#/5-/C,x.x.10.9.11.10,2,1,2,4,2,0,4,9,11,2,True,False,x,,x,,10,C,9,E,11,A#,10,D
A#/5-/D,x.x.0.3.3.0,1,1,1,4,2,2,2,3,3,0,True,False,x,,x,,0,D,3,A#,3,D,0,E
A#/A,x.0.3.3.3.x,1,1,1,4,2,1,3,3,3,0,True,False,x,,0,A,3,F,3,A#,3,D,x,
A#/C,x.3.3.3.3.6,6,1,1,5,1,0,5,3,6,3,True,False,x,,3,C,3,F,3,A#,3,D,6,A#
A#/C,x.3.0.3.3.1,2,2,2,5,1,1,4,1,3,2,True,False,x,,3,C,0,D,3,A#,3,D,1,F
A#/D,x.x.0.3.3.1,1,1,1,4,2,1,3,1,3,2,True,False,x,,x,,0,D,3,A#,3,D,1,F
A#/D#,x.x.1.3.3.1,9,1,1,4,2,0,4,1,3,2,True,False,x,,x,,1,D#,3,A#,3,D,1,F
A#/F,x.x.x.10.11.10,2,1,1,3,3,0,3,10,11,1,True,False,x,,x,,x,,10,F,11,A#,10,D
A#/F,x.x.3.3.3.6,1,1,2,4,2,0,4,3,6,3,True,False,x,,x,,3,F,3,A#,3,D,6,A#
A#/G,x.x.5.3.6.x,10,4,1,3,3,0,3,3,6,3,True,False,x,,x,,5,G,3,A#,6,F,x,
A#/G,3.x.3.3.3.x,2,2,2,4,2,0,4,3,3,0,True,False,3,G,x,,3,F,3,A#,3,D,x,
A#/G,3.1.3.3.3.1,1,1,3,6,0,0,6,1,3,2,True,False,3,G,1,A#,3,F,3,A#,3,D,1,F
A#/G,3.x.x.3.3.1,1,1,4,4,2,0,4,1,3,2,True,False,3,G,x,,x,,3,A#,3,D,1,F
A#/G,3.5.3.3.3.x,1,1,5,5,1,0,5,3,5,2,True,False,3,G,5,D,3,F,3,A#,3,D,x,
A#/G,3.5.3.3.x.x,1,1,6,4,2,0,4,3,5,2,True,False,3,G,5,D,3,F,3,A#,x,,x,
A#/G,x.x.5.7.6.6,1,1,7,4,2,0,4,5,7,2,True,False,x,,x,,5,G,7,D,6,F,6,A#
A#/G#,x.x.6.3.3.x,3,1,1,3,3,0,3,3,6,3,True,False,x,,x,,6,G#,3,A#,3,D,x,
A#/G#,x.x.18.15.15.x,1,1,2,3,3,0,3,15,18,3,True,False,x,,x,,18,G#,15,A#,15,D,x,
A#11/9-,7.6.6.7.6.6,1,1,1,6,0,0,6,6,7,1,True,False,7,B,6,D#,6,G#,7,D,6,F,6,A#
A#13,6.x.6.7.8.8,2,1,1,5,1,0,5,6,8,2,True,False,6,A#,x,,6,G#,7,D,8,G,8,C
A#5,x.1.3.3.x.x,201,37,1,3,3,0,3,1,3,2,True,False,x,,1,A#,3,F,3,A#,x,,x,
A#5,6.8.8.x.x.x,117,14,2,3,3,0,3,6,8,2,True,False,6,A#,8,F,8,A#,x,,x,,x,
A#5,x.2.4.4.x.x,75,4,3,3,3,0,3,2,4,2,True,False,x,,2,B,4,F#,4,B,x,,x,
A#5,x.1.3.x.x.x,65,10,4,2,4,0,2,1,3,2,True,False,x,,1,A#,3,F,x,,x,,x,
A#5,6.x.3.x.x.x,24,1,5,2,4,0,2,3,6,3,True,False,6,A#,x,,3,F,x,,x,,x,
A#5,7.9.9.x.x.x,16,3,6,3,3,0,3,7,9,2,True,False,7,B,9,F#,9,B,x,,x,,x,
A#5,x.x.1.3.4.x,12,4,7,3,3,0,3,1,4,3,True,False,x,,x,,1,D#,3,A#,4,D#,x,
A#5,x.x.8.10.x.x,4,2,8,2,4,0,2,8,10,2,True,False,x,,x,,8,A#,10,F,x,,x,
A#5,8.8.8.x.x.x,2,2,9,3,3,0,3,8,8,0,True,False,8,C,8,F,8,A#,x,,x,,x,
A#5,6.8.x.x.x.x,2,2,10,2,4,0,2,6,8,2,True,False,6,A#,8,F,x,,x,,x,,x,
A#5,3.3.x.x.x.x,1,1,11,2,4,0,2,3,3,0,True,False,3,G,3,C,x,,x,,x,,x,
A#6,3.5.3.3.3.3,9,1,1,6,0,0,6,3,5,2,True,False,3,G,5,D,3,F,3,A#,3,D,3,G
A#6,x.1.3.3.3.3,3,1,2,5,1,0,5,1,3,2,True,False,x,,1,A#,3,F,3,A#,3,D,3,G
A#6,x.1.0.0.3.1,2,2,3,5,1,2,3,1,3,2,True,False,x,,1,A#,0,D,0,G,3,D,1,F
A#6,x.1.3.0.3.1,2,1,4,5,1,1,4,1,3,2,True,False,x,,1,A#,3,F,0,G,3,D,1,F
A#6,x.x.x.3.6.3,2,2,5,3,3,0,3,3,6,3,True,False,x,,x,,x,,3,A#,6,F,3,G
A#6,x.1.3.0.3.x,1,1,6,4,2,1,3,1,3,2,True,False,x,,1,A#,3,F,0,G,3,D,x,
A#6,6.5.5.7.x.x,1,1,7,4,2,0,4,5,7,2,True,False,6,A#,5,D,5,G,7,D,x,,x,
A#6,x.x.8.10.8.10,1,1,8,4,2,0,4,8,10,2,True,False,x,,x,,8,A#,10,F,8,G,10,D
A#6,x.x.0.3.6.3,1,1,9,4,2,1,3,3,6,3,True,False,x,,x,,0,D,3,A#,6,F,3,G
A#7,x.2.1.2.0.2,18,2,1,5,1,1,4,1,2,1,True,False,x,,2,B,1,D#,2,A,0,B,2,F#
A#7,6.x.6.7.9.6,4,1,2,5,1,0,5,6,9,3,True,False,6,A#,x,,6,G#,7,D,9,G#,6,A#
A#7,x.1.3.1.3.1,3,2,3,5,1,0,5,1,3,2,True,False,x,,1,A#,3,F,1,G#,3,D,1,F
A#7,6.8.6.7.6.6,3,3,4,6,0,0,6,6,8,2,True,False,6,A#,8,F,6,G#,7,D,6,F,6,A#
A#7,1.0.3.0.3.x,2,1,5,5,1,2,3,1,3,2,True,False,1,F,0,A,3,F,0,G,3,D,x,
A#7,6.5.3.x.3.4,2,1,6,5,1,0,5,3,6,3,True,False,6,A#,5,D,3,F,x,,3,D,4,G#
A#7,x.1.3.1.3.x,1,1,7,4,2,0,4,1,3,2,True,False,x,,1,A#,3,F,1,G#,3,D,x,
A#7,6.8.8.7.9.6,1,1,8,6,0,0,6,6,9,3,True,False,6,A#,8,F,8,A#,7,D,9,G#,6,A#
A#7+/A,x.0.4.3.4.0,4,1,1,5,1,2,3,3,4,1,True,False,x,,0,A,4,F#,3,A#,4,D#,0,E
A#7G#,4.x.x.3.3.4,2,1,1,4,2,0,4,3,4,1,True,False,4,G#,x,,x,,3,A#,3,D,4,G#
A#7M,x.1.3.2.3.1,5,3,1,5,1,0,5,1,3,2,True,False,x,,1,A#,3,F,2,A,3,D,1,F
A#7M,x.x.0.3.3.5,4,3,2,4,2,1,3,3,5,2,True,False,x,,x,,0,D,3,A#,3,D,5,A
A#7M,x.1.0.2.3.1,2,1,3,5,1,1,4,1,3,2,True,False,x,,1,A#,0,D,2,A,3,D,1,F
A#7M,x.x.8.7.6.5,2,2,4,4,2,0,4,5,8,3,True,False,x,,x,,8,A#,7,D,6,F,5,A
A#7M,6.x.7.7.6.x,1,1,5,4,2,0,4,6,7,1,True,False,6,A#,x,,7,A,7,D,6,F,x,
A#7M,0.0.0.10.11.10,1,1,6,6,0,3,3,10,11,1,True,True,0,E,0,A,0,D,10,F,11,A#,10,D
A#7M,1.1.3.2.3.x,1,1,7,5,1,0,5,1,3,2,True,False,1,F,1,A#,3,F,2,A,3,D,x,
A#7M,x.8.8.10.10.x,1,1,8,4,2,0,4,8,10,2,True,False,x,,8,F,8,A#,10,F,10,A,x,
A#7M/C,x.3.x.3.3.5,1,1,1,4,2,0,4,3,5,2,True,False,x,,3,C,x,,3,A#,3,D,5,A
A#7M/D,x.x.0.3.3.5,1,1,1,4,2,1,3,3,5,2,True,False,x,,x,,0,D,3,A#,3,D,5,A
A#7M13,6.6.7.7.8.6,1,1,1,6,0,0,6,6,8,2,True,False,6,A#,6,D#,7,A,7,D,8,G,6,A#
A#7M9-/5-,6.x.7.7.0.0,2,1,1,5,1,2,3,6,7,1,True,True,6,A#,x,,7,A,7,D,0,B,0,E
A#7sus4,6.8.6.8.6.6,19,1,1,6,0,0,6,6,8,2,True,False,6,A#,8,F,6,G#,8,D#,6,F,6,A#
A#7sus4,x.1.3.1.4.1,1,1,2,5,1,0,5,1,4,3,True,False,x,,1,A#,3,F,1,G#,4,D#,1,F
A#add11/B,x.2.1.3.3.1,3,1,1,5,1,0,5,1,3,2,True,False,x,,2,B,1,D#,3,A#,3,D,1,F
A#aug,6.9.8.7.x.x,2,1,1,4,2,0,4,6,9,3,True,False,6,A#,9,F#,8,A#,7,D,x,,x,
A#dim,6.x.5.6.5.6,16,1,1,5,1,0,5,5,6,1,True,False,6,A#,x,,5,G,6,C#,5,E,6,A#
A#dim,6.x.5.6.5.x,4,1,2,4,2,0,4,5,6,1,True,False,6,A#,x,,5,G,6,C#,5,E,x,
A#dim,x.x.x.6.5.6,1,1,3,3,3,0,3,5,6,1,True,False,x,,x,,x,,6,C#,5,E,6,A#
A#dim,x.x.8.9.8.9,1,1,4,4,2,0,4,8,9,1,True,False,x,,x,,8,A#,9,E,8,G,9,C#
A#dim,6.x.5.6.5.9,1,1,5,5,1,0,5,5,9,4,True,False,6,A#,x,,5,G,6,C#,5,E,9,C#
A#dim/E,x.7.8.6.5.x,2,1,1,4,2,0,4,5,8,3,True,False,x,,7,E,8,A#,6,C#,5,E,x,
A#dim7,6.x.5.6.7.x,2,1,1,4,2,0,4,5,7,2,True,False,6,A#,x,,5,G,6,C#,7,F#,x,
A#dim7,x.x.8.6.5.0,2,1,2,4,2,1,3,5,8,3,True,False,x,,x,,8,A#,6,C#,5,E,0,E
A#dim7,x.1.2.0.2.0,1,1,3,5,1,2,3,1,2,1,True,False,x,,1,A#,2,E,0,G,2,C#,0,E
A#m,x.1.3.3.2.1,108,10,1,5,1,0,5,1,3,2,True,False,x,,1,A#,3,F,3,A#,2,C#,1,F
A#m,6.8.8.6.6.6,48,10,2,6,0,0,6,6,8,2,True,False,6,A#,8,F,8,A#,6,C#,6,F,6,A#
A#m,2.2.4.4.3.2,4,1,3,6,0,0,6,2,4,2,True,False,2,F#,2,B,4,F#,4,B,3,D,2,F#
A#m,6.x.x.6.x.x,1,1,4,2,4,0,2,6,6,0,True,False,6,A#,x,,x,,6,C#,x,,x,
A#m,1.1.3.3.2.1,1,1,5,6,0,0,6,1,3,2,True,False,1,F,1,A#,3,F,3,A#,2,C#,1,F
A#m,x.1.x.3.2.1,1,1,6,4,2,0,4,1,3,2,True,False,x,,1,A#,x,,3,A#,2,C#,1,F
A#m,6.8.8.6.6.x,1,1,7,5,1,0,5,6,8,2,True,False,6,A#,8,F,8,A#,6,C#,6,F,x,
A#m,6.8.8.6.x.x,1,1,8,4,2,0,4,6,8,2,True,False,6,A#,8,F,8,A#,6,C#,x,,x,
A#m,x.x.8.6.6.6,1,1,9,4,2,0,4,6,8,2,True,False,x,,x,,8,A#,6,C#,6,F,6,A#
A#m/5+,x.1.4.x.2.2,18,1,1,4,2,0,4,1,4,3,True,False,x,,1,A#,4,F#,x,,2,C#,2,F#
A#m/5+,6.x.8.6.7.6,1,1,2,5,1,0,5,6,8,2,True,False,6,A#,x,,8,A#,6,C#,7,F#,6,A#
A#m/5+,x.1.4.3.2.2,1,1,3,5,1,0,5,1,4,3,True,False,x,,1,A#,4,F#,3,A#,2,C#,2,F#
A#m/5-,x.4.2.3.x.x,4,4,1,3,3,0,3,2,4,2,True,False,x,,4,C#,2,E,3,A#,x,,x,
A#m/5-,x.1.2.x.2.x,3,2,2,3,3,0,3,1,2,1,True,False,x,,1,A#,2,E,x,,2,C#,x,
A#m/5-,x.x.x.6.5.6,3,1,3,3,3,0,3,5,6,1,True,False,x,,x,,x,,6,C#,5,E,6,A#
A#m/5-,x.7.8.6.5.x,2,1,4,4,2,0,4,5,8,3,True,False,x,,7,E,8,A#,6,C#,5,E,x,
A#m/5-,x.x.2.3.2.0,1,1,5,4,2,1,3,2,3,1,True,False,x,,x,,2,E,3,A#,2,C#,0,E
A#m/5-,x.1.2.3.2.0,1,1,6,5,1,1,4,1,3,2,True,False,x,,1,A#,2,E,3,A#,2,C#,0,E
A#m/C#,x.x.x.6.x.6,1,1,1,2,4,0,2,6,6,0,True,False,x,,x,,x,,6,C#,x,,6,A#
A#m/F#,2.x.3.3.2.x,1,1,1,4,2,0,4,2,3,1,True,False,2,F#,x,,3,F,3,A#,2,C#,x,
A#m6,6.x.5.6.6.x,1,1,1,4,2,0,4,5,6,1,True,False,6,A#,x,,5,G,6,C#,6,F,x,
A#m6,x.1.3.0.2.1,1,1,2,5,1,1,4,1,3,2,True,False,x,,1,A#,3,F,0,G,2,C#,1,F
A#m7,6.x.6.6.6.6,2,1,1,5,1,0,5,6,6,0,True,False,6,A#,x,,6,G#,6,C#,6,F,6,A#
A#m7,x.1.3.1.2.1,2,2,2,5,1,0,5,1,3,2,True,False,x,,1,A#,3,F,1,G#,2,C#,1,F
A#m7,7.5.7.7.x.x,1,1,3,4,2,0,4,5,7,2,True,False,7,B,5,D,7,A,7,D,x,,x,
A#m7,6.x.6.6.x.9,1,1,4,4,2,0,4,6,9,3,True,False,6,A#,x,,6,G#,6,C#,x,,9,C#
A#m7M,x.1.3.2.2.1,1,1,1,5,1,0,5,1,3,2,True,False,x,,1,A#,3,F,2,A,2,C#,1,F
A#madd11+/A,x.0.3.3.2.0,1,1,1,5,1,2,3,2,3,1,True,False,x,,0,A,3,F,3,A#,2,C#,0,E
A#madd13-/5-,x.13.11.11.11.12,3,1,1,5,1,0,5,11,13,2,True,False,x,,13,A#,11,C#,11,F#,11,A#,12,E
A#madd9,x.1.3.5.2.1,1,1,1,5,1,0,5,1,5,4,True,False,x,,1,A#,3,F,5,C,2,C#,1,F
A#madd9-/5-,x.4.x.4.5.6,1,1,1,4,2,0,4,4,6,2,True,False,x,,4,C#,x,,4,B,5,E,6,A#
A#maj7,3.5.3.3.6.5,1,1,1,6,0,0,6,3,6,3,True,False,3,G,5,D,3,F,3,A#,6,F,5,A
A#sus2,x.1.3.3.1.1,51,2,1,5,1,0,5,1,3,2,True,False,x,,1,A#,3,F,3,A#,1,C,1,F
A#sus4,6.6.8.8.6.6,5,1,1,6,0,0,6,6,8,2,True,False,6,A#,6,D#,8,A#,8,D#,6,F,6,A#
A#sus4,x.x.8.8.6.6,1,1,2,4,2,0,4,6,8,2,True,False,x,,x,,8,A#,8,D#,6,F,6,A#
A#sus4,x.1.3.3.4.1,1,1,3,5,1,0,5,1,4,3,True,False,x,,1,A#,3,F,3,A#,4,D#,1,F
A#sus4/C,x.3.3.3.4.x,1,1,1,4,2,0,4,3,4,1,True,False,x,,3,C,3,F,3,A#,4,D#,x,
A(5),5.8.8.6.5.x,7,1,1,5,1,0,5,5,8,3,True,False,5,A,8,F,8,A#,6,C#,5,E,x,
A(7)sus,x.0.2.2.3.0,1,1,1,5,1,2,3,2,3,1,True,False,x,,0,A,2,E,2,A,3,D,0,E
A(9),x.0.2.2.0.0,27,1,1,5,1,3,2,2,2,0,True,False,x,,0,A,2,E,2,A,0,B,0,E
A(add9)/E,0.12.11.9.0.0,15,1,1,6,0,3,3,9,12,3,True,True,0,E,12,A,11,C#,9,E,0,B,0,E
A/5-,x.0.1.2.2.x,5,1,1,4,2,1,3,1,2,1,True,False,x,,0,A,1,D#,2,A,2,C#,x,
A/5-,x.0.7.6.4.x,2,1,2,4,2,1,3,4,7,3,True,False,x,,0,A,7,A,6,C#,4,D#,x,
A/5-,5.x.x.x.4.5,1,1,3,3,3,0,3,4,5,1,True,False,5,A,x,,x,,x,,4,D#,5,A
A/5-,x.x.x.2.4.5,1,1,4,3,3,0,3,2,5,3,True,False,x,,x,,x,,2,A,4,D#,5,A
A/5-/B,7.x.7.8.x.9,3,1,1,4,2,0,4,7,9,2,True,False,7,B,x,,7,A,8,D#,x,,9,C#
A/5-/B,x.2.1.2.2.x,1,1,2,4,2,0,4,1,2,1,True,False,x,,2,B,1,D#,2,A,2,C#,x,
A/5-/E,x.7.7.8.x.x,11,4,1,3,3,0,3,7,8,1,True,False,x,,7,E,7,A,8,D#,x,,x,
A/B,x.2.2.2.2.0,11,5,1,5,1,1,4,2,2,0,True,False,x,,2,B,2,E,2,A,2,C#,0,E
A/B,x.2.2.2.2.5,9,1,2,5,1,0,5,2,5,3,True,False,x,,2,B,2,E,2,A,2,C#,5,A
A/B,x.2.x.2.2.0,5,2,3,4,2,1,3,2,2,0,True,False,x,,2,B,x,,2,A,2,C#,0,E
A/B,7.7.7.6.5.5,3,1,4,6,0,0,6,5,7,2,True,False,7,B,7,E,7,A,6,C#,5,E,5,A
A/B,7.x.7.6.5.x,2,1,5,4,2,0,4,5,7,2,True,False,7,B,x,,7,A,6,C#,5,E,x,
A/B,x.2.x.2.2.x,1,1,6,3,3,0,3,2,2,0,True,False,x,,2,B,x,,2,A,2,C#,x,
A/B,5.x.9.6.5.x,1,1,7,4,2,0,4,5,9,4,True,False,5,A,x,,9,B,6,C#,5,E,x,
A/C,x.3.x.2.x.0,1,1,1,3,3,1,2,2,3,1,True,False,x,,3,C,x,,2,A,x,,0,E
A/C,x.4.2.2.2.0,1,1,2,5,1,1,4,2,4,2,True,False,x,,4,C#,2,E,2,A,2,C#,0,E
A/C#,x.4.2.2.2.0,45,9,1,5,1,1,4,2,4,2,True,False,x,,4,C#,2,E,2,A,2,C#,0,E
A/C#,x.4.2.2.2.x,27,3,2,4,2,0,4,2,4,2,True,False,x,,4,C#,2,E,2,A,2,C#,x,
A/C#,x.4.2.2.5.x,16,1,3,4,2,0,4,2,5,3,True,False,x,,4,C#,2,E,2,A,5,E,x,
A/C#,x.x.x.6.5.5,14,3,4,3,3,0,3,5,6,1,True,False,x,,x,,x,,6,C#,5,E,5,A
A/C#,x.4.x.2.5.5,4,3,5,4,2,0,4,2,5,3,True,False,x,,4,C#,x,,2,A,5,E,5,A
A/C#,x.4.2.2.2.5,3,1,6,5,1,0,5,2,5,3,True,False,x,,4,C#,2,E,2,A,2,C#,5,A
A/C#,9.x.7.9.10.x,3,1,7,4,2,0,4,7,10,3,True,False,9,C#,x,,7,A,9,E,10,A,x,
A/C#,x.4.x.6.5.5,1,1,8,4,2,0,4,4,6,2,True,False,x,,4,C#,x,,6,C#,5,E,5,A
A/C#,x.4.x.6.5.7,1,1,9,4,2,0,4,4,7,3,True,False,x,,4,C#,x,,6,C#,5,E,7,B
A/D,x.5.7.6.5.x,8,1,1,4,2,0,4,5,7,2,True,False,x,,5,D,7,A,6,C#,5,E,x,
A/D,x.x.0.2.2.0,5,1,2,4,2,2,2,2,2,0,True,False,x,,x,,0,D,2,A,2,C#,0,E
A/D,x.x.0.6.5.5,3,2,3,4,2,1,3,5,6,1,True,False,x,,x,,0,D,6,C#,5,E,5,A
A/D,x.x.0.2.2.x,2,2,4,3,3,1,2,2,2,0,True,False,x,,x,,0,D,2,A,2,C#,x,
A/D,x.x.0.2.2.5,2,2,5,4,2,1,3,2,5,3,True,False,x,,x,,0,D,2,A,2,C#,5,A
A/D,x.x.0.9.10.9,1,1,6,4,2,1,3,9,10,1,True,True,x,,x,,0,D,9,E,10,A,9,C#
A/D,0.0.2.2.2.5,1,1,7,6,0,2,4,2,5,3,True,False,0,E,0,A,2,E,2,A,2,C#,5,A
A/E,x.x.2.2.2.x,45,3,1,3,3,0,3,2,2,0,True,False,x,,x,,2,E,2,A,2,C#,x,
A/E,0.0.2.2.2.0,28,4,2,6,0,3,3,2,2,0,True,False,0,E,0,A,2,E,2,A,2,C#,0,E
A/E,x.x.2.2.2.0,4,1,3,4,2,1,3,2,2,0,True,False,x,,x,,2,E,2,A,2,C#,0,E
A/E,x.7.7.6.5.5,4,1,4,5,1,0,5,5,7,2,True,False,x,,7,E,7,A,6,C#,5,E,5,A
A/E,0.7.x.6.5.5,3,1,5,5,1,1,4,5,7,2,True,False,0,E,7,E,x,,6,C#,5,E,5,A
A/E,0.4.2.2.5.x,3,1,6,5,1,1,4,2,5,3,True,False,0,E,4,C#,2,E,2,A,5,E,x,
A/E,0.x.2.2.2.x,2,1,7,4,2,1,3,2,2,0,True,False,0,E,x,,2,E,2,A,2,C#,x,
A/E,x.x.2.2.2.5,2,2,8,4,2,0,4,2,5,3,True,False,x,,x,,2,E,2,A,2,C#,5,A
A/E,0.0.2.2.x.x,1,1,9,4,2,2,2,2,2,0,True,False,0,E,0,A,2,E,2,A,x,,x,
A/E,0.x.2.2.2.0,1,1,10,5,1,2,3,2,2,0,True,False,0,E,x,,2,E,2,A,2,C#,0,E
A/E,0.x.x.2.2.0,1,1,11,4,2,2,2,2,2,0,True,False,0,E,x,,x,,2,A,2,C#,0,E
A/E,2.0.2.x.2.x,1,1,12,4,2,1,3,2,2,0,True,False,2,F#,0,A,2,E,x,,2,C#,x,
A/E,x.x.x.9.10.9,1,1,13,3,3,0,3,9,10,1,True,False,x,,x,,x,,9,E,10,A,9,C#
A/E,5.7.x.6.5.x,1,1,14,4,2,0,4,5,7,2,True,False,5,A,7,E,x,,6,C#,5,E,x,
A/E,x.x.11.9.10.x,1,1,15,3,3,0,3,9,11,2,True,False,x,,x,,11,C#,9,E,10,A,x,
A/E,x.x.2.x.2.5,1,1,16,3,3,0,3,2,5,3,True,False,x,,x,,2,E,x,,2,C#,5,A
A/E,x.x.2.x.5.5,1,1,17,3,3,0,3,2,5,3,True,False,x,,x,,2,E,x,,5,E,5,A
A/E,0.0.11.9.10.12,1,1,18,6,0,2,4,9,12,3,True,True,0,E,0,A,11,C#,9,E,10,A,12,E
A/E,x.x.x.9.10.12,1,1,19,3,3,0,3,9,12,3,True,False,x,,x,,x,,9,E,10,A,12,E
A/F,x.x.3.2.5.5,2,2,1,4,2,0,4,2,5,3,True,False,x,,x,,3,F,2,A,5,E,5,A
A/F,x.8.x.6.5.5,2,1,2,4,2,0,4,5,8,3,True,False,x,,8,F,x,,6,C#,5,E,5,A
A/F,x.x.3.2.x.0,1,1,3,3,3,1,2,2,3,1,True,False,x,,x,,3,F,2,A,x,,0,E
A/F,x.x.x.10.10.12,1,1,4,3,3,0,3,10,12,2,True,False,x,,x,,x,,10,F,10,A,12,E
A/F#,2.x.2.2.2.0,16,5,1,5,1,1,4,2,2,0,True,False,2,F#,x,,2,E,2,A,2,C#,0,E
A/F#,2.4.2.2.2.x,4,2,2,5,1,0,5,2,4,2,True,False,2,F#,4,C#,2,E,2,A,2,C#,x,
A/F#,x.x.4.6.5.5,3,2,3,4,2,0,4,4,6,2,True,False,x,,x,,4,F#,6,C#,5,E,5,A
A/F#,2.0.2.2.2.0,2,2,4,6,0,2,4,2,2,0,True,False,2,F#,0,A,2,E,2,A,2,C#,0,E
A/F#,5.9.x.6.5.x,2,1,5,4,2,0,4,5,9,4,True,False,5,A,9,F#,x,,6,C#,5,E,x,
A/F#,2.x.2.2.2.x,1,1,6,4,2,0,4,2,2,0,True,False,2,F#,x,,2,E,2,A,2,C#,x,
A/F#,2.x.x.2.2.0,1,1,7,4,2,1,3,2,2,0,True,False,2,F#,x,,x,,2,A,2,C#,0,E
A/F#,x.x.4.2.x.0,1,1,8,3,3,1,2,2,4,2,True,False,x,,x,,4,F#,2,A,x,,0,E
A/F#,x.9.11.9.10.x,1,1,9,4,2,0,4,9,11,2,True,False,x,,9,F#,11,C#,9,E,10,A,x,
A/F#,x.x.x.11.10.12,1,1,10,3,3,0,3,10,12,2,True,False,x,,x,,x,,11,F#,10,A,12,E
A/G,3.0.2.2.2.0,16,4,1,6,0,2,4,2,3,1,True,False,3,G,0,A,2,E,2,A,2,C#,0,E
A/G,3.x.2.2.2.0,11,3,2,5,1,1,4,2,3,1,True,False,3,G,x,,2,E,2,A,2,C#,0,E
A/G,3.x.2.2.2.x,6,2,3,4,2,0,4,2,3,1,True,False,3,G,x,,2,E,2,A,2,C#,x,
A/G,x.x.5.6.5.5,3,3,4,4,2,0,4,5,6,1,True,False,x,,x,,5,G,6,C#,5,E,5,A
A/G,x.x.5.2.2.0,2,1,5,4,2,1,3,2,5,3,True,False,x,,x,,5,G,2,A,2,C#,0,E
A/G,3.x.x.2.2.x,1,1,6,3,3,0,3,2,3,1,True,False,3,G,x,,x,,2,A,2,C#,x,
A/G#,x.x.6.2.5.x,8,1,1,3,3,0,3,2,6,4,True,False,x,,x,,6,G#,2,A,5,E,x,
A/G#,4.x.2.2.2.0,2,1,2,5,1,1,4,2,4,2,True,False,4,G#,x,,2,E,2,A,2,C#,0,E
A11,0.4.0.2.0.x,2,1,1,5,1,3,2,2,4,2,True,False,0,E,4,C#,0,D,2,A,0,B,x,
A13,x.x.5.6.7.5,10,1,1,4,2,0,4,5,7,2,True,False,x,,x,,5,G,6,C#,7,F#,5,A
A13,x.0.5.4.2.2,2,1,2,5,1,1,4,2,5,3,True,False,x,,0,A,5,G,4,B,2,C#,2,F#
A13(abridged),x.0.5.6.5.7,1,1,1,5,1,1,4,5,7,2,True,False,x,,0,A,5,G,6,C#,5,E,7,B
A13(No Bass),x.7.5.6.7.x,2,1,1,4,2,0,4,5,7,2,True,False,x,,7,E,5,G,6,C#,7,F#,x,
A13/9-,5.x.5.6.7.6,5,1,1,5,1,0,5,5,7,2,True,False,5,A,x,,5,G,6,C#,7,F#,6,A#
A13/9-,5.x.x.x.x.x,2,1,2,1,5,0,1,5,5,0,True,False,5,A,x,,x,,x,,x,,x,
A13/9-,x.0.5.3.2.2,1,1,3,5,1,1,4,2,5,3,True,False,x,,0,A,5,G,3,A#,2,C#,2,F#
A13b/G,x.x.5.6.6.5,1,1,1,4,2,0,4,5,6,1,True,False,x,,x,,5,G,6,C#,6,F,5,A
A3,x.0.x.x.10.9,1,1,1,3,3,1,2,9,10,1,True,True,x,,0,A,x,,x,,10,A,9,C#
A4,x.0.7.7.5.5,2,1,1,5,1,1,4,5,7,2,True,False,x,,0,A,7,A,7,D,5,E,5,A
A5,5.7.7.x.x.x,978,84,1,3,3,0,3,5,7,2,True,False,5,A,7,E,7,A,x,,x,,x,
A5,x.0.2.2.x.x,961,144,2,3,3,1,2,2,2,0,True,False,x,,0,A,2,E,2,A,x,,x,
A5,5.7.x.x.x.x,239,28,3,2,4,0,2,5,7,2,True,False,5,A,7,E,x,,x,,x,,x,
A5,x.0.2.x.x.x,137,17,4,2,4,1,1,2,2,0,True,False,x,,0,A,2,E,x,,x,,x,
A5,x.x.7.9.x.x,33,3,5,2,4,0,2,7,9,2,True,False,x,,x,,7,A,9,E,x,,x,
A5,x.x.7.9.10.x,26,7,6,3,3,0,3,7,10,3,True,False,x,,x,,7,A,9,E,10,A,x,
A5,7.7.7.x.x.x,24,5,7,3,3,0,3,7,7,0,True,False,7,B,7,E,7,A,x,,x,,x,
A5,x.0.2.2.5.5,17,3,8,5,1,1,4,2,5,3,True,False,x,,0,A,2,E,2,A,5,E,5,A
A5,7.x.x.x.x.x,16,1,9,1,5,0,1,7,7,0,True,False,7,B,x,,x,,x,,x,,x,
A5,0.0.x.x.x.x,14,1,10,2,4,2,0,0,0,0,True,False,0,E,0,A,x,,x,,x,,x,
A5,x.12.14.14.x.x,14,5,11,3,3,0,3,12,14,2,True,False,x,,12,A,14,E,14,A,x,,x,
A5,x.12.14.x.x.x,12,6,12,2,4,0,2,12,14,2,True,False,x,,12,A,14,E,x,,x,,x,
A5,8.8.8.x.x.x,10,2,13,3,3,0,3,8,8,0,True,False,8,C,8,F,8,A#,x,,x,,x,
A5,7.7.7.9.10.x,9,2,14,5,1,0,5,7,10,3,True,False,7,B,7,E,7,A,9,E,10,A,x,
A5,2.2.x.x.x.x,6,2,15,2,4,0,2,2,2,0,True,False,2,F#,2,B,x,,x,,x,,x,
A5,x.x.2.x.x.x,4,2,16,1,5,0,1,2,2,0,True,False,x,,x,,2,E,x,,x,,x,
A5,x.0.2.2.5.0,4,1,17,5,1,2,3,2,5,3,True,False,x,,0,A,2,E,2,A,5,E,0,E
A5,x.x.x.2.5.x,4,1,18,2,4,0,2,2,5,3,True,False,x,,x,,x,,2,A,5,E,x,
A5,x.0.x.x.x.0,2,1,19,2,4,2,0,0,0,0,True,False,x,,0,A,x,,x,,x,,0,E
A5,x.2.4.4.x.x,2,1,20,3,3,0,3,2,4,2,True,False,x,,2,B,4,F#,4,B,x,,x,
A5,5.7.7.x.5.5,1,1,21,5,1,0,5,5,7,2,True,False,5,A,7,E,7,A,x,,5,E,5,A
A5,x.0.7.x.5.5,1,1,22,4,2,1,3,5,7,2,True,False,x,,0,A,7,A,x,,5,E,5,A
A5,x.0.7.9.x.x,1,1,23,3,3,1,2,7,9,2,True,True,x,,0,A,7,A,9,E,x,,x,
A5,x.0.2.2.5.x,1,1,24,4,2,1,3,2,5,3,True,False,x,,0,A,2,E,2,A,5,E,x,
A5,x.0.x.2.5.5,1,1,25,4,2,1,3,2,5,3,True,False,x,,0,A,x,,2,A,5,E,5,A
A5,x.0.x.9.10.12,1,1,26,4,2,1,3,9,12,3,True,True,x,,0,A,x,,9,E,10,A,12,E
A5,x.x.19.21.22.x,1,1,27,3,3,0,3,19,22,3,True,False,x,,x,,19,A,21,E,22,A,x,
A5/G,3.x.2.x.x.x,2,1,1,2,4,0,2,2,3,1,True,False,3,G,x,,2,E,x,,x,,x,
A6,x.0.4.x.x.x,80,1,1,2,4,1,1,4,4,0,True,False,x,,0,A,4,F#,x,,x,,x,
A6,x.0.2.2.2.2,43,13,2,5,1,1,4,2,2,0,True,False,x,,0,A,2,E,2,A,2,C#,2,F#
A6,0.9.7.9.10.x,10,1,3,5,1,1,4,7,10,3,True,True,0,E,9,F#,7,A,9,E,10,A,x,
A6,x.x.11.11.10.0,4,3,4,4,2,1,3,10,11,1,True,True,x,,x,,11,C#,11,F#,10,A,0,E
A6,0.0.7.6.7.5,4,1,5,6,0,2,4,5,7,2,True,False,0,E,0,A,7,A,6,C#,7,F#,5,A
A6,x.0.2.2.x.2,3,1,6,4,2,1,3,2,2,0,True,False,x,,0,A,2,E,2,A,x,,2,F#
A6,x.0.x.2.2.2,3,2,7,4,2,1,3,2,2,0,True,False,x,,0,A,x,,2,A,2,C#,2,F#
A6,x.x.2.2.x.2,3,1,8,3,3,0,3,2,2,0,True,False,x,,x,,2,E,2,A,x,,2,F#
A6,x.0.x.2.5.2,3,1,9,4,2,1,3,2,5,3,True,False,x,,0,A,x,,2,A,5,E,2,F#
A6,5.9.x.x.x.x,3,1,10,2,4,0,2,5,9,4,True,False,5,A,9,F#,x,,x,,x,,x,
A6,2.x.2.2.2.x,2,1,11,4,2,0,4,2,2,0,True,False,2,F#,x,,2,E,2,A,2,C#,x,
A6,x.x.2.2.2.2,2,1,12,4,2,0,4,2,2,0,True,False,x,,x,,2,E,2,A,2,C#,2,F#
A6,x.4.2.2.2.2,2,1,13,5,1,0,5,2,4,2,True,False,x,,4,C#,2,E,2,A,2,C#,2,F#
A6,5.x.4.6.5.x,2,2,14,4,2,0,4,4,6,2,True,False,5,A,x,,4,F#,6,C#,5,E,x,
A6,x.x.4.6.5.5,2,2,15,4,2,0,4,4,6,2,True,False,x,,x,,4,F#,6,C#,5,E,5,A
A6,x.7.x.x.7.5,2,1,16,3,3,0,3,5,7,2,True,False,x,,7,E,x,,x,,7,F#,5,A
A6,x.0.2.2.5.2,2,1,17,5,1,1,4,2,5,3,True,False,x,,0,A,2,E,2,A,5,E,2,F#
A6,0.0.2.2.2.2,1,1,18,6,0,2,4,2,2,0,True,False,0,E,0,A,2,E,2,A,2,C#,2,F#
A6,0.x.7.x.7.x,1,1,19,3,3,1,2,7,7,0,True,True,0,E,x,,7,A,x,,7,F#,x,
A6,x.0.7.6.7.x,1,1,20,4,2,1,3,6,7,1,True,True,x,,0,A,7,A,6,C#,7,F#,x,
A6,x.0.4.x.2.0,1,1,21,4,2,2,2,2,4,2,True,False,x,,0,A,4,F#,x,,2,C#,0,E
A6,x.0.4.x.2.4,1,1,22,4,2,1,3,2,4,2,True,False,x,,0,A,4,F#,x,,2,C#,4,G#
A6,5.x.x.x.7.x,1,1,23,2,4,0,2,5,7,2,True,False,5,A,x,,x,,x,,7,F#,x,
A6,x.x.7.9.7.9,1,1,24,4,2,0,4,7,9,2,True,False,x,,x,,7,A,9,E,7,F#,9,C#
A6,9.9.11.9.10.9,1,1,25,6,0,0,6,9,11,2,True,False,9,C#,9,F#,11,C#,9,E,10,A,9,C#
A6,0.x.2.2.5.2,1,1,26,5,1,1,4,2,5,3,True,False,0,E,x,,2,E,2,A,5,E,2,F#
A6/9,x.0.11.11.12.12,1,1,1,5,1,1,4,11,12,1,True,True,x,,0,A,11,C#,11,F#,12,B,12,E
A6/9,x.x.11.11.12.12,1,1,2,4,2,0,4,11,12,1,True,False,x,,x,,11,C#,11,F#,12,B,12,E
A69,x.0.4.4.5.5,1,1,1,5,1,1,4,4,5,1,True,False,x,,0,A,4,F#,4,B,5,E,5,A
A6add9,x.0.4.6.0.0,12,2,1,5,1,3,2,4,6,2,True,False,x,,0,A,4,F#,6,C#,0,B,0,E
A6add9,0.4.4.2.0.0,3,1,2,6,0,3,3,2,4,2,True,False,0,E,4,C#,4,F#,2,A,0,B,0,E
A6add9,x.0.2.4.2.2,2,1,3,5,1,1,4,2,4,2,True,False,x,,0,A,2,E,4,B,2,C#,2,F#
A6add9,2.2.2.2.2.2,1,1,4,6,0,0,6,2,2,0,True,False,2,F#,2,B,2,E,2,A,2,C#,2,F#
A6add9/C#,x.4.4.2.0.0,4,1,1,5,1,2,3,2,4,2,True,False,x,,4,C#,4,F#,2,A,0,B,0,E
A7,x.0.2.0.2.0,655,135,1,5,1,3,2,2,2,0,True,False,x,,0,A,2,E,0,G,2,C#,0,E
A7,5.7.5.6.8.5,253,13,2,6,0,0,6,5,8,3,True,False,5,A,7,E,5,G,6,C#,8,G,5,A
A7,x.12.14.12.14.12,91,2,3,5,1,0,5,12,14,2,True,False,x,,12,A,14,E,12,G,14,C#,12,E
A7,5.7.5.6.5.5,81,24,4,6,0,0,6,5,7,2,True,False,5,A,7,E,5,G,6,C#,5,E,5,A
A7,x.0.2.2.2.3,70,23,5,5,1,1,4,2,3,1,True,False,x,,0,A,2,E,2,A,2,C#,3,G
A7,x.0.2.0.2.x,57,17,6,4,2,2,2,2,2,0,True,False,x,,0,A,2,E,0,G,2,C#,x,
A7,5.x.5.6.5.x,50,11,7,4,2,0,4,5,6,1,True,False,5,A,x,,5,G,6,C#,5,E,x,
A7,x.0.x.0.2.0,25,7,8,4,2,3,1,2,2,0,True,False,x,,0,A,x,,0,G,2,C#,0,E
A7,x.0.2.0.2.3,15,3,9,5,1,2,3,2,3,1,True,False,x,,0,A,2,E,0,G,2,C#,3,G
A7,5.x.5.6.5.9,15,1,10,5,1,0,5,5,9,4,True,False,5,A,x,,5,G,6,C#,5,E,9,C#
A7,x.x.2.2.2.3,14,7,11,4,2,0,4,2,3,1,True,False,x,,x,,2,E,2,A,2,C#,3,G
A7,x.0.2.0.x.x,13,4,12,3,3,2,1,2,2,0,True,False,x,,0,A,2,E,0,G,x,,x,
A7,5.7.5.6.x.x,13,2,13,4,2,0,4,5,7,2,True,False,5,A,7,E,5,G,6,C#,x,,x,
A7,x.x.7.9.8.x,12,1,14,3,3,0,3,7,9,2,True,False,x,,x,,7,A,9,E,8,G,x,
A7,5.7.5.x.x.x,9,1,15,3,3,0,3,5,7,2,True,False,5,A,7,E,5,G,x,,x,,x,
A7,0.0.2.0.2.0,8,5,16,6,0,4,2,2,2,0,True,False,0,E,0,A,2,E,0,G,2,C#,0,E
A7,x.0.5.6.5.x,8,6,17,4,2,1,3,5,6,1,True,False,x,,0,A,5,G,6,C#,5,E,x,
A7,x.0.5.2.5.x,8,1,18,4,2,1,3,2,5,3,True,False,x,,0,A,5,G,2,A,5,E,x,
A7,x.0.5.6.5.3,7,2,19,5,1,1,4,3,6,3,True,False,x,,0,A,5,G,6,C#,5,E,3,G
A7,5.x.5.6.8.x,7,1,20,4,2,0,4,5,8,3,True,False,5,A,x,,5,G,6,C#,8,G,x,
A7,5.7.5.6.5.x,5,3,21,5,1,0,5,5,7,2,True,False,5,A,7,E,5,G,6,C#,5,E,x,
A7,x.0.7.9.8.9,5,3,22,5,1,1,4,7,9,2,True,True,x,,0,A,7,A,9,E,8,G,9,C#
A7,x.x.7.9.8.9,5,5,23,4,2,0,4,7,9,2,True,False,x,,x,,7,A,9,E,8,G,9,C#
A7,x.0.11.12.10.12,5,2,24,5,1,1,4,10,12,2,True,True,x,,0,A,11,C#,12,G,10,A,12,E
A7,x.12.11.12.10.x,5,1,25,4,2,0,4,10,12,2,True,False,x,,12,A,11,C#,12,G,10,A,x,
A7,x.0.5.x.5.x,4,1,26,3,3,1,2,5,5,0,True,False,x,,0,A,5,G,x,,5,E,x,
A7,5.0.5.6.5.0,4,2,27,6,0,2,4,5,6,1,True,False,5,A,0,A,5,G,6,C#,5,E,0,E
A7,5.x.5.6.x.x,4,2,28,3,3,0,3,5,6,1,True,False,5,A,x,,5,G,6,C#,x,,x,
A7,x.0.11.12.10.x,4,1,29,4,2,1,3,10,12,2,True,True,x,,0,A,11,C#,12,G,10,A,x,
A7,x.0.2.x.2.x,3,1,30,3,3,1,2,2,2,0,True,False,x,,0,A,2,E,x,,2,C#,x,
A7,x.0.x.0.2.x,3,2,31,3,3,2,1,2,2,0,True,False,x,,0,A,x,,0,G,2,C#,x,
A7,x.0.5.0.5.0,3,2,32,5,1,3,2,5,5,0,True,False,x,,0,A,5,G,0,G,5,E,0,E
A7,0.0.5.6.5.5,3,1,33,6,0,2,4,5,6,1,True,False,0,E,0,A,5,G,6,C#,5,E,5,A
A7,x.x.5.6.5.5,3,2,34,4,2,0,4,5,6,1,True,False,x,,x,,5,G,6,C#,5,E,5,A
A7,x.0.x.9.8.9,3,3,35,4,2,1,3,8,9,1,True,True,x,,0,A,x,,9,E,8,G,9,C#
A7,x.12.11.12.x.0,3,1,36,4,2,1,3,11,12,1,True,True,x,,12,A,11,C#,12,G,x,,0,E
A7,x.4.2.0.2.0,3,1,37,5,1,2,3,2,4,2,True,False,x,,4,C#,2,E,0,G,2,C#,0,E
A7,x.x.7.6.8.0,3,2,38,4,2,1,3,6,8,2,True,True,x,,x,,7,A,6,C#,8,G,0,E
A7,x.0.x.6.5.8,3,1,39,4,2,1,3,5,8,3,True,False,x,,0,A,x,,6,C#,5,E,8,C
A7,x.0.5.0.5.x,2,1,40,4,2,2,2,5,5,0,True,False,x,,0,A,5,G,0,G,5,E,x,
A7,x.0.x.0.5.5,2,1,41,4,2,2,2,5,5,0,True,False,x,,0,A,x,,0,G,5,E,5,A
A7,0.0.2.2.2.3,2,1,42,6,0,2,4,2,3,1,True,False,0,E,0,A,2,E,2,A,2,C#,3,G
A7,x.0.x.x.2.3,2,1,43,3,3,1,2,2,3,1,True,False,x,,0,A,x,,x,,2,C#,3,G
A7,5.x.5.6.5.5,2,2,44,5,1,0,5,5,6,1,True,False,5,A,x,,5,G,6,C#,5,E,5,A
A7,0.4.2.0.x.x,2,1,45,4,2,2,2,2,4,2,True,False,0,E,4,C#,2,E,0,G,x,,x,
A7,5.7.5.6.x.5,2,1,46,5,1,0,5,5,7,2,True,False,5,A,7,E,5,G,6,C#,x,,5,A
A7,x.0.x.12.10.12,2,2,47,4,2,1,3,10,12,2,True,True,x,,0,A,x,,12,G,10,A,12,E
A7,5.4.2.x.x.3,2,1,48,4,2,0,4,2,5,3,True,False,5,A,4,C#,2,E,x,,x,,3,G
A7,x.0.5.2.2.3,2,1,49,5,1,1,4,2,5,3,True,False,x,,0,A,5,G,2,A,2,C#,3,G
A7,x.0.5.2.2.x,2,1,50,4,2,1,3,2,5,3,True,False,x,,0,A,5,G,2,A,2,C#,x,
A7,x.0.x.2.5.3,2,2,51,4,2,1,3,2,5,3,True,False,x,,0,A,x,,2,A,5,E,3,G
A7,5.x.7.6.8.5,2,1,52,5,1,0,5,5,8,3,True,False,5,A,x,,7,A,6,C#,8,G,5,A
A7,x.0.5.6.8.0,2,2,53,5,1,2,3,5,8,3,True,False,x,,0,A,5,G,6,C#,8,G,0,E
A7,17.19.x.18.20.17,2,2,54,5,1,0,5,17,20,3,True,False,17,A,19,E,x,,18,C#,20,G,17,A
A7,x.0.x.0.x.0,1,1,55,3,3,3,0,0,0,0,True,False,x,,0,A,x,,0,G,x,,0,E
A7,x.x.x.0.5.5,1,1,56,3,3,1,2,5,5,0,True,False,x,,x,,x,,0,G,5,E,5,A
A7,x.0.x.12.x.12,1,1,57,3,3,1,2,12,12,0,True,True,x,,0,A,x,,12,G,x,,12,E
A7,0.0.2.0.2.3,1,1,58,6,0,3,3,2,3,1,True,False,0,E,0,A,2,E,0,G,2,C#,3,G
A7,3.x.2.2.2.3,1,1,59,5,1,0,5,2,3,1,True,False,3,G,x,,2,E,2,A,2,C#,3,G
A7,x.0.2.0.x.3,1,1,60,4,2,2,2,2,3,1,True,False,x,,0,A,2,E,0,G,x,,3,G
A7,x.0.x.2.2.3,1,1,61,4,2,1,3,2,3,1,True,False,x,,0,A,x,,2,A,2,C#,3,G
A7,x.0.x.3.2.3,1,1,62,4,2,1,3,2,3,1,True,False,x,,0,A,x,,3,A#,2,C#,3,G
A7,x.x.x.2.2.3,1,1,63,3,3,0,3,2,3,1,True,False,x,,x,,x,,2,A,2,C#,3,G
A7,0.0.5.6.x.5,1,1,64,5,1,2,3,5,6,1,True,False,0,E,0,A,5,G,6,C#,x,,5,A
A7,x.0.5.6.5.0,1,1,65,5,1,2,3,5,6,1,True,False,x,,0,A,5,G,6,C#,5,E,0,E
A7,x.0.x.9.8.0,1,1,66,4,2,2,2,8,9,1,True,True,x,,0,A,x,,9,E,8,G,0,E
A7,x.0.x.9.8.x,1,1,67,3,3,1,2,8,9,1,True,True,x,,0,A,x,,9,E,8,G,x,
A7,x.x.0.9.8.9,1,1,68,4,2,1,3,8,9,1,True,True,x,,x,,0,D,9,E,8,G,9,C#
A7,10.0.11.0.10.0,1,1,69,6,0,3,3,10,11,1,True,True,10,D,0,A,11,C#,0,G,10,A,0,E
A7,x.x.11.0.10.0,1,1,70,4,2,2,2,10,11,1,True,True,x,,x,,11,C#,0,G,10,A,0,E
A7,x.0.1.0.2.3,1,1,71,5,1,2,3,1,3,2,True,False,x,,0,A,1,D#,0,G,2,C#,3,G
A7,x.0.x.x.5.3,1,1,72,3,3,1,2,3,5,2,True,False,x,,0,A,x,,x,,5,E,3,G
A7,0.0.7.6.8.0,1,1,73,6,0,3,3,6,8,2,True,True,0,E,0,A,7,A,6,C#,8,G,0,E
A7,x.0.7.0.x.9,1,1,74,4,2,2,2,7,9,2,True,True,x,,0,A,7,A,0,G,x,,9,C#
A7,x.0.x.0.2.5,1,1,75,4,2,2,2,2,5,3,True,False,x,,0,A,x,,0,G,2,C#,5,A
A7,x.4.x.2.5.3,1,1,76,4,2,0,4,2,5,3,True,False,x,,4,C#,x,,2,A,5,E,3,G
A7,0.0.5.6.8.5,1,1,77,6,0,2,4,5,8,3,True,False,0,E,0,A,5,G,6,C#,8,G,5,A
A7,0.0.5.x.8.5,1,1,78,5,1,2,3,5,8,3,True,False,0,E,0,A,5,G,x,,8,G,5,A
A7,x.0.7.6.8.5,1,1,79,5,1,1,4,5,8,3,True,False,x,,0,A,7,A,6,C#,8,G,5,A
A7,12.x.x.14.x.15,1,1,80,3,3,0,3,12,15,3,True,False,12,E,x,,x,,14,A,x,,15,G
A7,x.x.7.6.5.3,1,1,81,4,2,0,4,3,7,4,True,False,x,,x,,7,A,6,C#,5,E,3,G
A7 (no3),x.0.x.9.8.0,1,1,1,4,2,2,2,8,9,1,True,True,x,,0,A,x,,9,E,8,G,0,E
A7 (no5),x.0.x.6.8.9,1,1,1,4,2,1,3,6,9,3,True,True,x,,0,A,x,,6,C#,8,G,9,C#
A7(9-),x.0.2.3.2.3,4,1,1,5,1,1,4,2,3,1,True,False,x,,0,A,2,E,3,A#,2,C#,3,G
A7(b/3),5.x.5.6.6.x,1,1,1,4,2,0,4,5,6,1,True,False,5,A,x,,5,G,6,C#,6,F,x,
A7/+5,5.0.5.6.6.0,6,2,1,6,0,2,4,5,6,1,True,False,5,A,0,A,5,G,6,C#,6,F,0,E
A7/5+,5.x.5.6.6.x,13,6,1,4,2,0,4,5,6,1,True,False,5,A,x,,5,G,6,C#,6,F,x,
A7/5+,x.0.3.0.2.1,5,1,2,5,1,2,3,1,3,2,True,False,x,,0,A,3,F,0,G,2,C#,1,F
A7/5+,5.x.5.6.6.5,1,1,3,5,1,0,5,5,6,1,True,False,5,A,x,,5,G,6,C#,6,F,5,A
A7/5+,x.x.5.6.6.5,1,1,4,4,2,0,4,5,6,1,True,False,x,,x,,5,G,6,C#,6,F,5,A
A7/5-,5.x.5.6.4.x,4,2,1,4,2,0,4,4,6,2,True,False,5,A,x,,5,G,6,C#,4,D#,x,
A7/5-,x.0.1.0.2.3,3,1,2,5,1,2,3,1,3,2,True,False,x,,0,A,1,D#,0,G,2,C#,3,G
A7/9,x.0.2.4.2.3,1,1,1,5,1,1,4,2,4,2,True,False,x,,0,A,2,E,4,B,2,C#,3,G
A7/A#,6.x.5.6.5.5,1,1,1,5,1,0,5,5,6,1,True,False,6,A#,x,,5,G,6,C#,5,E,5,A
A7/C#,x.4.x.0.2.0,2,1,1,4,2,2,2,2,4,2,True,False,x,,4,C#,x,,0,G,2,C#,0,E
A7/D,x.x.0.2.2.3,3,2,1,4,2,1,3,2,3,1,True,False,x,,x,,0,D,2,A,2,C#,3,G
A7/E,x.x.2.2.x.3,1,1,1,3,3,0,3,2,3,1,True,False,x,,x,,2,E,2,A,x,,3,G
A7/E,x.7.7.6.8.x,1,1,2,4,2,0,4,6,8,2,True,False,x,,7,E,7,A,6,C#,8,G,x,
A7/G,x.x.5.6.5.x,3,1,1,3,3,0,3,5,6,1,True,False,x,,x,,5,G,6,C#,5,E,x,
A7/G,3.0.2.0.2.0,1,1,2,6,0,3,3,2,3,1,True,False,3,G,0,A,2,E,0,G,2,C#,0,E
A7/G,x.x.5.6.5.5,1,1,3,4,2,0,4,5,6,1,True,False,x,,x,,5,G,6,C#,5,E,5,A
A713,5.x.5.6.7.x,1,1,1,4,2,0,4,5,7,2,True,False,5,A,x,,5,G,6,C#,7,F#,x,
A713-/5+/A#,6.5.x.6.6.5,2,1,1,5,1,0,5,5,6,1,True,False,6,A#,5,D,x,,6,C#,6,F,5,A
A713b,5.x.5.6.6.x,8,1,1,4,2,0,4,5,6,1,True,False,5,A,x,,5,G,6,C#,6,F,x,
A713sus4,5.x.5.7.7.5,2,1,1,5,1,0,5,5,7,2,True,False,5,A,x,,5,G,7,D,7,F#,5,A
A79,x.0.x.x.8.7,1,1,1,3,3,1,2,7,8,1,True,True,x,,0,A,x,,x,,8,G,7,B
A79-,x.0.5.6.5.6,2,1,1,5,1,1,4,5,6,1,True,False,x,,0,A,5,G,6,C#,5,E,6,A#
A79-,x.0.8.9.8.9,1,1,2,5,1,1,4,8,9,1,True,True,x,,0,A,8,A#,9,E,8,G,9,C#
A79b,x.0.11.12.11.x,4,1,1,4,2,1,3,11,12,1,True,True,x,,0,A,11,C#,12,G,11,A#,x,
A79b,x.0.5.6.5.6,3,1,2,5,1,1,4,5,6,1,True,False,x,,0,A,5,G,6,C#,5,E,6,A#
A7add11,5.5.7.6.8.5,6,1,1,6,0,0,6,5,8,3,True,False,5,A,5,D,7,A,6,C#,8,G,5,A
A7add11,5.7.5.7.5.9,1,1,2,6,0,0,6,5,9,4,True,False,5,A,7,E,5,G,7,D,5,E,9,C#
A7add13,x.0.2.0.2.2,11,3,1,5,1,2,3,2,2,0,True,False,x,,0,A,2,E,0,G,2,C#,2,F#
A7add13,5.x.5.6.7.x,11,3,2,4,2,0,4,5,7,2,True,False,5,A,x,,5,G,6,C#,7,F#,x,
A7add13,5.x.5.6.7.5,9,2,3,5,1,0,5,5,7,2,True,False,5,A,x,,5,G,6,C#,7,F#,5,A
A7add13,x.0.x.0.2.2,7,1,4,4,2,2,2,2,2,0,True,False,x,,0,A,x,,0,G,2,C#,2,F#
A7add13,x.0.4.0.x.x,3,1,5,3,3,2,1,4,4,0,True,False,x,,0,A,4,F#,0,G,x,,x,
A7add13,x.0.7.0.7.0,1,1,6,5,1,3,2,7,7,0,True,True,x,,0,A,7,A,0,G,7,F#,0,E
A7add13,x.0.5.6.7.x,1,1,7,4,2,1,3,5,7,2,True,False,x,,0,A,5,G,6,C#,7,F#,x,
A7add13-,0.0.5.6.6.0,1,1,1,6,0,3,3,5,6,1,True,False,0,E,0,A,5,G,6,C#,6,F,0,E
A7add13-,x.0.5.6.6.0,1,1,2,5,1,2,3,5,6,1,True,False,x,,0,A,5,G,6,C#,6,F,0,E
A7add13/Bb,6.x.5.6.7.5,4,2,1,5,1,0,5,5,7,2,True,False,6,A#,x,,5,G,6,C#,7,F#,5,A
A7M,x.0.2.1.2.0,48,12,1,5,1,2,3,1,2,1,True,False,x,,0,A,2,E,1,G#,2,C#,0,E
A7M,x.0.2.1.2.x,14,3,2,4,2,1,3,1,2,1,True,False,x,,0,A,2,E,1,G#,2,C#,x,
A7M,5.x.6.6.5.x,10,6,3,4,2,0,4,5,6,1,True,False,5,A,x,,6,G#,6,C#,5,E,x,
A7M,4.4.7.6.5.4,8,2,4,6,0,0,6,4,7,3,True,False,4,G#,4,C#,7,A,6,C#,5,E,4,G#
A7M,x.0.2.1.x.x,4,1,5,3,3,1,2,1,2,1,True,False,x,,0,A,2,E,1,G#,x,,x,
A7M,0.0.11.13.x.x,4,1,6,4,2,2,2,11,13,2,True,True,0,E,0,A,11,C#,13,G#,x,,x,
A7M,5.7.6.6.5.5,3,1,7,6,0,0,6,5,7,2,True,False,5,A,7,E,6,G#,6,C#,5,E,5,A
A7M,5.7.6.x.x.x,3,1,8,3,3,0,3,5,7,2,True,False,5,A,7,E,6,G#,x,,x,,x,
A7M,x.x.7.6.5.4,3,2,9,4,2,0,4,4,7,3,True,False,x,,x,,7,A,6,C#,5,E,4,G#
A7M,5.0.2.1.2.x,3,1,10,5,1,1,4,1,5,4,True,False,5,A,0,A,2,E,1,G#,2,C#,x,
A7M,0.0.2.1.2.0,2,1,11,6,0,3,3,1,2,1,True,False,0,E,0,A,2,E,1,G#,2,C#,0,E
A7M,x.0.2.2.2.4,2,1,12,5,1,1,4,2,4,2,True,False,x,,0,A,2,E,2,A,2,C#,4,G#
A7M,9.x.7.9.9.x,2,1,13,4,2,0,4,7,9,2,True,False,9,C#,x,,7,A,9,E,9,G#,x,
A7M,x.x.7.9.9.9,2,2,14,4,2,0,4,7,9,2,True,False,x,,x,,7,A,9,E,9,G#,9,C#
A7M,x.0.2.1.2.4,2,1,15,5,1,1,4,1,4,3,True,False,x,,0,A,2,E,1,G#,2,C#,4,G#
A7M,4.0.7.6.x.x,2,1,16,4,2,1,3,4,7,3,True,False,4,G#,0,A,7,A,6,C#,x,,x,
A7M,4.x.7.6.5.4,2,1,17,5,1,0,5,4,7,3,True,False,4,G#,x,,7,A,6,C#,5,E,4,G#
A7M,0.x.7.6.9.x,2,1,18,4,2,1,3,6,9,3,True,True,0,E,x,,7,A,6,C#,9,G#,x,
A7M,5.0.6.6.5.0,1,1,19,6,0,2,4,5,6,1,True,False,5,A,0,A,6,G#,6,C#,5,E,0,E
A7M,5.x.6.6.5.5,1,1,20,5,1,0,5,5,6,1,True,False,5,A,x,,6,G#,6,C#,5,E,5,A
A7M,x.0.6.6.5.x,1,1,21,4,2,1,3,5,6,1,True,False,x,,0,A,6,G#,6,C#,5,E,x,
A7M,x.0.x.2.2.4,1,1,22,4,2,1,3,2,4,2,True,False,x,,0,A,x,,2,A,2,C#,4,G#
A7M,x.0.11.9.9.9,1,1,23,5,1,1,4,9,11,2,True,True,x,,0,A,11,C#,9,E,9,G#,9,C#
A7M,x.4.7.6.5.4,1,1,24,5,1,0,5,4,7,3,True,False,x,,4,C#,7,A,6,C#,5,E,4,G#
A7M,x.11.x.13.10.12,1,1,25,4,2,0,4,10,13,3,True,False,x,,11,G#,x,,13,G#,10,A,12,E
A7M,5.7.x.6.9.x,1,1,26,4,2,0,4,5,9,4,True,False,5,A,7,E,x,,6,C#,9,G#,x,
A7M/5+,x.4.6.6.6.5,2,1,1,5,1,0,5,4,6,2,True,False,x,,4,C#,6,G#,6,C#,6,F,5,A
A7M/5-,x.x.7.8.9.9,1,1,1,4,2,0,4,7,9,2,True,False,x,,x,,7,A,8,D#,9,G#,9,C#
A7M/9,x.0.6.6.0.x,1,1,1,4,2,2,2,6,6,0,True,True,x,,0,A,6,G#,6,C#,0,B,x,
A7M/B,x.2.2.2.2.4,1,1,1,5,1,0,5,2,4,2,True,False,x,,2,B,2,E,2,A,2,C#,4,G#
A7M/F,x.x.3.2.2.4,4,2,1,4,2,0,4,2,4,2,True,False,x,,x,,3,F,2,A,2,C#,4,G#
A7M9,x.0.2.4.2.4,1,1,1,5,1,1,4,2,4,2,True,False,x,,0,A,2,E,4,B,2,C#,4,G#
A7M9,0.4.7.4.5.4,1,1,2,6,0,1,5,4,7,3,True,False,0,E,4,C#,7,A,4,B,5,E,4,G#
A7M9-,x.0.2.3.2.4,2,1,1,5,1,1,4,2,4,2,True,False,x,,0,A,2,E,3,A#,2,C#,4,G#
A7Madd13,0.0.7.6.7.4,3,1,1,6,0,2,4,4,7,3,True,False,0,E,0,A,7,A,6,C#,7,F#,4,G#
A7sus,x.0.2.0.3.0,4,1,1,5,1,3,2,2,3,1,True,False,x,,0,A,2,E,0,G,3,D,0,E
A7sus,x.0.2.0.0.0,1,1,2,5,1,4,1,2,2,0,True,False,x,,0,A,2,E,0,G,0,B,0,E
A7sus2,x.0.2.2.0.3,3,1,1,5,1,2,3,2,3,1,True,False,x,,0,A,2,E,2,A,0,B,3,G
A7sus2,3.0.5.4.5.x,2,1,2,5,1,1,4,3,5,2,True,False,3,G,0,A,5,G,4,B,5,E,x,
A7sus2,3.x.5.2.0.0,2,1,3,5,1,2,3,2,5,3,True,False,3,G,x,,5,G,2,A,0,B,0,E
A7sus2,x.0.2.0.0.0,1,1,4,5,1,4,1,2,2,0,True,False,x,,0,A,2,E,0,G,0,B,0,E
A7sus2,x.0.2.0.0.x,1,1,5,4,2,3,1,2,2,0,True,False,x,,0,A,2,E,0,G,0,B,x,
A7sus2,x.0.5.4.5.x,1,1,6,4,2,1,3,4,5,1,True,False,x,,0,A,5,G,4,B,5,E,x,
A7sus2,x.0.9.0.8.0,1,1,7,5,1,3,2,8,9,1,True,True,x,,0,A,9,B,0,G,8,G,0,E
A7sus2,x.0.2.0.0.5,1,1,8,5,1,3,2,2,5,3,True,False,x,,0,A,2,E,0,G,0,B,5,A
A7sus2,x.x.9.12.10.12,1,1,9,4,2,0,4,9,12,3,True,False,x,,x,,9,B,12,G,10,A,12,E
A7sus2/5-,x.0.5.4.4.5,1,1,1,5,1,1,4,4,5,1,True,False,x,,0,A,5,G,4,B,4,D#,5,A
A7sus4,x.0.2.0.3.0,97,11,1,5,1,3,2,2,3,1,True,False,x,,0,A,2,E,0,G,3,D,0,E
A7sus4,x.0.2.0.3.3,66,6,2,5,1,2,3,2,3,1,True,False,x,,0,A,2,E,0,G,3,D,3,G
A7sus4,0.0.0.0.3.0,26,2,3,6,0,5,1,3,3,0,True,False,0,E,0,A,0,D,0,G,3,D,0,E
A7sus4,x.0.2.0.3.x,14,7,4,4,2,2,2,2,3,1,True,False,x,,0,A,2,E,0,G,3,D,x,
A7sus4,x.x.x.12.10.10,12,1,5,3,3,0,3,10,12,2,True,False,x,,x,,x,,12,G,10,A,10,D
A7sus4,x.0.2.2.3.3,10,3,6,5,1,1,4,2,3,1,True,False,x,,0,A,2,E,2,A,3,D,3,G
A7sus4,x.0.0.2.3.3,7,1,7,5,1,2,3,2,3,1,True,False,x,,0,A,0,D,2,A,3,D,3,G
A7sus4,x.0.0.0.3.0,5,2,8,5,1,4,1,3,3,0,True,False,x,,0,A,0,D,0,G,3,D,0,E
A7sus4,x.x.2.2.3.3,5,2,9,4,2,0,4,2,3,1,True,False,x,,x,,2,E,2,A,3,D,3,G
A7sus4,x.0.x.0.3.0,4,1,10,4,2,3,1,3,3,0,True,False,x,,0,A,x,,0,G,3,D,0,E
A7sus4,x.0.2.0.3.5,4,2,11,5,1,2,3,2,5,3,True,False,x,,0,A,2,E,0,G,3,D,5,A
A7sus4,5.7.5.7.5.5,2,2,12,6,0,0,6,5,7,2,True,False,5,A,7,E,5,G,7,D,5,E,5,A
A7sus4,5.x.5.7.5.x,2,2,13,4,2,0,4,5,7,2,True,False,5,A,x,,5,G,7,D,5,E,x,
A7sus4,5.x.5.7.x.x,2,1,14,3,3,0,3,5,7,2,True,False,5,A,x,,5,G,7,D,x,,x,
A7sus4,x.0.5.2.3.x,2,2,15,4,2,1,3,2,5,3,True,False,x,,0,A,5,G,2,A,3,D,x,
A7sus4,3.0.0.0.3.0,1,1,16,6,0,4,2,3,3,0,True,False,3,G,0,A,0,D,0,G,3,D,0,E
A7sus4,x.0.x.0.3.x,1,1,17,3,3,2,1,3,3,0,True,False,x,,0,A,x,,0,G,3,D,x,
A7sus4,0.0.2.2.3.3,1,1,18,6,0,2,4,2,3,1,True,False,0,E,0,A,2,E,2,A,3,D,3,G
A7sus4,5.7.5.7.5.x,1,1,19,5,1,0,5,5,7,2,True,False,5,A,7,E,5,G,7,D,5,E,x,
A7sus4,x.x.7.9.8.10,1,1,20,4,2,0,4,7,10,3,True,False,x,,x,,7,A,9,E,8,G,10,D
A7sus4 (2),x.0.2.0.3.0,2,1,1,5,1,3,2,2,3,1,True,False,x,,0,A,2,E,0,G,3,D,0,E
a7sus4/e,x.0.2.0.3.0,5,2,1,5,1,3,2,2,3,1,True,False,x,,0,A,2,E,0,G,3,D,0,E
A7sus4/F#,2.0.0.0.3.0,34,2,1,6,0,4,2,2,3,1,True,False,2,F#,0,A,0,D,0,G,3,D,0,E
A7sus4add9,x.0.5.4.3.3,4,2,1,5,1,1,4,3,5,2,True,False,x,,0,A,5,G,4,B,3,D,3,G
A7sus4add9,x.0.5.4.3.5,3,1,2,5,1,1,4,3,5,2,True,False,x,,0,A,5,G,4,B,3,D,5,A
A7sus4add9,x.0.5.4.3.x,3,1,3,4,2,1,3,3,5,2,True,False,x,,0,A,5,G,4,B,3,D,x,
A7sus4add9,x.0.0.2.0.3,2,1,4,5,1,3,2,2,3,1,True,False,x,,0,A,0,D,2,A,0,B,3,G
A9,5.7.5.6.5.7,14,1,1,6,0,0,6,5,7,2,True,False,5,A,7,E,5,G,6,C#,5,E,7,B
A9,x.0.5.6.5.7,4,1,2,5,1,1,4,5,7,2,True,False,x,,0,A,5,G,6,C#,5,E,7,B
A9,x.x.7.6.8.7,4,1,3,4,2,0,4,6,8,2,True,False,x,,x,,7,A,6,C#,8,G,7,B
A9,x.0.2.2.0.0,3,1,4,5,1,3,2,2,2,0,True,False,x,,0,A,2,E,2,A,0,B,0,E
A9,5.x.5.4.x.x,3,1,5,3,3,0,3,4,5,1,True,False,5,A,x,,5,G,4,B,x,,x,
A9,x.12.11.12.12.12,3,3,6,5,1,0,5,11,12,1,True,False,x,,12,A,11,C#,12,G,12,B,12,E
A9,x.0.2.4.2.3,3,2,7,5,1,1,4,2,4,2,True,False,x,,0,A,2,E,4,B,2,C#,3,G
A9,3.2.2.2.2.x,2,1,8,5,1,0,5,2,3,1,True,False,3,G,2,B,2,E,2,A,2,C#,x,
A9,x.0.x.9.8.7,2,1,9,4,2,1,3,7,9,2,True,True,x,,0,A,x,,9,E,8,G,7,B
A9,x.0.x.0.0.x,1,1,10,3,3,3,0,0,0,0,True,False,x,,0,A,x,,0,G,0,B,x,
A9,0.0.5.6.0.0,1,1,11,6,0,4,2,5,6,1,True,False,0,E,0,A,5,G,6,C#,0,B,0,E
A9,5.x.5.6.0.0,1,1,12,5,1,2,3,5,6,1,True,False,5,A,x,,5,G,6,C#,0,B,0,E
A9,0.0.11.12.12.0,1,1,13,6,0,3,3,11,12,1,True,True,0,E,0,A,11,C#,12,G,12,B,0,E
A9,12.12.11.12.12.12,1,1,14,6,0,0,6,11,12,1,True,False,12,E,12,A,11,C#,12,G,12,B,12,E
A9,x.12.11.0.0.0,1,1,15,5,1,3,2,11,12,1,True,True,x,,12,A,11,C#,0,G,0,B,0,E
A9,0.0.11.12.10.12,1,1,16,6,0,2,4,10,12,2,True,True,0,E,0,A,11,C#,12,G,10,A,12,E
A9,0.0.5.4.2.5,1,1,17,6,0,2,4,2,5,3,True,False,0,E,0,A,5,G,4,B,2,C#,5,A
A9,x.0.5.4.2.x,1,1,18,4,2,1,3,2,5,3,True,False,x,,0,A,5,G,4,B,2,C#,x,
A9 (NR),x.4.5.4.5.0,5,1,1,5,1,1,4,4,5,1,True,False,x,,4,C#,5,G,4,B,5,E,0,E
A9 sus11,x.0.11.12.12.10,1,1,1,5,1,1,4,10,12,2,True,True,x,,0,A,11,C#,12,G,12,B,10,D
A9+,x.12.11.12.13.x,12,2,1,4,2,0,4,11,13,2,True,False,x,,12,A,11,C#,12,G,13,C,x,
A9+,x.0.2.5.2.3,1,1,2,5,1,1,4,2,5,3,True,False,x,,0,A,2,E,5,C,2,C#,3,G
A9+,5.7.5.6.8.8,1,1,3,6,0,0,6,5,8,3,True,False,5,A,7,E,5,G,6,C#,8,G,8,C
A9-,x.x.7.6.8.6,4,1,1,4,2,0,4,6,8,2,True,False,x,,x,,7,A,6,C#,8,G,6,A#
A9-,x.0.2.3.2.3,1,1,2,5,1,1,4,2,3,1,True,False,x,,0,A,2,E,3,A#,2,C#,3,G
A9-/5+,6.0.5.6.6.x,1,1,1,5,1,1,4,5,6,1,True,False,6,A#,0,A,5,G,6,C#,6,F,x,
A9/5+,x.0.3.4.2.3,2,1,1,5,1,1,4,2,4,2,True,False,x,,0,A,3,F,4,B,2,C#,3,G
A9/5+,5.x.5.6.6.7,2,2,2,5,1,0,5,5,7,2,True,False,5,A,x,,5,G,6,C#,6,F,7,B
A9/5+,5.x.x.x.x.x,1,1,3,1,5,0,1,5,5,0,True,False,5,A,x,,x,,x,,x,,x,
A9/C#,x.4.2.0.0.5,4,1,1,5,1,2,3,2,5,3,True,False,x,,4,C#,2,E,0,G,0,B,5,A
A9sus4,x.0.5.4.3.0,3,2,1,5,1,2,3,3,5,2,True,False,x,,0,A,5,G,4,B,3,D,0,E
Aadd11,0.0.0.2.2.0,1,1,1,6,0,4,2,2,2,0,True,False,0,E,0,A,0,D,2,A,2,C#,0,E
Aadd11,x.4.2.2.3.x,1,1,2,4,2,0,4,2,4,2,True,False,x,,4,C#,2,E,2,A,3,D,x,
Aadd11+,0.6.7.x.x.x,3,1,1,3,3,1,2,6,7,1,True,True,0,E,6,D#,7,A,x,,x,,x,
Aadd11+,x.x.2.2.4.x,1,1,2,3,3,0,3,2,4,2,True,False,x,,x,,2,E,2,A,4,D#,x,
Aadd13-,0.0.7.x.6.0,1,1,1,5,1,3,2,6,7,1,True,True,0,E,0,A,7,A,x,,6,F,0,E
Aadd2,5.7.9.6.x.x,16,1,1,4,2,0,4,5,9,4,True,False,5,A,7,E,9,B,6,C#,x,,x,
Aadd2,x.0.2.2.0.x,3,1,2,4,2,2,2,2,2,0,True,False,x,,0,A,2,E,2,A,0,B,x,
Aadd9,5.7.7.6.0.0,57,10,1,6,0,2,4,5,7,2,True,False,5,A,7,E,7,A,6,C#,0,B,0,E
Aadd9,9.x.7.9.0.0,12,4,2,5,1,2,3,7,9,2,True,True,9,C#,x,,7,A,9,E,0,B,0,E
Aadd9,x.0.2.4.2.x,10,3,3,4,2,1,3,2,4,2,True,False,x,,0,A,2,E,4,B,2,C#,x,
Aadd9,x.0.2.4.2.0,8,5,4,5,1,2,3,2,4,2,True,False,x,,0,A,2,E,4,B,2,C#,0,E
Aadd9,x.0.7.6.0.0,7,3,5,5,1,3,2,6,7,1,True,True,x,,0,A,7,A,6,C#,0,B,0,E
Aadd9,0.7.7.6.0.0,5,1,6,6,0,3,3,6,7,1,True,True,0,E,7,E,7,A,6,C#,0,B,0,E
Aadd9,x.0.2.2.0.0,4,2,7,5,1,3,2,2,2,0,True,False,x,,0,A,2,E,2,A,0,B,0,E
Aadd9,5.x.7.6.0.0,4,1,8,5,1,2,3,5,7,2,True,False,5,A,x,,7,A,6,C#,0,B,0,E
Aadd9,5.x.x.6.5.7,4,1,9,4,2,0,4,5,7,2,True,False,5,A,x,,x,,6,C#,5,E,7,B
Aadd9,0.0.2.4.2.0,3,1,10,6,0,3,3,2,4,2,True,False,0,E,0,A,2,E,4,B,2,C#,0,E
Aadd9,0.2.2.2.2.x,2,1,11,5,1,1,4,2,2,0,True,False,0,E,2,B,2,E,2,A,2,C#,x,
Aadd9,x.x.7.6.0.0,2,2,12,4,2,2,2,6,7,1,True,True,x,,x,,7,A,6,C#,0,B,0,E
Aadd9,x.4.2.2.0.0,2,1,13,5,1,2,3,2,4,2,True,False,x,,4,C#,2,E,2,A,0,B,0,E
Aadd9,x.0.x.6.5.7,2,2,14,4,2,1,3,5,7,2,True,False,x,,0,A,x,,6,C#,5,E,7,B
Aadd9,9.x.x.x.10.7,2,1,15,3,3,0,3,7,10,3,True,False,9,C#,x,,x,,x,,10,A,7,B
Aadd9,x.0.11.14.0.0,2,1,16,5,1,3,2,11,14,3,True,True,x,,0,A,11,C#,14,A,0,B,0,E
Aadd9,5.x.x.6.0.0,1,1,17,4,2,2,2,5,6,1,True,False,5,A,x,,x,,6,C#,0,B,0,E
Aadd9,0.0.7.6.0.x,1,1,18,5,1,3,2,6,7,1,True,True,0,E,0,A,7,A,6,C#,0,B,x,
Aadd9,5.7.7.6.x.x,1,1,19,4,2,0,4,5,7,2,True,False,5,A,7,E,7,A,6,C#,x,,x,
Aadd9,x.0.7.6.5.7,1,1,20,5,1,1,4,5,7,2,True,False,x,,0,A,7,A,6,C#,5,E,7,B
Aadd9,x.x.7.6.5.7,1,1,21,4,2,0,4,5,7,2,True,False,x,,x,,7,A,6,C#,5,E,7,B
Aadd9,x.0.2.4.2.5,1,1,22,5,1,1,4,2,5,3,True,False,x,,0,A,2,E,4,B,2,C#,5,A
Aadd9,x.2.2.4.2.5,1,1,23,5,1,0,5,2,5,3,True,False,x,,2,B,2,E,4,B,2,C#,5,A
Aadd9,x.x.2.4.2.5,1,1,24,4,2,0,4,2,5,3,True,False,x,,x,,2,E,4,B,2,C#,5,A
Aadd9,0.4.7.6.0.0,1,1,25,6,0,3,3,4,7,3,True,False,0,E,4,C#,7,A,6,C#,0,B,0,E
Aadd9,x.0.11.9.12.x,1,1,26,4,2,1,3,9,12,3,True,True,x,,0,A,11,C#,9,E,12,B,x,
Aadd9+,0.0.7.5.5.9,1,1,1,6,0,2,4,5,9,4,True,False,0,E,0,A,7,A,5,C,5,E,9,C#
Aadd9/C#,x.4.x.4.5.5,1,1,1,4,2,0,4,4,5,1,True,False,x,,4,C#,x,,4,B,5,E,5,A
Aadd9/C#,x.4.2.2.0.0,1,1,2,5,1,2,3,2,4,2,True,False,x,,4,C#,2,E,2,A,0,B,0,E
Aadd9/C#,x.4.7.4.5.5,1,1,3,5,1,0,5,4,7,3,True,False,x,,4,C#,7,A,4,B,5,E,5,A
Aadd9/C#,x.4.7.4.5.x,1,1,4,4,2,0,4,4,7,3,True,False,x,,4,C#,7,A,4,B,5,E,x,
Aadd9/E,0.7.7.6.0.0,1,1,1,6,0,3,3,6,7,1,True,True,0,E,7,E,7,A,6,C#,0,B,0,E
Aadd9/E,x.x.2.4.2.5,1,1,2,4,2,0,4,2,5,3,True,False,x,,x,,2,E,4,B,2,C#,5,A
Aaug,5.8.7.6.x.x,5,2,1,4,2,0,4,5,8,3,True,False,5,A,8,F,7,A,6,C#,x,,x,
Aaug,x.4.3.2.2.x,4,1,2,4,2,0,4,2,4,2,True,False,x,,4,C#,3,F,2,A,2,C#,x,
Aaug,x.0.x.x.2.1,1,1,3,3,3,1,2,1,2,1,True,False,x,,0,A,x,,x,,2,C#,1,F
Aaug,x.0.3.2.2.1,1,1,4,5,1,1,4,1,3,2,True,False,x,,0,A,3,F,2,A,2,C#,1,F
Aaug,x.0.7.6.6.9,1,1,5,5,1,1,4,6,9,3,True,True,x,,0,A,7,A,6,C#,6,F,9,C#
Aaug7,x.0.2.0.2.1,1,1,1,5,1,2,3,1,2,1,True,False,x,,0,A,2,E,0,G,2,C#,1,F
Ab,4.6.6.5.x.x,151,4,1,4,2,0,4,4,6,2,True,False,4,G#,6,D#,6,G#,5,C,x,,x,
Ab,4.6.6.5.4.4,83,17,2,6,0,0,6,4,6,2,True,False,4,G#,6,D#,6,G#,5,C,4,D#,4,G#
Ab,x.x.6.5.4.4,65,4,3,4,2,0,4,4,6,2,True,False,x,,x,,6,G#,5,C,4,D#,4,G#
Ab,x.x.x.5.4.4,20,3,4,3,3,0,3,4,5,1,True,False,x,,x,,x,,5,C,4,D#,4,G#
Ab,4.6.6.5.4.x,16,4,5,5,1,0,5,4,6,2,True,False,4,G#,6,D#,6,G#,5,C,4,D#,x,
Ab,4.3.1.1.1.4,9,4,6,6,0,0,6,1,4,3,True,False,4,G#,3,C,1,D#,1,G#,1,C,4,G#
Ab,x.x.1.1.1.x,5,2,7,3,3,0,3,1,1,0,True,False,x,,x,,1,D#,1,G#,1,C,x,
Ab,x.x.6.5.x.x,5,2,8,2,4,0,2,5,6,1,True,False,x,,x,,6,G#,5,C,x,,x,
Ab,x.11.13.13.13.11,5,1,9,5,1,0,5,11,13,2,True,False,x,,11,G#,13,D#,13,G#,13,C,11,D#
Ab,x.3.1.1.1.x,4,2,10,4,2,0,4,1,3,2,True,False,x,,3,C,1,D#,1,G#,1,C,x,
Ab,4.x.6.5.4.4,3,1,11,5,1,0,5,4,6,2,True,False,4,G#,x,,6,G#,5,C,4,D#,4,G#
Ab,x.0.2.2.2.0,1,1,12,5,1,2,3,2,2,0,True,False,x,,0,A,2,E,2,A,2,C#,0,E
Ab,x.6.6.5.x.x,1,1,13,3,3,0,3,5,6,1,True,False,x,,6,D#,6,G#,5,C,x,,x,
Ab,1.1.3.2.1.x,1,1,14,5,1,0,5,1,3,2,True,False,1,F,1,A#,3,F,2,A,1,C,x,
Ab,x.6.6.5.4.x,1,1,15,4,2,0,4,4,6,2,True,False,x,,6,D#,6,G#,5,C,4,D#,x,
Ab,x.x.6.8.x.8,1,1,16,3,3,0,3,6,8,2,True,False,x,,x,,6,G#,8,D#,x,,8,C
Ab,x.11.13.13.13.x,1,1,17,4,2,0,4,11,13,2,True,False,x,,11,G#,13,D#,13,G#,13,C,x,
Ab/Bb,x.x.1.1.1.x,1,1,1,3,3,0,3,1,1,0,True,False,x,,x,,1,D#,1,G#,1,C,x,
Ab/Gb,x.x.4.5.4.4,2,2,1,4,2,0,4,4,5,1,True,False,x,,x,,4,F#,5,C,4,D#,4,G#
Ab13,4.x.6.5.6.x,4,1,1,4,2,0,4,4,6,2,True,False,4,G#,x,,6,G#,5,C,6,F,x,
Ab13,x.x.4.5.6.4,2,1,2,4,2,0,4,4,6,2,True,False,x,,x,,4,F#,5,C,6,F,4,G#
Ab13/9,4.x.x.x.x.x,2,1,1,1,5,0,1,4,4,0,True,False,4,G#,x,,x,,x,,x,,x,
Ab5,4.6.6.x.x.x,83,10,1,3,3,0,3,4,6,2,True,False,4,G#,6,D#,6,G#,x,,x,,x,
Ab6,x.x.1.1.1.1,8,1,1,4,2,0,4,1,1,0,True,False,x,,x,,1,D#,1,G#,1,C,1,F
Ab6,x.0.2.2.2.2,8,1,2,5,1,1,4,2,2,0,True,False,x,,0,A,2,E,2,A,2,C#,2,F#
Ab6,1.1.3.2.3.x,5,1,3,5,1,0,5,1,3,2,True,False,1,F,1,A#,3,F,2,A,3,D,x,
Ab6,4.6.x.5.6.4,4,1,4,5,1,0,5,4,6,2,True,False,4,G#,6,D#,x,,5,C,6,F,4,G#
Ab7,4.3.1.1.1.2,8,3,1,6,0,0,6,1,4,3,True,False,4,G#,3,C,1,D#,1,G#,1,C,2,F#
Ab7,4.3.4.5.4.4,4,1,2,6,0,0,6,3,5,2,True,False,4,G#,3,C,4,F#,5,C,4,D#,4,G#
Ab7,4.x.4.5.x.x,3,1,3,3,3,0,3,4,5,1,True,False,4,G#,x,,4,F#,5,C,x,,x,
Ab7,4.6.4.5.4.4,3,3,4,6,0,0,6,4,6,2,True,False,4,G#,6,D#,4,F#,5,C,4,D#,4,G#
Ab7,x.x.1.1.1.2,1,1,5,4,2,0,4,1,2,1,True,False,x,,x,,1,D#,1,G#,1,C,2,F#
Ab7,x.x.4.5.4.4,1,1,6,4,2,0,4,4,5,1,True,False,x,,x,,4,F#,5,C,4,D#,4,G#
Ab7 (normal tune),4.6.4.5.6.x,2,1,1,5,1,0,5,4,6,2,True,False,4,G#,6,D#,4,F#,5,C,6,F,x,
Ab7#9,4.3.4.4.x.x,4,1,1,4,2,0,4,3,4,1,True,False,4,G#,3,C,4,F#,4,B,x,,x,
Ab7/5+,4.x.x.x.x.x,2,1,1,1,5,0,1,4,4,0,True,False,4,G#,x,,x,,x,,x,,x,
Ab7/5-,4.x.4.5.3.x,1,1,1,4,2,0,4,3,5,2,True,False,4,G#,x,,4,F#,5,C,3,D,x,
Ab7/Eb,x.x.1.1.1.2,3,2,1,4,2,0,4,1,2,1,True,False,x,,x,,1,D#,1,G#,1,C,2,F#
Ab7add13,x.0.2.0.2.2,2,1,1,5,1,2,3,2,2,0,True,False,x,,0,A,2,E,0,G,2,C#,2,F#
Ab7add13,4.x.4.5.6.x,1,1,2,4,2,0,4,4,6,2,True,False,4,G#,x,,4,F#,5,C,6,F,x,
Ab7M,4.3.1.0.1.x,6,1,1,5,1,1,4,1,4,3,True,False,4,G#,3,C,1,D#,0,G,1,C,x,
Ab7M,8.x.6.8.8.x,2,1,2,4,2,0,4,6,8,2,True,False,8,C,x,,6,G#,8,D#,8,G,x,
Ab7M,4.x.5.5.4.x,1,1,3,4,2,0,4,4,5,1,True,False,4,G#,x,,5,G,5,C,4,D#,x,
Ab7M,4.6.x.5.8.x,1,1,4,4,2,0,4,4,8,4,True,False,4,G#,6,D#,x,,5,C,8,G,x,
Ab9,4.x.4.3.4.x,1,1,1,4,2,0,4,3,4,1,True,False,4,G#,x,,4,F#,3,A#,4,D#,x,
Ab9,x.x.10.11.11.11,1,1,2,4,2,0,4,10,11,1,True,False,x,,x,,10,C,11,F#,11,A#,11,D#
Ab9,4.x.4.3.1.x,1,1,3,4,2,0,4,1,4,3,True,False,4,G#,x,,4,F#,3,A#,1,C,x,
Ab9 (NR),x.3.4.3.4.0,5,1,1,5,1,1,4,3,4,1,True,False,x,,3,C,4,F#,3,A#,4,D#,0,E
Ab9/5-,4.x.x.3.3.x,1,1,1,3,3,0,3,3,4,1,True,False,4,G#,x,,x,,3,A#,3,D,x,
Ab9/7/5-,4.x.x.3.3.3,1,1,1,4,2,0,4,3,4,1,True,False,4,G#,x,,x,,3,A#,3,D,3,G
Ab9b5,4.x.4.3.3.x,1,1,1,4,2,0,4,3,4,1,True,False,4,G#,x,,4,F#,3,A#,3,D,x,
Abdim,4.5.6.4.6.4,2,1,1,6,0,0,6,4,6,2,True,False,4,G#,5,D,6,G#,4,B,6,F,4,G#
Abdim,x.x.0.1.0.1,1,1,2,4,2,2,2,1,1,0,True,False,x,,x,,0,D,1,G#,0,B,1,F
Abdim,4.x.3.4.3.4,1,1,3,5,1,0,5,3,4,1,True,False,4,G#,x,,3,F,4,B,3,D,4,G#
Abm,4.x.1.1.0.4,14,1,1,5,1,1,4,1,4,3,True,False,4,G#,x,,1,D#,1,G#,0,B,4,G#
Abm,4.6.6.4.4.4,10,3,2,6,0,0,6,4,6,2,True,False,4,G#,6,D#,6,G#,4,B,4,D#,4,G#
Abm,x.x.1.1.0.x,1,1,3,3,3,1,2,1,1,0,True,False,x,,x,,1,D#,1,G#,0,B,x,
Abm11,4.x.4.6.x.x,1,1,1,3,3,0,3,4,6,2,True,False,4,G#,x,,4,F#,6,C#,x,,x,
Abm6,x.x.3.4.4.4,1,1,1,4,2,0,4,3,4,1,True,False,x,,x,,3,F,4,B,4,D#,4,G#
Abm7,4.2.4.4.4.4,3,1,1,6,0,0,6,2,4,2,True,False,4,G#,2,B,4,F#,4,B,4,D#,4,G#
Abm7,4.x.4.4.4.4,2,2,2,5,1,0,5,4,4,0,True,False,4,G#,x,,4,F#,4,B,4,D#,4,G#
Abm7,4.6.4.4.4.x,1,1,3,5,1,0,5,4,6,2,True,False,4,G#,6,D#,4,F#,4,B,4,D#,x,
Abm9,4.1.4.4.4.4,4,1,1,6,0,0,6,1,4,3,True,False,4,G#,1,A#,4,F#,4,B,4,D#,4,G#
Abmaj7,4.x.5.5.4.x,1,1,1,4,2,0,4,4,5,1,True,False,4,G#,x,,5,G,5,C,4,D#,x,
AbMaj7,x.x.1.1.1.3,5,1,1,4,2,0,4,1,3,2,True,False,x,,x,,1,D#,1,G#,1,C,3,G
Abmaj7,4.6.5.5.x.x,1,1,2,4,2,0,4,4,6,2,True,False,4,G#,6,D#,5,G,5,C,x,,x,
Abmaj7,x.x.6.8.8.8,1,1,3,4,2,0,4,6,8,2,True,False,x,,x,,6,G#,8,D#,8,G,8,C
Accod de Do7M9,x.2.0.0.1.0,1,1,1,5,1,3,2,1,2,1,True,False,x,,2,B,0,D,0,G,1,C,0,E
Accord de Do,x.3.2.0.1.0,7,1,1,5,1,2,3,1,3,2,True,False,x,,3,C,2,E,0,G,1,C,0,E
Accord de Do#m,x.x.2.0.2.3,1,1,1,4,2,1,3,2,3,1,True,False,x,,x,,2,E,0,G,2,C#,3,G
Accord de Fa,x.x.3.2.1.1,2,1,1,4,2,0,4,1,3,2,True,False,x,,x,,3,F,2,A,1,C,1,F
Accord de La-m,x.0.2.2.1.0,5,1,1,5,1,2,3,1,2,1,True,False,x,,0,A,2,E,2,A,1,C,0,E
Accord de Mi,0.2.2.1.0.0,3,1,1,6,0,3,3,1,2,1,True,False,0,E,2,B,2,E,1,G#,0,B,0,E
Accord de Sol,3.x.0.0.0.x,3,1,1,4,2,3,1,3,3,0,True,False,3,G,x,,0,D,0,G,0,B,x,
Accord de Sol,3.5.5.4.3.3,1,1,2,6,0,0,6,3,5,2,True,False,3,G,5,D,5,G,4,B,3,D,3,G
Accord de Sol#,4.6.6.5.4.4,1,1,1,6,0,0,6,4,6,2,True,False,4,G#,6,D#,6,G#,5,C,4,D#,4,G#
Adim,x.x.7.8.7.8,21,7,1,4,2,0,4,7,8,1,True,False,x,,x,,7,A,8,D#,7,F#,8,C
Adim,x.x.1.2.1.2,9,8,2,4,2,0,4,1,2,1,True,False,x,,x,,1,D#,2,A,1,C,2,F#
Adim,x.0.1.2.1.2,4,4,3,5,1,1,4,1,2,1,True,False,x,,0,A,1,D#,2,A,1,C,2,F#
Adim,5.x.4.5.4.x,4,2,4,4,2,0,4,4,5,1,True,False,5,A,x,,4,F#,5,C,4,D#,x,
Adim,x.0.4.5.4.5,4,2,5,5,1,1,4,4,5,1,True,False,x,,0,A,4,F#,5,C,4,D#,5,A
Adim,x.0.7.8.7.8,3,1,6,5,1,1,4,7,8,1,True,True,x,,0,A,7,A,8,D#,7,F#,8,C
Adim,5.6.7.5.7.x,3,1,7,5,1,0,5,5,7,2,True,False,5,A,6,D#,7,A,5,C,7,F#,x,
Adim,x.6.7.5.7.x,3,2,8,4,2,0,4,5,7,2,True,False,x,,6,D#,7,A,5,C,7,F#,x,
Adim,x.0.4.5.4.x,2,2,9,4,2,1,3,4,5,1,True,False,x,,0,A,4,F#,5,C,4,D#,x,
Adim,x.3.x.2.4.2,2,1,10,4,2,0,4,2,4,2,True,False,x,,3,C,x,,2,A,4,D#,2,F#
Adim,x.x.4.5.4.5,1,1,11,4,2,0,4,4,5,1,True,False,x,,x,,4,F#,5,C,4,D#,5,A
Adim,x.x.x.5.4.5,1,1,12,3,3,0,3,4,5,1,True,False,x,,x,,x,,5,C,4,D#,5,A
Adim,x.0.4.2.4.x,1,1,13,4,2,1,3,2,4,2,True,False,x,,0,A,4,F#,2,A,4,D#,x,
Adim7,x.x.1.2.1.2,2,1,1,4,2,0,4,1,2,1,True,False,x,,x,,1,D#,2,A,1,C,2,F#
Adim7,x.0.4.5.4.5,1,1,2,5,1,1,4,4,5,1,True,False,x,,0,A,4,F#,5,C,4,D#,5,A
Am,x.0.2.2.1.0,5156,554,1,5,1,2,3,1,2,1,True,False,x,,0,A,2,E,2,A,1,C,0,E
Am,5.7.7.5.5.5,687,104,2,6,0,0,6,5,7,2,True,False,5,A,7,E,7,A,5,C,5,E,5,A
Am,x.0.2.2.1.x,251,60,3,4,2,1,3,1,2,1,True,False,x,,0,A,2,E,2,A,1,C,x,
Am,0.0.2.2.1.0,192,43,4,6,0,3,3,1,2,1,True,False,0,E,0,A,2,E,2,A,1,C,0,E
Am,x.x.x.2.1.0,74,6,5,3,3,1,2,1,2,1,True,False,x,,x,,x,,2,A,1,C,0,E
Am,x.x.7.5.5.5,61,8,6,4,2,0,4,5,7,2,True,False,x,,x,,7,A,5,C,5,E,5,A
Am,x.x.2.2.1.x,38,18,7,3,3,0,3,1,2,1,True,False,x,,x,,2,E,2,A,1,C,x,
Am,x.x.14.14.13.12,32,2,8,4,2,0,4,12,14,2,True,False,x,,x,,14,E,14,A,13,C,12,E
Am,x.0.2.x.1.0,29,7,9,4,2,2,2,1,2,1,True,False,x,,0,A,2,E,x,,1,C,0,E
Am,x.0.x.2.1.0,28,9,10,4,2,2,2,1,2,1,True,False,x,,0,A,x,,2,A,1,C,0,E
Am,2.2.1.0.x.x,25,2,11,4,2,1,3,1,2,1,True,False,2,F#,2,B,1,D#,0,G,x,,x,
Am,x.0.7.5.5.5,24,8,12,5,1,1,4,5,7,2,True,False,x,,0,A,7,A,5,C,5,E,5,A
Am,x.7.7.5.5.5,23,3,13,5,1,0,5,5,7,2,True,False,x,,7,E,7,A,5,C,5,E,5,A
Am,x.x.x.9.10.8,23,4,14,3,3,0,3,8,10,2,True,False,x,,x,,x,,9,E,10,A,8,C
Am,x.0.14.14.13.12,22,1,15,5,1,1,4,12,14,2,True,True,x,,0,A,14,E,14,A,13,C,12,E
Am,x.x.2.2.1.0,17,7,16,4,2,1,3,1,2,1,True,False,x,,x,,2,E,2,A,1,C,0,E
Am,x.x.x.5.5.5,14,7,17,3,3,0,3,5,5,0,True,False,x,,x,,x,,5,C,5,E,5,A
Am,x.12.14.14.13.12,13,2,18,5,1,0,5,12,14,2,True,False,x,,12,A,14,E,14,A,13,C,12,E
Am,x.0.x.5.5.5,12,8,19,4,2,1,3,5,5,0,True,False,x,,0,A,x,,5,C,5,E,5,A
Am,5.7.7.5.x.x,10,2,20,4,2,0,4,5,7,2,True,False,5,A,7,E,7,A,5,C,x,,x,
Am,x.0.x.x.1.0,8,4,21,3,3,2,1,1,1,0,True,False,x,,0,A,x,,x,,1,C,0,E
Am,x.0.10.9.10.8,8,4,22,5,1,1,4,8,10,2,True,True,x,,0,A,10,C,9,E,10,A,8,C
Am,x.x.7.5.5.8,8,4,23,4,2,0,4,5,8,3,True,False,x,,x,,7,A,5,C,5,E,8,C
Am,x.0.x.2.1.x,7,6,24,3,3,1,2,1,2,1,True,False,x,,0,A,x,,2,A,1,C,x,
Am,x.3.2.2.1.0,7,4,25,5,1,1,4,1,3,2,True,False,x,,3,C,2,E,2,A,1,C,0,E
Am,x.x.x.2.1.x,6,2,26,2,4,0,2,1,2,1,True,False,x,,x,,x,,2,A,1,C,x,
Am,5.7.7.5.5.x,6,2,27,5,1,0,5,5,7,2,True,False,5,A,7,E,7,A,5,C,5,E,x,
Am,8.0.7.5.5.5,6,2,28,6,0,1,5,5,8,3,True,False,8,C,0,A,7,A,5,C,5,E,5,A
Am,5.x.x.5.5.5,5,2,29,4,2,0,4,5,5,0,True,False,5,A,x,,x,,5,C,5,E,5,A
Am,x.x.10.9.10.8,5,1,30,4,2,0,4,8,10,2,True,False,x,,x,,10,C,9,E,10,A,8,C
Am,x.0.x.5.5.8,5,4,31,4,2,1,3,5,8,3,True,False,x,,0,A,x,,5,C,5,E,8,C
Am,5.0.0.5.5.5,4,2,32,6,0,2,4,5,5,0,True,False,5,A,0,A,0,D,5,C,5,E,5,A
Am,1.1.3.3.2.1,4,1,33,6,0,0,6,1,3,2,True,False,1,F,1,A#,3,F,3,A#,2,C#,1,F
Am,x.7.7.5.5.x,4,1,34,4,2,0,4,5,7,2,True,False,x,,7,E,7,A,5,C,5,E,x,
Am,x.0.10.9.10.0,3,1,35,5,1,2,3,9,10,1,True,True,x,,0,A,10,C,9,E,10,A,0,E
Am,x.x.x.0.10.8,3,1,36,3,3,1,2,8,10,2,True,True,x,,x,,x,,0,G,10,A,8,C
Am,x.12.10.x.x.0,3,1,37,3,3,1,2,10,12,2,True,True,x,,12,A,10,C,x,,x,,0,E
Am,5.3.2.2.x.x,3,1,38,4,2,0,4,2,5,3,True,False,5,A,3,C,2,E,2,A,x,,x,
Am,x.0.10.9.10.12,3,1,39,5,1,1,4,9,12,3,True,True,x,,0,A,10,C,9,E,10,A,12,E
Am,x.0.x.2.1.5,3,1,40,4,2,1,3,1,5,4,True,False,x,,0,A,x,,2,A,1,C,5,A
Am,x.0.x.x.1.x,2,2,41,2,4,1,1,1,1,0,True,False,x,,0,A,x,,x,,1,C,x,
Am,x.0.2.2.0.0,2,1,42,5,1,3,2,2,2,0,True,False,x,,0,A,2,E,2,A,0,B,0,E
Am,5.x.x.5.5.x,2,1,43,3,3,0,3,5,5,0,True,False,5,A,x,,x,,5,C,5,E,x,
Am,x.x.2.0.1.0,2,1,44,4,2,2,2,1,2,1,True,False,x,,x,,2,E,0,G,1,C,0,E
Am,0.0.10.9.10.0,2,1,45,6,0,3,3,9,10,1,True,True,0,E,0,A,10,C,9,E,10,A,0,E
Am,x.3.2.2.1.x,2,2,46,4,2,0,4,1,3,2,True,False,x,,3,C,2,E,2,A,1,C,x,
Am,0.0.7.5.5.5,2,1,47,6,0,2,4,5,7,2,True,False,0,E,0,A,7,A,5,C,5,E,5,A
Am,x.x.7.5.5.x,2,2,48,3,3,0,3,5,7,2,True,False,x,,x,,7,A,5,C,5,E,x,
Am,x.x.7.5.x.0,2,1,49,3,3,1,2,5,7,2,True,False,x,,x,,7,A,5,C,x,,0,E
Am,x.x.7.5.x.x,2,2,50,2,4,0,2,5,7,2,True,False,x,,x,,7,A,5,C,x,,x,
Am,12.12.14.14.13.12,2,1,51,6,0,0,6,12,14,2,True,False,12,E,12,A,14,E,14,A,13,C,12,E
Am,x.0.7.5.5.8,2,2,52,5,1,1,4,5,8,3,True,False,x,,0,A,7,A,5,C,5,E,8,C
Am,5.3.7.5.5.0,2,1,53,6,0,1,5,3,7,4,True,False,5,A,3,C,7,A,5,C,5,E,0,E
Am,17.15.19.17.17.0,2,1,54,6,0,1,5,15,19,4,True,True,17,A,15,C,19,A,17,C,17,E,0,E
Am,0.0.2.2.x.x,1,1,55,4,2,2,2,2,2,0,True,False,0,E,0,A,2,E,2,A,x,,x,
Am,x.0.2.2.x.x,1,1,56,3,3,1,2,2,2,0,True,False,x,,0,A,2,E,2,A,x,,x,
Am,5.x.x.5.x.x,1,1,57,2,4,0,2,5,5,0,True,False,5,A,x,,x,,5,C,x,,x,
Am,x.0.x.5.5.0,1,1,58,4,2,2,2,5,5,0,True,False,x,,0,A,x,,5,C,5,E,0,E
Am,x.0.x.5.x.5,1,1,59,3,3,1,2,5,5,0,True,False,x,,0,A,x,,5,C,x,,5,A
Am,x.x.10.x.10.0,1,1,60,3,3,1,2,10,10,0,True,True,x,,x,,10,C,x,,10,A,0,E
Am,0.0.2.2.1.x,1,1,61,5,1,2,3,1,2,1,True,False,0,E,0,A,2,E,2,A,1,C,x,
Am,0.x.2.2.1.0,1,1,62,5,1,2,3,1,2,1,True,False,0,E,x,,2,E,2,A,1,C,0,E
Am,0.x.x.2.1.0,1,1,63,4,2,2,2,1,2,1,True,False,0,E,x,,x,,2,A,1,C,0,E
Am,x.0.0.2.1.0,1,1,64,5,1,3,2,1,2,1,True,False,x,,0,A,0,D,2,A,1,C,0,E
Am,x.0.2.x.1.x,1,1,65,3,3,1,2,1,2,1,True,False,x,,0,A,2,E,x,,1,C,x,
Am,x.x.2.2.1.1,1,1,66,4,2,0,4,1,2,1,True,False,x,,x,,2,E,2,A,1,C,1,F
Am,x.3.x.2.x.x,1,1,67,2,4,0,2,2,3,1,True,False,x,,3,C,x,,2,A,x,,x,
Am,x.0.10.9.10.x,1,1,68,4,2,1,3,9,10,1,True,True,x,,0,A,10,C,9,E,10,A,x,
Am,x.x.10.9.10.x,1,1,69,3,3,0,3,9,10,1,True,False,x,,x,,10,C,9,E,10,A,x,
Am,x.0.14.14.13.x,1,1,70,4,2,1,3,13,14,1,True,True,x,,0,A,14,E,14,A,13,C,x,
Am,x.3.x.2.1.0,1,1,71,4,2,1,3,1,3,2,True,False,x,,3,C,x,,2,A,1,C,0,E
Am,x.3.x.2.1.x,1,1,72,3,3,0,3,1,3,2,True,False,x,,3,C,x,,2,A,1,C,x,
Am,x.3.x.5.x.5,1,1,73,3,3,0,3,3,5,2,True,False,x,,3,C,x,,5,C,x,,5,A
Am,x.3.x.x.x.5,1,1,74,2,4,0,2,3,5,2,True,False,x,,3,C,x,,x,,x,,5,A
Am,5.0.7.5.5.5,1,1,75,6,0,1,5,5,7,2,True,False,5,A,0,A,7,A,5,C,5,E,5,A
Am,5.5.7.5.5.5,1,1,76,6,0,0,6,5,7,2,True,False,5,A,5,D,7,A,5,C,5,E,5,A
Am,8.x.10.9.10.8,1,1,77,5,1,0,5,8,10,2,True,False,8,C,x,,10,C,9,E,10,A,8,C
Am,8.x.x.x.10.8,1,1,78,3,3,0,3,8,10,2,True,False,8,C,x,,x,,x,,10,A,8,C
Am,x.x.x.x.10.8,1,1,79,2,4,0,2,8,10,2,True,False,x,,x,,x,,x,,10,A,8,C
Am,x.0.x.14.13.12,1,1,80,4,2,1,3,12,14,2,True,True,x,,0,A,x,,14,A,13,C,12,E
Am,x.12.x.14.13.x,1,1,81,3,3,0,3,12,14,2,True,False,x,,12,A,x,,14,A,13,C,x,
Am,0.0.2.5.5.x,1,1,82,5,1,2,3,2,5,3,True,False,0,E,0,A,2,E,5,C,5,E,x,
Am,x.0.2.5.x.5,1,1,83,4,2,1,3,2,5,3,True,False,x,,0,A,2,E,5,C,x,,5,A
Am,5.7.7.5.5.8,1,1,84,6,0,0,6,5,8,3,True,False,5,A,7,E,7,A,5,C,5,E,8,C
Am,5.x.x.5.5.8,1,1,85,4,2,0,4,5,8,3,True,False,5,A,x,,x,,5,C,5,E,8,C
Am,8.x.7.5.5.x,1,1,86,4,2,0,4,5,8,3,True,False,8,C,x,,7,A,5,C,5,E,x,
Am,x.0.7.x.5.8,1,1,87,4,2,1,3,5,8,3,True,False,x,,0,A,7,A,x,,5,E,8,C
Am,x.0.7.9.10.8,1,1,88,5,1,1,4,7,10,3,True,True,x,,0,A,7,A,9,E,10,A,8,C
Am,x.x.10.9.10.7,1,1,89,4,2,0,4,7,10,3,True,False,x,,x,,10,C,9,E,10,A,7,B
Am (normal tune),0.0.2.2.1.0,16,2,1,6,0,3,3,1,2,1,True,False,0,E,0,A,2,E,2,A,1,C,0,E
Am (V),5.7.7.5.5.5,16,1,1,6,0,0,6,5,7,2,True,False,5,A,7,E,7,A,5,C,5,E,5,A
Am(no5),x.0.x.2.1.x,3,1,1,3,3,1,2,1,2,1,True,False,x,,0,A,x,,2,A,1,C,x,
Am-5,x.x.x.2.1.x,2,1,1,2,4,0,2,1,2,1,True,False,x,,x,,x,,2,A,1,C,x,
Am/5+,x.0.3.x.1.x,6,1,1,3,3,1,2,1,3,2,True,False,x,,0,A,3,F,x,,1,C,x,
Am/5+,x.0.3.2.1.x,5,2,2,4,2,1,3,1,3,2,True,False,x,,0,A,3,F,2,A,1,C,x,
Am/5+,x.0.3.2.1.1,2,1,3,5,1,1,4,1,3,2,True,False,x,,0,A,3,F,2,A,1,C,1,F
Am/5+,x.0.x.x.1.1,1,1,4,3,3,1,2,1,1,0,True,False,x,,0,A,x,,x,,1,C,1,F
Am/5+,x.x.7.5.6.5,1,1,5,4,2,0,4,5,7,2,True,False,x,,x,,7,A,5,C,6,F,5,A
Am/5+/C,x.3.3.2.1.x,4,1,1,4,2,0,4,1,3,2,True,False,x,,3,C,3,F,2,A,1,C,x,
Am/5-,x.6.7.5.4.x,2,1,1,4,2,0,4,4,7,3,True,False,x,,6,D#,7,A,5,C,4,D#,x,
Am/5-,x.x.x.5.4.5,1,1,2,3,3,0,3,4,5,1,True,False,x,,x,,x,,5,C,4,D#,5,A
Am/5-,x.x.7.5.4.x,1,1,3,3,3,0,3,4,7,3,True,False,x,,x,,7,A,5,C,4,D#,x,
Am/5-/D,x.x.0.5.4.5,1,1,1,4,2,1,3,4,5,1,True,False,x,,x,,0,D,5,C,4,D#,5,A
Am/9,x.0.7.5.0.x,4,1,1,4,2,2,2,5,7,2,True,False,x,,0,A,7,A,5,C,0,B,x,
Am/B,x.2.x.2.1.x,3,3,1,3,3,0,3,1,2,1,True,False,x,,2,B,x,,2,A,1,C,x,
Am/B,7.x.x.x.10.8,1,1,2,3,3,0,3,7,10,3,True,False,7,B,x,,x,,x,,10,A,8,C
Am/C,x.3.x.2.1.0,3,1,1,4,2,1,3,1,3,2,True,False,x,,3,C,x,,2,A,1,C,0,E
Am/C,x.x.x.5.5.5,1,1,2,3,3,0,3,5,5,0,True,False,x,,x,,x,,5,C,5,E,5,A
Am/C,x.3.x.5.x.5,1,1,3,3,3,0,3,3,5,2,True,False,x,,3,C,x,,5,C,x,,5,A
Am/C,8.5.7.5.5.5,1,1,4,6,0,0,6,5,8,3,True,False,8,C,5,D,7,A,5,C,5,E,5,A
Am/D,x.x.0.5.5.5,10,3,1,4,2,1,3,5,5,0,True,False,x,,x,,0,D,5,C,5,E,5,A
Am/D,x.x.0.2.1.0,2,2,2,4,2,2,2,1,2,1,True,False,x,,x,,0,D,2,A,1,C,0,E
Am/D,x.5.7.5.5.5,1,1,3,5,1,0,5,5,7,2,True,False,x,,5,D,7,A,5,C,5,E,5,A
Am/D#,11.x.10.9.10.x,6,1,1,4,2,0,4,9,11,2,True,False,11,D#,x,,10,C,9,E,10,A,x,
Am/E,0.x.2.2.1.x,3,1,1,4,2,1,3,1,2,1,True,False,0,E,x,,2,E,2,A,1,C,x,
Am/E,x.x.2.2.1.0,3,3,2,4,2,1,3,1,2,1,True,False,x,,x,,2,E,2,A,1,C,0,E
Am/E,0.0.2.2.1.x,1,1,3,5,1,2,3,1,2,1,True,False,0,E,0,A,2,E,2,A,1,C,x,
Am/E,x.x.2.2.1.x,1,1,4,3,3,0,3,1,2,1,True,False,x,,x,,2,E,2,A,1,C,x,
Am/F,x.x.3.2.1.0,12,7,1,4,2,1,3,1,3,2,True,False,x,,x,,3,F,2,A,1,C,0,E
Am/F,1.x.2.2.1.0,4,1,2,5,1,1,4,1,2,1,True,False,1,F,x,,2,E,2,A,1,C,0,E
Am/F,1.0.2.2.1.0,2,1,3,6,0,2,4,1,2,1,True,False,1,F,0,A,2,E,2,A,1,C,0,E
Am/F,1.x.x.2.1.0,1,1,4,4,2,1,3,1,2,1,True,False,1,F,x,,x,,2,A,1,C,0,E
Am/F,x.8.10.9.10.8,1,1,5,5,1,0,5,8,10,2,True,False,x,,8,F,10,C,9,E,10,A,8,C
Am/F,x.8.7.5.5.x,1,1,6,4,2,0,4,5,8,3,True,False,x,,8,F,7,A,5,C,5,E,x,
Am/F#,2.0.2.2.1.0,13,4,1,6,0,2,4,1,2,1,True,False,2,F#,0,A,2,E,2,A,1,C,0,E
Am/F#,x.9.10.9.10.x,9,1,2,4,2,0,4,9,10,1,True,False,x,,9,F#,10,C,9,E,10,A,x,
Am/F#,x.x.4.5.5.5,8,2,3,4,2,0,4,4,5,1,True,False,x,,x,,4,F#,5,C,5,E,5,A
Am/F#,2.x.2.2.1.0,7,2,4,5,1,1,4,1,2,1,True,False,2,F#,x,,2,E,2,A,1,C,0,E
Am/F#,2.x.0.2.1.0,4,1,5,5,1,2,3,1,2,1,True,False,2,F#,x,,0,D,2,A,1,C,0,E
Am/F#,2.x.x.5.5.5,4,2,6,4,2,0,4,2,5,3,True,False,2,F#,x,,x,,5,C,5,E,5,A
Am/F#,2.x.x.2.1.0,3,2,7,4,2,1,3,1,2,1,True,False,2,F#,x,,x,,2,A,1,C,0,E
Am/F#,x.9.x.9.10.8,1,1,8,4,2,0,4,8,10,2,True,False,x,,9,F#,x,,9,E,10,A,8,C
Am/F#,x.x.4.2.1.0,1,1,9,4,2,1,3,1,4,3,True,False,x,,x,,4,F#,2,A,1,C,0,E
Am/F#,x.x.x.11.10.8,1,1,10,3,3,0,3,8,11,3,True,False,x,,x,,x,,11,F#,10,A,8,C
Am/G,3.0.2.2.1.0,25,12,1,6,0,2,4,1,3,2,True,False,3,G,0,A,2,E,2,A,1,C,0,E
Am/G,3.x.2.2.1.0,18,4,2,5,1,1,4,1,3,2,True,False,3,G,x,,2,E,2,A,1,C,0,E
Am/G,3.x.2.0.1.x,12,1,3,4,2,1,3,1,3,2,True,False,3,G,x,,2,E,0,G,1,C,x,
Am/G,3.x.2.2.1.x,10,5,4,4,2,0,4,1,3,2,True,False,3,G,x,,2,E,2,A,1,C,x,
Am/G,3.0.5.5.5.5,4,2,5,6,0,1,5,3,5,2,True,False,3,G,0,A,5,G,5,C,5,E,5,A
Am/G,x.x.5.5.5.5,3,1,6,4,2,0,4,5,5,0,True,False,x,,x,,5,G,5,C,5,E,5,A
Am/G,3.x.x.2.1.x,2,1,7,3,3,0,3,1,3,2,True,False,3,G,x,,x,,2,A,1,C,x,
Am/G,3.0.2.2.1.x,1,1,8,5,1,1,4,1,3,2,True,False,3,G,0,A,2,E,2,A,1,C,x,
Am/G#,4.x.x.5.5.5,4,2,1,4,2,0,4,4,5,1,True,False,4,G#,x,,x,,5,C,5,E,5,A
Am/G#,4.0.2.2.1.0,4,2,2,6,0,2,4,1,4,3,True,False,4,G#,0,A,2,E,2,A,1,C,0,E
Am/G#,x.x.6.5.5.5,3,1,3,4,2,0,4,5,6,1,True,False,x,,x,,6,G#,5,C,5,E,5,A
Am11,x.0.0.0.1.0,6,2,1,5,1,4,1,1,1,0,True,False,x,,0,A,0,D,0,G,1,C,0,E
Am11,5.5.7.5.5.7,4,1,2,6,0,0,6,5,7,2,True,False,5,A,5,D,7,A,5,C,5,E,7,B
Am11,x.0.10.7.8.7,2,1,3,5,1,1,4,7,10,3,True,True,x,,0,A,10,C,7,D,8,G,7,B
Am11,5.5.5.5.5.7,1,1,4,6,0,0,6,5,7,2,True,False,5,A,5,D,5,G,5,C,5,E,7,B
Am2,x.0.7.5.0.0,4,1,1,5,1,3,2,5,7,2,True,False,x,,0,A,7,A,5,C,0,B,0,E
Am5,5.7.7.5.5.5,1,1,1,6,0,0,6,5,7,2,True,False,5,A,7,E,7,A,5,C,5,E,5,A
Am6,x.0.2.2.1.2,18,8,1,5,1,1,4,1,2,1,True,False,x,,0,A,2,E,2,A,1,C,2,F#
Am6,x.0.4.2.1.0,4,2,2,5,1,2,3,1,4,3,True,False,x,,0,A,4,F#,2,A,1,C,0,E
Am6,5.x.4.5.5.x,2,2,3,4,2,0,4,4,5,1,True,False,5,A,x,,4,F#,5,C,5,E,x,
Am6,x.x.2.2.1.2,1,1,4,4,2,0,4,1,2,1,True,False,x,,x,,2,E,2,A,1,C,2,F#
Am6,5.x.4.5.5.5,1,1,5,5,1,0,5,4,5,1,True,False,5,A,x,,4,F#,5,C,5,E,5,A
Am6,x.0.4.5.5.x,1,1,6,4,2,1,3,4,5,1,True,False,x,,0,A,4,F#,5,C,5,E,x,
Am6,x.0.14.14.13.14,1,1,7,5,1,1,4,13,14,1,True,True,x,,0,A,14,E,14,A,13,C,14,F#
Am6,0.3.4.2.x.x,1,1,8,4,2,1,3,2,4,2,True,False,0,E,3,C,4,F#,2,A,x,,x,
Am6,x.0.7.5.7.x,1,1,9,4,2,1,3,5,7,2,True,False,x,,0,A,7,A,5,C,7,F#,x,
Am6,x.x.4.2.1.0,1,1,10,4,2,1,3,1,4,3,True,False,x,,x,,4,F#,2,A,1,C,0,E
Am6,2.x.4.5.5.5,1,1,11,5,1,0,5,2,5,3,True,False,2,F#,x,,4,F#,5,C,5,E,5,A
Am6,x.0.4.5.7.x,1,1,12,4,2,1,3,4,7,3,True,False,x,,0,A,4,F#,5,C,7,F#,x,
Am6,0.0.10.9.7.0,1,1,13,6,0,3,3,7,10,3,True,True,0,E,0,A,10,C,9,E,7,F#,0,E
Am6,x.0.4.x.1.5,1,1,14,4,2,1,3,1,5,4,True,False,x,,0,A,4,F#,x,,1,C,5,A
Am6/5-,x.0.4.5.4.5,2,1,1,5,1,1,4,4,5,1,True,False,x,,0,A,4,F#,5,C,4,D#,5,A
Am6add11+,5.6.4.5.x.0,1,1,1,5,1,1,4,4,6,2,True,False,5,A,6,D#,4,F#,5,C,x,,0,E
Am6add11+,0.0.2.5.4.2,1,1,2,6,0,2,4,2,5,3,True,False,0,E,0,A,2,E,5,C,4,D#,2,F#
Am6add9,x.0.4.5.5.7,1,1,1,5,1,1,4,4,7,3,True,False,x,,0,A,4,F#,5,C,5,E,7,B
Am7,x.0.2.0.1.0,427,72,1,5,1,3,2,1,2,1,True,False,x,,0,A,2,E,0,G,1,C,0,E
Am7,x.0.2.0.1.3,133,12,2,5,1,2,3,1,3,2,True,False,x,,0,A,2,E,0,G,1,C,3,G
Am7,5.7.5.5.5.5,71,17,3,6,0,0,6,5,7,2,True,False,5,A,7,E,5,G,5,C,5,E,5,A
Am7,x.0.2.2.1.3,45,15,4,5,1,1,4,1,3,2,True,False,x,,0,A,2,E,2,A,1,C,3,G
Am7,x.0.2.0.1.x,36,11,5,4,2,2,2,1,2,1,True,False,x,,0,A,2,E,0,G,1,C,x,
Am7,x.0.5.5.5.0,21,1,6,5,1,2,3,5,5,0,True,False,x,,0,A,5,G,5,C,5,E,0,E
Am7,5.x.5.5.5.x,16,8,7,4,2,0,4,5,5,0,True,False,5,A,x,,5,G,5,C,5,E,x,
Am7,5.x.5.5.5.5,14,4,8,5,1,0,5,5,5,0,True,False,5,A,x,,5,G,5,C,5,E,5,A
Am7,x.0.5.5.5.8,12,1,9,5,1,1,4,5,8,3,True,False,x,,0,A,5,G,5,C,5,E,8,C
Am7,0.0.2.2.1.3,9,1,10,6,0,2,4,1,3,2,True,False,0,E,0,A,2,E,2,A,1,C,3,G
Am7,x.0.x.0.1.0,8,2,11,4,2,3,1,1,1,0,True,False,x,,0,A,x,,0,G,1,C,0,E
Am7,3.0.2.0.1.0,8,2,12,6,0,3,3,1,3,2,True,False,3,G,0,A,2,E,0,G,1,C,0,E
Am7,x.x.5.5.5.5,7,2,13,4,2,0,4,5,5,0,True,False,x,,x,,5,G,5,C,5,E,5,A
Am7,x.0.2.0.3.0,6,1,14,5,1,3,2,2,3,1,True,False,x,,0,A,2,E,0,G,3,D,0,E
Am7,3.0.2.2.1.0,6,4,15,6,0,2,4,1,3,2,True,False,3,G,0,A,2,E,2,A,1,C,0,E
Am7,x.0.x.2.1.3,6,1,16,4,2,1,3,1,3,2,True,False,x,,0,A,x,,2,A,1,C,3,G
Am7,0.0.2.0.1.0,5,4,17,6,0,4,2,1,2,1,True,False,0,E,0,A,2,E,0,G,1,C,0,E
Am7,x.0.x.0.1.x,4,1,18,3,3,2,1,1,1,0,True,False,x,,0,A,x,,0,G,1,C,x,
Am7,x.0.5.5.5.5,4,4,19,5,1,1,4,5,5,0,True,False,x,,0,A,5,G,5,C,5,E,5,A
Am7,x.0.2.1.2.0,4,1,20,5,1,2,3,1,2,1,True,False,x,,0,A,2,E,1,G#,2,C#,0,E
Am7,5.x.6.6.5.x,4,1,21,4,2,0,4,5,6,1,True,False,5,A,x,,6,G#,6,C#,5,E,x,
Am7,5.7.5.5.x.x,4,1,22,4,2,0,4,5,7,2,True,False,5,A,7,E,5,G,5,C,x,,x,
Am7,5.7.5.5.5.x,3,2,23,5,1,0,5,5,7,2,True,False,5,A,7,E,5,G,5,C,5,E,x,
Am7,x.x.7.9.8.8,3,1,24,4,2,0,4,7,9,2,True,False,x,,x,,7,A,9,E,8,G,8,C
Am7,5.x.5.5.x.x,2,2,25,3,3,0,3,5,5,0,True,False,5,A,x,,5,G,5,C,x,,x,
Am7,0.0.2.0.1.x,2,1,26,5,1,3,2,1,2,1,True,False,0,E,0,A,2,E,0,G,1,C,x,
Am7,x.x.x.12.13.12,2,1,27,3,3,0,3,12,13,1,True,False,x,,x,,x,,12,G,13,C,12,E
Am7,3.x.2.2.1.0,2,1,28,5,1,1,4,1,3,2,True,False,3,G,x,,2,E,2,A,1,C,0,E
Am7,0.7.5.5.5.5,2,1,29,6,0,1,5,5,7,2,True,False,0,E,7,E,5,G,5,C,5,E,5,A
Am7,5.x.5.5.5.8,2,1,30,5,1,0,5,5,8,3,True,False,5,A,x,,5,G,5,C,5,E,8,C
Am7,0.0.x.0.1.x,1,1,31,4,2,3,1,1,1,0,True,False,0,E,0,A,x,,0,G,1,C,x,
Am7,x.0.5.5.5.x,1,1,32,4,2,1,3,5,5,0,True,False,x,,0,A,5,G,5,C,5,E,x,
Am7,3.3.2.2.x.x,1,1,33,4,2,0,4,2,3,1,True,False,3,G,3,C,2,E,2,A,x,,x,
Am7,x.0.2.2.3.x,1,1,34,4,2,1,3,2,3,1,True,False,x,,0,A,2,E,2,A,3,D,x,
Am7,2.0.1.3.x.x,1,1,35,4,2,1,3,1,3,2,True,False,2,F#,0,A,1,D#,3,A#,x,,x,
Am7,x.x.2.2.1.3,1,1,36,4,2,0,4,1,3,2,True,False,x,,x,,2,E,2,A,1,C,3,G
Am7,3.0.5.5.5.5,1,1,37,6,0,1,5,3,5,2,True,False,3,G,0,A,5,G,5,C,5,E,5,A
Am7,0.0.10.9.8.0,1,1,38,6,0,3,3,8,10,2,True,True,0,E,0,A,10,C,9,E,8,G,0,E
Am7,0.0.10.9.8.8,1,1,39,6,0,2,4,8,10,2,True,True,0,E,0,A,10,C,9,E,8,G,8,C
Am7,x.0.10.9.8.x,1,1,40,4,2,1,3,8,10,2,True,True,x,,0,A,10,C,9,E,8,G,x,
Am7,x.12.14.12.13.x,1,1,41,4,2,0,4,12,14,2,True,False,x,,12,A,14,E,12,G,13,C,x,
Am7,x.x.7.5.8.8,1,1,42,4,2,0,4,5,8,3,True,False,x,,x,,7,A,5,C,8,G,8,C
Am7(5-),5.x.5.5.4.x,3,1,1,4,2,0,4,4,5,1,True,False,5,A,x,,5,G,5,C,4,D#,x,
Am7/5 (on Eb),x.6.5.0.4.x,3,1,1,4,2,1,3,4,6,2,True,False,x,,6,D#,5,G,0,G,4,D#,x,
Am7/5-,x.0.1.0.1.3,5,2,1,5,1,2,3,1,3,2,True,False,x,,0,A,1,D#,0,G,1,C,3,G
Am7/5-,x.0.1.0.1.x,3,1,2,4,2,2,2,1,1,0,True,False,x,,0,A,1,D#,0,G,1,C,x,
Am7/5-,x.x.5.5.4.5,3,1,3,4,2,0,4,4,5,1,True,False,x,,x,,5,G,5,C,4,D#,5,A
Am7/5-,x.0.7.8.8.8,2,1,4,5,1,1,4,7,8,1,True,True,x,,0,A,7,A,8,D#,8,G,8,C
Am7/5-,5.x.5.5.4.x,1,1,5,4,2,0,4,4,5,1,True,False,5,A,x,,5,G,5,C,4,D#,x,
Am7/9,x.0.5.5.5.7,4,1,1,5,1,1,4,5,7,2,True,False,x,,0,A,5,G,5,C,5,E,7,B
Am7/E,x.x.2.2.1.3,1,1,1,4,2,0,4,1,3,2,True,False,x,,x,,2,E,2,A,1,C,3,G
Am7/G,3.0.2.0.1.0,12,2,1,6,0,3,3,1,3,2,True,False,3,G,0,A,2,E,0,G,1,C,0,E
am7/g,3.0.2.0.1.0,1,1,1,6,0,3,3,1,3,2,True,False,3,G,0,A,2,E,0,G,1,C,0,E
Am7add11,5.x.5.5.3.x,17,2,1,4,2,0,4,3,5,2,True,False,5,A,x,,5,G,5,C,3,D,x,
Am7add11,x.0.0.0.1.x,8,2,2,4,2,3,1,1,1,0,True,False,x,,0,A,0,D,0,G,1,C,x,
Am7add11,x.0.0.0.1.3,6,1,3,5,1,3,2,1,3,2,True,False,x,,0,A,0,D,0,G,1,C,3,G
Am7add11,x.0.5.5.3.x,1,1,4,4,2,1,3,3,5,2,True,False,x,,0,A,5,G,5,C,3,D,x,
Am7add4,5.3.0.0.x.x,12,1,1,4,2,2,2,3,5,2,True,False,5,A,3,C,0,D,0,G,x,,x,
Am7b5,x.0.5.5.4.x,1,1,1,4,2,1,3,4,5,1,True,False,x,,0,A,5,G,5,C,4,D#,x,
Am7M,x.0.2.1.1.0,5,4,1,5,1,2,3,1,2,1,True,False,x,,0,A,2,E,1,G#,1,C,0,E
Am7M,5.7.6.5.5.5,1,1,2,6,0,0,6,5,7,2,True,False,5,A,7,E,6,G#,5,C,5,E,5,A
Am9,x.0.2.4.1.3,30,3,1,5,1,1,4,1,4,3,True,False,x,,0,A,2,E,4,B,1,C,3,G
AM9,x.0.5.5.0.0,16,1,1,5,1,3,2,5,5,0,True,False,x,,0,A,5,G,5,C,0,B,0,E
Am9,x.x.7.5.5.7,20,1,2,4,2,0,4,5,7,2,True,False,x,,x,,7,A,5,C,5,E,7,B
Am9,5.7.5.5.5.7,11,2,3,6,0,0,6,5,7,2,True,False,5,A,7,E,5,G,5,C,5,E,7,B
Am9,5.7.7.0.x.x,8,1,4,4,2,1,3,5,7,2,True,False,5,A,7,E,7,A,0,G,x,,x,
Am9,5.x.5.4.1.x,8,1,5,4,2,0,4,1,5,4,True,False,5,A,x,,5,G,4,B,1,C,x,
Am9,x.0.10.12.12.12,5,1,6,5,1,1,4,10,12,2,True,True,x,,0,A,10,C,12,G,12,B,12,E
Am9,x.0.5.5.0.x,3,2,7,4,2,2,2,5,5,0,True,False,x,,0,A,5,G,5,C,0,B,x,
Am9,x.0.5.5.5.7,3,2,8,5,1,1,4,5,7,2,True,False,x,,0,A,5,G,5,C,5,E,7,B
Am9,3.x.2.2.0.x,2,1,9,4,2,1,3,2,3,1,True,False,3,G,x,,2,E,2,A,0,B,x,
Am9,x.0.5.5.0.0,1,1,10,5,1,3,2,5,5,0,True,False,x,,0,A,5,G,5,C,0,B,0,E
Am9,x.0.10.12.0.0,1,1,11,5,1,3,2,10,12,2,True,True,x,,0,A,10,C,12,G,0,B,0,E
Am9,x.x.10.12.12.12,1,1,12,4,2,0,4,10,12,2,True,False,x,,x,,10,C,12,G,12,B,12,E
Amadd11,x.3.2.2.3.0,1,1,1,5,1,1,4,2,3,1,True,False,x,,3,C,2,E,2,A,3,D,0,E
Amadd11+,0.6.7.5.x.x,3,1,1,4,2,1,3,5,7,2,True,False,0,E,6,D#,7,A,5,C,x,,x,
Amadd11/F#,2.0.0.2.1.0,4,1,1,6,0,3,3,1,2,1,True,False,2,F#,0,A,0,D,2,A,1,C,0,E
Amadd13-/F,x.x.3.2.1.0,2,1,1,4,2,1,3,1,3,2,True,False,x,,x,,3,F,2,A,1,C,0,E
Amadd9,x.0.7.5.0.0,32,7,1,5,1,3,2,5,7,2,True,False,x,,0,A,7,A,5,C,0,B,0,E
Amadd9,x.0.2.4.1.0,6,3,2,5,1,2,3,1,4,3,True,False,x,,0,A,2,E,4,B,1,C,0,E
Amadd9,x.x.7.5.0.0,5,3,3,4,2,2,2,5,7,2,True,False,x,,x,,7,A,5,C,0,B,0,E
Amadd9,x.0.7.5.0.x,4,2,4,4,2,2,2,5,7,2,True,False,x,,0,A,7,A,5,C,0,B,x,
Amadd9,0.0.7.5.0.0,3,1,5,6,0,4,2,5,7,2,True,False,0,E,0,A,7,A,5,C,0,B,0,E
Amadd9,x.0.10.9.0.8,3,1,6,5,1,2,3,8,10,2,True,True,x,,0,A,10,C,9,E,0,B,8,C
Amadd9,x.0.2.4.1.x,3,1,7,4,2,1,3,1,4,3,True,False,x,,0,A,2,E,4,B,1,C,x,
Amadd9,x.0.6.6.0.7,2,1,8,5,1,2,3,6,7,1,True,True,x,,0,A,6,G#,6,C#,0,B,7,B
Amadd9,0.0.10.9.12.12,2,1,9,6,0,2,4,9,12,3,True,True,0,E,0,A,10,C,9,E,12,B,12,E
Amadd9,0.2.2.2.1.0,1,1,10,6,0,2,4,1,2,1,True,False,0,E,2,B,2,E,2,A,1,C,0,E
Amadd9,5.0.7.5.0.0,1,1,11,6,0,3,3,5,7,2,True,False,5,A,0,A,7,A,5,C,0,B,0,E
Amadd9,x.0.x.5.5.7,1,1,12,4,2,1,3,5,7,2,True,False,x,,0,A,x,,5,C,5,E,7,B
Amadd9,5.7.9.5.5.5,1,1,13,6,0,0,6,5,9,4,True,False,5,A,7,E,9,B,5,C,5,E,5,A
Amadd9,5.7.9.5.5.x,1,1,14,5,1,0,5,5,9,4,True,False,5,A,7,E,9,B,5,C,5,E,x,
Amadd9/F,1.3.2.2.0.0,2,1,1,6,0,2,4,1,3,2,True,False,1,F,3,C,2,E,2,A,0,B,0,E
Amadd9/F#,2.3.2.2.0.0,4,1,1,6,0,2,4,2,3,1,True,False,2,F#,3,C,2,E,2,A,0,B,0,E
Amadd9/G,3.3.2.2.0.0,2,1,1,6,0,2,4,2,3,1,True,False,3,G,3,C,2,E,2,A,0,B,0,E
Amaj7,5.x.6.6.5.4,6,1,1,5,1,0,5,4,6,2,True,False,5,A,x,,6,G#,6,C#,5,E,4,G#
Amaj7,x.0.6.6.5.x,5,1,2,4,2,1,3,5,6,1,True,False,x,,0,A,6,G#,6,C#,5,E,x,
AMAJ9,x.0.11.13.0.0,4,1,1,5,1,3,2,11,13,2,True,True,x,,0,A,11,C#,13,G#,0,B,0,E
aMAJ9,x.0.11.13.0.0,6,1,1,5,1,3,2,11,13,2,True,True,x,,0,A,11,C#,13,G#,0,B,0,E
Amaj9,x.0.11.13.0.0,10,1,1,5,1,3,2,11,13,2,True,True,x,,0,A,11,C#,13,G#,0,B,0,E
Amaj9,x.0.6.6.0.0,6,1,2,5,1,3,2,6,6,0,True,True,x,,0,A,6,G#,6,C#,0,B,0,E
Amin,x.0.2.x.1.0,1,1,1,4,2,2,2,1,2,1,True,False,x,,0,A,2,E,x,,1,C,0,E
Annulaire,x.x.0.x.x.2,2,1,1,2,4,1,1,2,2,0,True,False,x,,x,,0,D,x,,x,,2,F#
annulaire,x.x.5.0.5.0,1,1,1,4,2,2,2,5,5,0,True,False,x,,x,,5,G,0,G,5,E,0,E
Asus2,x.0.2.2.0.0,333,47,1,5,1,3,2,2,2,0,True,False,x,,0,A,2,E,2,A,0,B,0,E
Asus2,x.0.2.2.0.x,20,10,2,4,2,2,2,2,2,0,True,False,x,,0,A,2,E,2,A,0,B,x,
Asus2,x.0.2.4.0.0,17,2,3,5,1,3,2,2,4,2,True,False,x,,0,A,2,E,4,B,0,B,0,E
Asus2,x.0.2.4.x.0,16,2,4,4,2,2,2,2,4,2,True,False,x,,0,A,2,E,4,B,x,,0,E
Asus2,x.0.2.4.5.5,15,1,5,5,1,1,4,2,5,3,True,False,x,,0,A,2,E,4,B,5,E,5,A
Asus2,x.0.7.9.0.0,12,2,6,5,1,3,2,7,9,2,True,True,x,,0,A,7,A,9,E,0,B,0,E
Asus2,x.0.2.4.x.x,11,4,7,3,3,1,2,2,4,2,True,False,x,,0,A,2,E,4,B,x,,x,
Asus2,x.x.7.9.10.7,11,1,8,4,2,0,4,7,10,3,True,False,x,,x,,7,A,9,E,10,A,7,B
Asus2,0.0.2.2.0.0,10,1,9,6,0,4,2,2,2,0,True,False,0,E,0,A,2,E,2,A,0,B,0,E
Asus2,x.x.2.2.0.0,10,2,10,4,2,2,2,2,2,0,True,False,x,,x,,2,E,2,A,0,B,0,E
Asus2,7.x.7.x.x.x,10,1,11,2,4,0,2,7,7,0,True,False,7,B,x,,7,A,x,,x,,x,
Asus2,x.1.3.3.1.1,8,1,12,5,1,0,5,1,3,2,True,False,x,,1,A#,3,F,3,A#,1,C,1,F
Asus2,x.0.x.2.0.5,8,1,13,4,2,2,2,2,5,3,True,False,x,,0,A,x,,2,A,0,B,5,A
Asus2,x.0.9.x.x.x,6,1,14,2,4,1,1,9,9,0,True,True,x,,0,A,9,B,x,,x,,x,
Asus2,0.0.2.4.x.x,6,1,15,4,2,2,2,2,4,2,True,False,0,E,0,A,2,E,4,B,x,,x,
Asus2,x.x.x.9.12.9,4,1,16,3,3,0,3,9,12,3,True,False,x,,x,,x,,9,E,12,B,9,C#
Asus2,x.x.2.2.x.x,3,1,17,2,4,0,2,2,2,0,True,False,x,,x,,2,E,2,A,x,,x,
Asus2,x.x.x.2.0.0,2,1,18,3,3,2,1,2,2,0,True,False,x,,x,,x,,2,A,0,B,0,E
Asus2,x.0.6.6.4.0,2,1,19,5,1,2,3,4,6,2,True,False,x,,0,A,6,G#,6,C#,4,D#,0,E
Asus2,5.2.x.4.5.0,2,1,20,5,1,1,4,2,5,3,True,False,5,A,2,B,x,,4,B,5,E,0,E
Asus2,x.0.7.9.10.7,2,1,21,5,1,1,4,7,10,3,True,True,x,,0,A,7,A,9,E,10,A,7,B
Asus2,x.0.x.x.0.x,1,1,22,2,4,2,0,0,0,0,True,False,x,,0,A,x,,x,,0,B,x,
Asus2,x.0.x.2.0.0,1,1,23,4,2,3,1,2,2,0,True,False,x,,0,A,x,,2,A,0,B,0,E
Asus2,x.2.x.2.x.0,1,1,24,3,3,1,2,2,2,0,True,False,x,,2,B,x,,2,A,x,,0,E
Asus2,x.x.x.14.12.12,1,1,25,3,3,0,3,12,14,2,True,False,x,,x,,x,,14,A,12,B,12,E
Asus2,x.x.x.14.12.x,1,1,26,2,4,0,2,12,14,2,True,False,x,,x,,x,,14,A,12,B,x,
Asus2,x.2.x.x.x.5,1,1,27,2,4,0,2,2,5,3,True,False,x,,2,B,x,,x,,x,,5,A
Asus2,5.7.7.4.x.x,1,1,28,4,2,0,4,4,7,3,True,False,5,A,7,E,7,A,4,B,x,,x,
Asus2/C,x.3.x.2.0.x,7,1,1,3,3,1,2,2,3,1,True,False,x,,3,C,x,,2,A,0,B,x,
Asus2/C,x.x.10.9.10.7,1,1,2,4,2,0,4,7,10,3,True,False,x,,x,,10,C,9,E,10,A,7,B
Asus2/D,x.x.0.2.0.0,2,2,1,4,2,3,1,2,2,0,True,False,x,,x,,0,D,2,A,0,B,0,E
Asus2/F,x.x.3.2.0.0,2,1,1,4,2,2,2,2,3,1,True,False,x,,x,,3,F,2,A,0,B,0,E
Asus2/F#,x.x.4.2.0.0,2,1,1,4,2,2,2,2,4,2,True,False,x,,x,,4,F#,2,A,0,B,0,E
Asus2/F#,2.x.x.2.0.0,1,1,2,4,2,2,2,2,2,0,True,False,2,F#,x,,x,,2,A,0,B,0,E
Asus2/G,3.x.2.2.0.0,1,1,1,5,1,2,3,2,3,1,True,False,3,G,x,,2,E,2,A,0,B,0,E
Asus2add11+,x.2.1.2.0.0,4,1,1,5,1,2,3,1,2,1,True,False,x,,2,B,1,D#,2,A,0,B,0,E
Asus2add11+,x.0.9.8.0.0,4,1,2,5,1,3,2,8,9,1,True,True,x,,0,A,9,B,8,D#,0,B,0,E
Asus2add11+,0.2.1.2.0.0,1,1,3,6,0,3,3,1,2,1,True,False,0,E,2,B,1,D#,2,A,0,B,0,E
Asus2add11+,7.7.7.8.10.7,1,1,4,6,0,0,6,7,10,3,True,False,7,B,7,E,7,A,8,D#,10,A,7,B
Asus2add13,x.0.4.4.5.2,4,1,1,5,1,1,4,2,5,3,True,False,x,,0,A,4,F#,4,B,5,E,2,F#
Asus2add13,x.0.4.2.0.0,1,1,2,5,1,3,2,2,4,2,True,False,x,,0,A,4,F#,2,A,0,B,0,E
Asus4,x.0.2.2.3.0,338,41,1,5,1,2,3,2,3,1,True,False,x,,0,A,2,E,2,A,3,D,0,E
Asus4,x.0.0.2.3.0,66,12,2,5,1,3,2,2,3,1,True,False,x,,0,A,0,D,2,A,3,D,0,E
Asus4,x.x.2.2.3.0,40,4,3,4,2,1,3,2,3,1,True,False,x,,x,,2,E,2,A,3,D,0,E
Asus4,x.0.2.2.3.x,33,7,4,4,2,1,3,2,3,1,True,False,x,,0,A,2,E,2,A,3,D,x,
Asus4,0.0.0.9.x.10,32,2,5,5,1,3,2,9,10,1,True,True,0,E,0,A,0,D,9,E,x,,10,D
Asus4,x.x.2.2.3.x,16,3,6,3,3,0,3,2,3,1,True,False,x,,x,,2,E,2,A,3,D,x,
Asus4,x.7.7.7.x.x,11,4,7,3,3,0,3,7,7,0,True,False,x,,7,E,7,A,7,D,x,,x,
Asus4,x.x.x.2.3.0,11,6,8,3,3,1,2,2,3,1,True,False,x,,x,,x,,2,A,3,D,0,E
Asus4,5.5.8.8.5.5,9,1,9,6,0,0,6,5,8,3,True,False,5,A,5,D,8,A#,8,D#,5,E,5,A
Asus4,x.x.x.2.3.x,8,1,10,2,4,0,2,2,3,1,True,False,x,,x,,x,,2,A,3,D,x,
Asus4,0.0.0.2.3.0,7,2,11,6,0,4,2,2,3,1,True,False,0,E,0,A,0,D,2,A,3,D,0,E
Asus4,0.0.0.2.3.x,6,1,12,5,1,3,2,2,3,1,True,False,0,E,0,A,0,D,2,A,3,D,x,
Asus4,x.0.7.7.5.x,5,5,13,4,2,1,3,5,7,2,True,False,x,,0,A,7,A,7,D,5,E,x,
Asus4,x.0.2.2.3.5,5,3,14,5,1,1,4,2,5,3,True,False,x,,0,A,2,E,2,A,3,D,5,A
Asus4,0.0.2.2.3.0,4,1,15,6,0,3,3,2,3,1,True,False,0,E,0,A,2,E,2,A,3,D,0,E
Asus4,x.x.x.9.10.10,4,1,16,3,3,0,3,9,10,1,True,False,x,,x,,x,,9,E,10,A,10,D
Asus4,x.12.14.14.15.12,4,1,17,5,1,0,5,12,15,3,True,False,x,,12,A,14,E,14,A,15,D,12,E
Asus4,x.x.0.2.3.0,3,1,18,4,2,2,2,2,3,1,True,False,x,,x,,0,D,2,A,3,D,0,E
Asus4,5.5.7.7.5.5,3,3,19,6,0,0,6,5,7,2,True,False,5,A,5,D,7,A,7,D,5,E,5,A
Asus4,0.0.2.2.3.x,2,1,20,5,1,2,3,2,3,1,True,False,0,E,0,A,2,E,2,A,3,D,x,
Asus4,x.x.7.7.5.5,2,1,21,4,2,0,4,5,7,2,True,False,x,,x,,7,A,7,D,5,E,5,A
Asus4,x.0.0.2.5.5,2,1,22,5,1,2,3,2,5,3,True,False,x,,0,A,0,D,2,A,5,E,5,A
Asus4,5.7.0.x.3.0,2,1,23,5,1,2,3,3,7,4,True,False,5,A,7,E,0,D,x,,3,D,0,E
Asus4,x.0.x.2.3.x,1,1,24,3,3,1,2,2,3,1,True,False,x,,0,A,x,,2,A,3,D,x,
Asus4,x.0.x.9.10.10,1,1,25,4,2,1,3,9,10,1,True,True,x,,0,A,x,,9,E,10,A,10,D
Asus4,5.5.7.x.x.x,1,1,26,3,3,0,3,5,7,2,True,False,5,A,5,D,7,A,x,,x,,x,
Asus4,5.x.7.7.5.x,1,1,27,4,2,0,4,5,7,2,True,False,5,A,x,,7,A,7,D,5,E,x,
Asus4,x.x.2.2.3.5,1,1,28,4,2,0,4,2,5,3,True,False,x,,x,,2,E,2,A,3,D,5,A
Asus4 (type 1),x.0.2.2.3.x,1,1,1,4,2,1,3,2,3,1,True,False,x,,0,A,2,E,2,A,3,D,x,
Asus4 (type 2),x.x.7.7.5.x,2,1,1,3,3,0,3,5,7,2,True,False,x,,x,,7,A,7,D,5,E,x,
Asus4/C,x.3.0.2.3.0,4,1,1,5,1,2,3,2,3,1,True,False,x,,3,C,0,D,2,A,3,D,0,E
Asus4/C,x.3.x.2.3.0,1,1,2,4,2,1,3,2,3,1,True,False,x,,3,C,x,,2,A,3,D,0,E
Asus4/F,x.x.3.2.3.0,2,1,1,4,2,1,3,2,3,1,True,False,x,,x,,3,F,2,A,3,D,0,E
Asus4/F,1.0.0.2.3.0,1,1,2,6,0,3,3,1,3,2,True,False,1,F,0,A,0,D,2,A,3,D,0,E
Asus4/G,3.x.2.2.3.x,1,1,1,4,2,0,4,2,3,1,True,False,3,G,x,,2,E,2,A,3,D,x,
Asus4add13,x.0.4.2.3.x,2,1,1,4,2,1,3,2,4,2,True,False,x,,0,A,4,F#,2,A,3,D,x,
Asus4add9-,0.1.0.2.3.0,2,1,1,6,0,3,3,1,3,2,True,False,0,E,1,A#,0,D,2,A,3,D,0,E
Auriculaire,0.x.x.x.x.5,2,1,1,2,4,1,1,5,5,0,True,False,0,E,x,,x,,x,,x,,5,A
B,x.2.4.4.4.2,1002,118,1,5,1,0,5,2,4,2,True,False,x,,2,B,4,F#,4,B,4,D#,2,F#
B,7.9.9.8.7.7,484,68,2,6,0,0,6,7,9,2,True,False,7,B,9,F#,9,B,8,D#,7,F#,7,B
B,x.2.4.4.4.x,340,28,3,4,2,0,4,2,4,2,True,False,x,,2,B,4,F#,4,B,4,D#,x,
B,x.3.2.0.1.0,53,4,4,5,1,2,3,1,3,2,True,False,x,,3,C,2,E,0,G,1,C,0,E
B,x.x.9.8.7.7,50,9,5,4,2,0,4,7,9,2,True,False,x,,x,,9,B,8,D#,7,F#,7,B
B,2.2.4.4.4.2,43,8,6,6,0,0,6,2,4,2,True,False,2,F#,2,B,4,F#,4,B,4,D#,2,F#
B,7.9.9.8.x.x,37,7,7,4,2,0,4,7,9,2,True,False,7,B,9,F#,9,B,8,D#,x,,x,
B,x.2.1.x.0.2,18,5,8,4,2,1,3,1,2,1,True,False,x,,2,B,1,D#,x,,0,B,2,F#
B,x.2.3.3.3.x,18,1,9,4,2,0,4,2,3,1,True,False,x,,2,B,3,F,3,A#,3,D,x,
B,x.x.4.4.4.x,15,6,10,3,3,0,3,4,4,0,True,False,x,,x,,4,F#,4,B,4,D#,x,
B,x.6.4.x.0.x,14,1,11,3,3,1,2,4,6,2,True,False,x,,6,D#,4,F#,x,,0,B,x,
B,7.9.9.x.x.x,13,2,12,3,3,0,3,7,9,2,True,False,7,B,9,F#,9,B,x,,x,,x,
B,x.x.x.x.7.7,10,1,13,2,4,0,2,7,7,0,True,False,x,,x,,x,,x,,7,F#,7,B
B,x.2.3.4.3.2,10,1,14,5,1,0,5,2,4,2,True,False,x,,2,B,3,F,4,B,3,D,2,F#
B,x.x.12.10.11.10,8,2,15,4,2,0,4,10,12,2,True,False,x,,x,,12,D,10,F,11,A#,10,D
B,7.6.4.4.x.x,8,1,16,4,2,0,4,4,7,3,True,False,7,B,6,D#,4,F#,4,B,x,,x,
B,7.6.4.x.x.x,8,1,17,3,3,0,3,4,7,3,True,False,7,B,6,D#,4,F#,x,,x,,x,
B,x.14.13.11.0.11,8,1,18,5,1,1,4,11,14,3,True,True,x,,14,B,13,D#,11,F#,0,B,11,D#
B,x.2.4.4.x.x,7,2,19,3,3,0,3,2,4,2,True,False,x,,2,B,4,F#,4,B,x,,x,
B,7.9.9.7.7.7,7,1,20,6,0,0,6,7,9,2,True,False,7,B,9,F#,9,B,7,D,7,F#,7,B
B,x.x.x.8.7.7,6,2,21,3,3,0,3,7,8,1,True,False,x,,x,,x,,8,D#,7,F#,7,B
B,x.9.9.8.7.x,6,1,22,4,2,0,4,7,9,2,True,False,x,,9,F#,9,B,8,D#,7,F#,x,
B,3.3.2.0.1.0,5,1,23,6,0,2,4,1,3,2,True,False,3,G,3,C,2,E,0,G,1,C,0,E
B,x.2.x.x.4.x,5,3,24,2,4,0,2,2,4,2,True,False,x,,2,B,x,,x,,4,D#,x,
B,7.9.9.x.7.7,5,1,25,5,1,0,5,7,9,2,True,False,7,B,9,F#,9,B,x,,7,F#,7,B
B,2.2.4.4.x.x,4,1,26,4,2,0,4,2,4,2,True,False,2,F#,2,B,4,F#,4,B,x,,x,
B,x.5.7.7.7.x,3,1,27,4,2,0,4,5,7,2,True,False,x,,5,D,7,A,7,D,7,F#,x,
B,x.x.9.8.7.x,3,3,28,3,3,0,3,7,9,2,True,False,x,,x,,9,B,8,D#,7,F#,x,
B,x.x.x.x.0.x,2,1,29,1,5,1,0,0,0,0,True,False,x,,x,,x,,x,,0,B,x,
B,7.x.x.x.x.x,2,2,30,1,5,0,1,7,7,0,True,False,7,B,x,,x,,x,,x,,x,
B,x.x.x.9.8.8,2,1,31,3,3,0,3,8,9,1,True,False,x,,x,,x,,9,E,8,G,8,C
B,2.x.4.4.4.2,2,1,32,5,1,0,5,2,4,2,True,False,2,F#,x,,4,F#,4,B,4,D#,2,F#
B,x.2.4.4.3.2,2,1,33,5,1,0,5,2,4,2,True,False,x,,2,B,4,F#,4,B,3,D,2,F#
B,x.x.4.4.0.2,2,1,34,4,2,1,3,2,4,2,True,False,x,,x,,4,F#,4,B,0,B,2,F#
B,x.x.4.4.4.2,2,2,35,4,2,0,4,2,4,2,True,False,x,,x,,4,F#,4,B,4,D#,2,F#
B,7.9.9.8.x.7,2,2,36,5,1,0,5,7,9,2,True,False,7,B,9,F#,9,B,8,D#,x,,7,B
B,7.x.9.8.7.7,2,2,37,5,1,0,5,7,9,2,True,False,7,B,x,,9,B,8,D#,7,F#,7,B
B,7.x.9.8.x.x,2,1,38,3,3,0,3,7,9,2,True,False,7,B,x,,9,B,8,D#,x,,x,
B,x.9.9.8.0.7,2,1,39,5,1,1,4,7,9,2,True,True,x,,9,F#,9,B,8,D#,0,B,7,B
B,x.9.9.8.7.7,2,1,40,5,1,0,5,7,9,2,True,False,x,,9,F#,9,B,8,D#,7,F#,7,B
B,19.21.21.20.19.19,2,1,41,6,0,0,6,19,21,2,True,False,19,B,21,F#,21,B,20,D#,19,F#,19,B
B,7.6.4.4.4.7,2,1,42,6,0,0,6,4,7,3,True,False,7,B,6,D#,4,F#,4,B,4,D#,7,B
B,7.6.4.4.4.x,2,1,43,5,1,0,5,4,7,3,True,False,7,B,6,D#,4,F#,4,B,4,D#,x,
B,7.6.x.4.4.7,2,2,44,5,1,0,5,4,7,3,True,False,7,B,6,D#,x,,4,B,4,D#,7,B
B,x.x.4.4.4.7,2,1,45,4,2,0,4,4,7,3,True,False,x,,x,,4,F#,4,B,4,D#,7,B
B,x.x.4.4.7.7,2,1,46,4,2,0,4,4,7,3,True,False,x,,x,,4,F#,4,B,7,F#,7,B
B,x.x.x.4.4.7,2,1,47,3,3,0,3,4,7,3,True,False,x,,x,,x,,4,B,4,D#,7,B
B,x.6.9.8.7.x,2,1,48,4,2,0,4,6,9,3,True,False,x,,6,D#,9,B,8,D#,7,F#,x,
B,x.x.1.x.0.x,1,1,49,2,4,1,1,1,1,0,True,False,x,,x,,1,D#,x,,0,B,x,
B,x.x.x.4.x.x,1,1,50,1,5,0,1,4,4,0,True,False,x,,x,,x,,4,B,x,,x,
B,x.x.x.16.16.x,1,1,51,2,4,0,2,16,16,0,True,False,x,,x,,x,,16,B,16,D#,x,
B,2.2.1.x.x.x,1,1,52,3,3,0,3,1,2,1,True,False,2,F#,2,B,1,D#,x,,x,,x,
B,2.x.1.x.0.2,1,1,53,4,2,1,3,1,2,1,True,False,2,F#,x,,1,D#,x,,0,B,2,F#
B,x.6.x.x.x.7,1,1,54,2,4,0,2,6,7,1,True,False,x,,6,D#,x,,x,,x,,7,B
B,x.3.2.0.1.3,1,1,55,5,1,1,4,1,3,2,True,False,x,,3,C,2,E,0,G,1,C,3,G
B,2.2.4.x.0.x,1,1,56,4,2,1,3,2,4,2,True,False,2,F#,2,B,4,F#,x,,0,B,x,
B,2.2.4.x.x.x,1,1,57,3,3,0,3,2,4,2,True,False,2,F#,2,B,4,F#,x,,x,,x,
B,4.4.4.2.x.x,1,1,58,4,2,0,4,2,4,2,True,False,4,G#,4,C#,4,F#,2,A,x,,x,
B,x.x.x.4.4.2,1,1,59,3,3,0,3,2,4,2,True,False,x,,x,,x,,4,B,4,D#,2,F#
B,x.6.4.4.4.x,1,1,60,4,2,0,4,4,6,2,True,False,x,,6,D#,4,F#,4,B,4,D#,x,
B,7.9.9.8.7.x,1,1,61,5,1,0,5,7,9,2,True,False,7,B,9,F#,9,B,8,D#,7,F#,x,
B,7.x.9.8.7.x,1,1,62,4,2,0,4,7,9,2,True,False,7,B,x,,9,B,8,D#,7,F#,x,
B,x.9.9.11.x.x,1,1,63,3,3,0,3,9,11,2,True,False,x,,9,F#,9,B,11,F#,x,,x,
B,x.x.4.4.7.x,1,1,64,3,3,0,3,4,7,3,True,False,x,,x,,4,F#,4,B,7,F#,x,
B,x.14.13.11.x.11,1,1,65,4,2,0,4,11,14,3,True,False,x,,14,B,13,D#,11,F#,x,,11,D#
B 5,x.2.4.4.x.x,36,3,1,3,3,0,3,2,4,2,True,False,x,,2,B,4,F#,4,B,x,,x,
B 5,6.x.x.x.x.x,2,1,2,1,5,0,1,6,6,0,True,False,6,A#,x,,x,,x,,x,,x,
B/5+,x.2.5.0.x.x,1,1,1,3,3,1,2,2,5,3,True,False,x,,2,B,5,G,0,G,x,,x,
B/5-,x.x.9.10.x.x,3,1,1,2,4,0,2,9,10,1,True,False,x,,x,,9,B,10,F,x,,x,
B/5-,1.x.3.4.4.x,3,1,2,4,2,0,4,1,4,3,True,False,1,F,x,,3,F,4,B,4,D#,x,
B/5-,x.2.x.x.x.1,2,1,3,2,4,0,2,1,2,1,True,False,x,,2,B,x,,x,,x,,1,F
B/A,x.0.4.4.x.x,17,2,1,3,3,1,2,4,4,0,True,False,x,,0,A,4,F#,4,B,x,,x,
B/A,x.x.7.8.7.7,6,3,2,4,2,0,4,7,8,1,True,False,x,,x,,7,A,8,D#,7,F#,7,B
B/A,x.0.4.4.4.2,4,1,3,5,1,1,4,2,4,2,True,False,x,,0,A,4,F#,4,B,4,D#,2,F#
B/A,x.x.x.2.0.2,1,1,4,3,3,1,2,2,2,0,True,False,x,,x,,x,,2,A,0,B,2,F#
B/C#,x.4.4.4.4.x,3,3,1,4,2,0,4,4,4,0,True,False,x,,4,C#,4,F#,4,B,4,D#,x,
B/D#,x.x.4.4.7.x,1,1,1,3,3,0,3,4,7,3,True,False,x,,x,,4,F#,4,B,7,F#,x,
B/E,0.14.13.11.x.x,7,1,1,4,2,1,3,11,14,3,True,True,0,E,14,B,13,D#,11,F#,x,,x,
B/E,x.x.9.8.7.x,2,1,2,3,3,0,3,7,9,2,True,False,x,,x,,9,B,8,D#,7,F#,x,
B/E,0.14.13.11.0.0,2,1,3,6,0,3,3,11,14,3,True,True,0,E,14,B,13,D#,11,F#,0,B,0,E
B/E,x.14.13.11.x.x,2,1,4,3,3,0,3,11,14,3,True,False,x,,14,B,13,D#,11,F#,x,,x,
B/E,0.2.4.4.4.2,1,1,5,6,0,1,5,2,4,2,True,False,0,E,2,B,4,F#,4,B,4,D#,2,F#
B/E,x.x.2.4.4.2,1,1,6,4,2,0,4,2,4,2,True,False,x,,x,,2,E,4,B,4,D#,2,F#
B/E,x.x.2.4.4.x,1,1,7,3,3,0,3,2,4,2,True,False,x,,x,,2,E,4,B,4,D#,x,
B/F#,x.x.4.4.4.2,16,1,1,4,2,0,4,2,4,2,True,False,x,,x,,4,F#,4,B,4,D#,2,F#
B/F#,x.x.4.4.4.x,2,1,2,3,3,0,3,4,4,0,True,False,x,,x,,4,F#,4,B,4,D#,x,
B/G,x.x.5.x.7.7,12,2,1,3,3,0,3,5,7,2,True,False,x,,x,,5,G,x,,7,F#,7,B
B/G,3.x.4.4.x.x,6,2,2,3,3,0,3,3,4,1,True,False,3,G,x,,4,F#,4,B,x,,x,
B/G,x.3.2.0.3.3,4,1,3,5,1,1,4,2,3,1,True,False,x,,3,C,2,E,0,G,3,D,3,G
B/G,x.3.2.x.3.3,4,1,4,4,2,0,4,2,3,1,True,False,x,,3,C,2,E,x,,3,D,3,G
B/G#,4.x.4.4.0.x,6,1,1,4,2,1,3,4,4,0,True,False,4,G#,x,,4,F#,4,B,0,B,x,
B0,7.6.x.7.6.x,1,1,1,4,2,0,4,6,7,1,True,False,7,B,6,D#,x,,7,D,6,F,x,
B0,x.x.x.7.6.4,1,1,2,3,3,0,3,4,7,3,True,False,x,,x,,x,,7,D,6,F,4,G#
B11,7.x.x.x.x.x,1,1,1,1,5,0,1,7,7,0,True,False,7,B,x,,x,,x,,x,,x,
B11/9-,8.7.7.8.7.7,1,1,1,6,0,0,6,7,8,1,True,False,8,C,7,E,7,A,8,D#,7,F#,7,B
B5,x.2.4.4.x.x,576,103,1,3,3,0,3,2,4,2,True,False,x,,2,B,4,F#,4,B,x,,x,
B5,7.9.9.x.x.x,358,35,2,3,3,0,3,7,9,2,True,False,7,B,9,F#,9,B,x,,x,,x,
B5,7.9.x.x.x.x,139,19,3,2,4,0,2,7,9,2,True,False,7,B,9,F#,x,,x,,x,,x,
B5,x.2.4.x.x.x,115,26,4,2,4,0,2,2,4,2,True,False,x,,2,B,4,F#,x,,x,,x,
B5,9.9.9.x.7.x,13,1,5,4,2,0,4,7,9,2,True,False,9,C#,9,F#,9,B,x,,7,F#,x,
B5,x.3.5.5.x.x,11,2,6,3,3,0,3,3,5,2,True,False,x,,3,C,5,G,5,C,x,,x,
B5,2.2.x.x.x.x,6,1,7,2,4,0,2,2,2,0,True,False,2,F#,2,B,x,,x,,x,,x,
B5,x.x.4.4.0.2,5,2,8,4,2,1,3,2,4,2,True,False,x,,x,,4,F#,4,B,0,B,2,F#
B5,x.1.3.3.x.x,4,2,9,3,3,0,3,1,3,2,True,False,x,,1,A#,3,F,3,A#,x,,x,
B5,19.21.21.x.x.x,4,4,10,3,3,0,3,19,21,2,True,False,19,B,21,F#,21,B,x,,x,,x,
B5,x.x.x.4.7.7,4,1,11,3,3,0,3,4,7,3,True,False,x,,x,,x,,4,B,7,F#,7,B
B5,4.4.x.x.x.x,3,2,12,2,4,0,2,4,4,0,True,False,4,G#,4,C#,x,,x,,x,,x,
B5,x.x.9.11.12.x,2,1,13,3,3,0,3,9,12,3,True,False,x,,x,,9,B,11,F#,12,B,x,
B5,x.2.x.x.x.2,1,1,14,2,4,0,2,2,2,0,True,False,x,,2,B,x,,x,,x,,2,F#
B5,x.2.x.x.x.x,1,1,15,1,5,0,1,2,2,0,True,False,x,,2,B,x,,x,,x,,x,
B5,9.9.9.x.x.x,1,1,16,3,3,0,3,9,9,0,True,False,9,C#,9,F#,9,B,x,,x,,x,
B5,x.2.4.4.0.x,1,1,17,4,2,1,3,2,4,2,True,False,x,,2,B,4,F#,4,B,0,B,x,
B5,x.3.5.x.x.x,1,1,18,2,4,0,2,3,5,2,True,False,x,,3,C,5,G,x,,x,,x,
B5,x.14.16.16.x.x,1,1,19,3,3,0,3,14,16,2,True,False,x,,14,B,16,F#,16,B,x,,x,
B5,7.x.4.x.x.x,1,1,20,2,4,0,2,4,7,3,True,False,7,B,x,,4,F#,x,,x,,x,
B6,x.0.2.2.1.3,7,1,1,5,1,1,4,1,3,2,True,False,x,,0,A,2,E,2,A,1,C,3,G
B6,x.2.4.4.4.4,7,2,2,5,1,0,5,2,4,2,True,False,x,,2,B,4,F#,4,B,4,D#,4,G#
B6,7.11.x.x.x.x,3,1,3,2,4,0,2,7,11,4,True,False,7,B,11,G#,x,,x,,x,,x,
B6,7.6.4.4.7.4,2,1,4,6,0,0,6,4,7,3,True,False,7,B,6,D#,4,F#,4,B,7,F#,4,G#
B6,x.2.1.1.0.2,1,1,5,5,1,1,4,1,2,1,True,False,x,,2,B,1,D#,1,G#,0,B,2,F#
B6,7.x.6.8.7.x,1,1,6,4,2,0,4,6,8,2,True,False,7,B,x,,6,G#,8,D#,7,F#,x,
B6/F#,x.x.5.5.8.5,1,1,1,4,2,0,4,5,8,3,True,False,x,,x,,5,G,5,C,8,G,5,A
B6add9,4.4.4.4.4.4,3,1,1,6,0,0,6,4,4,0,True,False,4,G#,4,C#,4,F#,4,B,4,D#,4,G#
B6add9,7.4.4.4.4.4,2,1,2,6,0,0,6,4,7,3,True,False,7,B,4,C#,4,F#,4,B,4,D#,4,G#
B7,x.2.1.2.0.2,551,97,1,5,1,1,4,1,2,1,True,False,x,,2,B,1,D#,2,A,0,B,2,F#
B7,x.2.4.2.4.2,205,35,2,5,1,0,5,2,4,2,True,False,x,,2,B,4,F#,2,A,4,D#,2,F#
B7,x.2.4.2.4.x,77,7,3,4,2,0,4,2,4,2,True,False,x,,2,B,4,F#,2,A,4,D#,x,
B7,x.x.x.4.x.5,62,2,4,2,4,0,2,4,5,1,True,False,x,,x,,x,,4,B,x,,5,A
B7,x.2.1.2.0.x,55,15,5,4,2,1,3,1,2,1,True,False,x,,2,B,1,D#,2,A,0,B,x,
B7,x.x.1.2.0.2,20,4,6,4,2,1,3,1,2,1,True,False,x,,x,,1,D#,2,A,0,B,2,F#
B7,7.9.7.8.7.7,20,13,7,6,0,0,6,7,9,2,True,False,7,B,9,F#,7,A,8,D#,7,F#,7,B
B7,2.x.1.2.0.x,16,6,8,4,2,1,3,1,2,1,True,False,2,F#,x,,1,D#,2,A,0,B,x,
B7,x.2.1.2.x.x,15,5,9,3,3,0,3,1,2,1,True,False,x,,2,B,1,D#,2,A,x,,x,
B7,7.x.7.8.7.x,14,7,10,4,2,0,4,7,8,1,True,False,7,B,x,,7,A,8,D#,7,F#,x,
B7,7.9.7.8.7.x,9,6,11,5,1,0,5,7,9,2,True,False,7,B,9,F#,7,A,8,D#,7,F#,x,
B7,x.x.9.11.10.11,9,2,12,4,2,0,4,9,11,2,True,False,x,,x,,9,B,11,F#,10,A,11,D#
B7,7.9.7.8.10.7,9,6,13,6,0,0,6,7,10,3,True,False,7,B,9,F#,7,A,8,D#,10,A,7,B
B7,x.2.x.2.0.2,7,5,14,4,2,1,3,2,2,0,True,False,x,,2,B,x,,2,A,0,B,2,F#
B7,2.0.1.2.0.2,5,1,15,6,0,2,4,1,2,1,True,False,2,F#,0,A,1,D#,2,A,0,B,2,F#
B7,2.2.4.2.4.2,5,3,16,6,0,0,6,2,4,2,True,False,2,F#,2,B,4,F#,2,A,4,D#,2,F#
B7,x.2.x.2.4.2,5,4,17,4,2,0,4,2,4,2,True,False,x,,2,B,x,,2,A,4,D#,2,F#
B7,x.x.4.4.4.5,4,3,18,4,2,0,4,4,5,1,True,False,x,,x,,4,F#,4,B,4,D#,5,A
B7,x.x.4.x.0.5,4,2,19,3,3,1,2,4,5,1,True,False,x,,x,,4,F#,x,,0,B,5,A
B7,x.x.x.4.4.5,4,1,20,3,3,0,3,4,5,1,True,False,x,,x,,x,,4,B,4,D#,5,A
B7,7.x.7.8.7.7,4,1,21,5,1,0,5,7,8,1,True,False,7,B,x,,7,A,8,D#,7,F#,7,B
B7,x.2.1.2.4.2,4,1,22,5,1,0,5,1,4,3,True,False,x,,2,B,1,D#,2,A,4,D#,2,F#
B7,2.2.1.2.0.2,3,1,23,6,0,1,5,1,2,1,True,False,2,F#,2,B,1,D#,2,A,0,B,2,F#
B7,x.2.x.2.0.x,2,1,24,3,3,1,2,2,2,0,True,False,x,,2,B,x,,2,A,0,B,x,
B7,2.2.1.2.x.x,2,1,25,4,2,0,4,1,2,1,True,False,2,F#,2,B,1,D#,2,A,x,,x,
B7,x.2.4.2.x.x,2,2,26,3,3,0,3,2,4,2,True,False,x,,2,B,4,F#,2,A,x,,x,
B7,x.0.7.4.7.x,2,1,27,4,2,1,3,4,7,3,True,False,x,,0,A,7,A,4,B,7,F#,x,
B7,x.6.7.4.4.x,2,1,28,4,2,0,4,4,7,3,True,False,x,,6,D#,7,A,4,B,4,D#,x,
B7,2.x.x.2.0.2,1,1,29,4,2,1,3,2,2,0,True,False,2,F#,x,,x,,2,A,0,B,2,F#
B7,x.2.x.2.x.2,1,1,30,3,3,0,3,2,2,0,True,False,x,,2,B,x,,2,A,x,,2,F#
B7,2.2.1.2.0.0,1,1,31,6,0,2,4,1,2,1,True,False,2,F#,2,B,1,D#,2,A,0,B,0,E
B7,2.2.1.2.0.x,1,1,32,5,1,1,4,1,2,1,True,False,2,F#,2,B,1,D#,2,A,0,B,x,
B7,x.2.1.2.x.2,1,1,33,4,2,0,4,1,2,1,True,False,x,,2,B,1,D#,2,A,x,,2,F#
B7,x.0.x.4.4.5,1,1,34,4,2,1,3,4,5,1,True,False,x,,0,A,x,,4,B,4,D#,5,A
B7,7.6.7.0.7.0,1,1,35,6,0,2,4,6,7,1,True,True,7,B,6,D#,7,A,0,G,7,F#,0,E
B7,x.x.x.16.16.17,1,1,36,3,3,0,3,16,17,1,True,False,x,,x,,x,,16,B,16,D#,17,A
B7,x.2.4.2.0.x,1,1,37,4,2,1,3,2,4,2,True,False,x,,2,B,4,F#,2,A,0,B,x,
B7,x.6.4.4.4.5,1,1,38,5,1,0,5,4,6,2,True,False,x,,6,D#,4,F#,4,B,4,D#,5,A
B7,7.6.7.8.x.x,1,1,39,4,2,0,4,6,8,2,True,False,7,B,6,D#,7,A,8,D#,x,,x,
B7,7.9.7.8.x.x,1,1,40,4,2,0,4,7,9,2,True,False,7,B,9,F#,7,A,8,D#,x,,x,
B7,7.9.7.x.7.x,1,1,41,4,2,0,4,7,9,2,True,False,7,B,9,F#,7,A,x,,7,F#,x,
B7,7.9.9.8.7.7,1,1,42,6,0,0,6,7,9,2,True,False,7,B,9,F#,9,B,8,D#,7,F#,7,B
B7,x.x.x.14.12.14,1,1,43,3,3,0,3,12,14,2,True,False,x,,x,,x,,14,A,12,B,14,F#
B7,x.2.1.3.x.4,1,1,44,4,2,0,4,1,4,3,True,False,x,,2,B,1,D#,3,A#,x,,4,G#
B7,x.2.4.2.4.5,1,1,45,5,1,0,5,2,5,3,True,False,x,,2,B,4,F#,2,A,4,D#,5,A
B7,x.2.4.2.x.5,1,1,46,4,2,0,4,2,5,3,True,False,x,,2,B,4,F#,2,A,x,,5,A
B7,7.9.7.8.10.x,1,1,47,5,1,0,5,7,10,3,True,False,7,B,9,F#,7,A,8,D#,10,A,x,
B7,7.9.x.8.10.7,1,1,48,5,1,0,5,7,10,3,True,False,7,B,9,F#,x,,8,D#,10,A,7,B
B7,7.x.7.8.10.x,1,1,49,4,2,0,4,7,10,3,True,False,7,B,x,,7,A,8,D#,10,A,x,
B7,7.x.x.8.10.7,1,1,50,4,2,0,4,7,10,3,True,False,7,B,x,,x,,8,D#,10,A,7,B
B7+5,7.x.7.8.8.x,1,1,1,4,2,0,4,7,8,1,True,False,7,B,x,,7,A,8,D#,8,G,x,
B7+5,x.6.7.8.8.x,1,1,2,4,2,0,4,6,8,2,True,False,x,,6,D#,7,A,8,D#,8,G,x,
B7/5+,7.x.7.8.8.7,5,3,1,5,1,0,5,7,8,1,True,False,7,B,x,,7,A,8,D#,8,G,7,B
B7/5+,7.x.7.8.8.x,3,3,2,4,2,0,4,7,8,1,True,False,7,B,x,,7,A,8,D#,8,G,x,
B7/5+,x.2.1.2.0.3,1,1,3,5,1,1,4,1,3,2,True,False,x,,2,B,1,D#,2,A,0,B,3,G
B7/5+,x.0.9.12.10.x,1,1,4,4,2,1,3,9,12,3,True,True,x,,0,A,9,B,12,G,10,A,x,
B7/5-,x.2.1.2.0.1,7,2,1,5,1,1,4,1,2,1,True,False,x,,2,B,1,D#,2,A,0,B,1,F
B7/5-,x.2.3.2.4.5,1,1,2,5,1,0,5,2,5,3,True,False,x,,2,B,3,F,2,A,4,D#,5,A
B7/9+/5+,7.x.7.7.8.x,1,1,1,4,2,0,4,7,8,1,True,False,7,B,x,,7,A,7,D,8,G,x,
B7/A,x.0.1.2.0.2,2,1,1,5,1,2,3,1,2,1,True,False,x,,0,A,1,D#,2,A,0,B,2,F#
B7/A,5.x.x.4.4.5,2,1,2,4,2,0,4,4,5,1,True,False,5,A,x,,x,,4,B,4,D#,5,A
B7/C,x.x.x.5.0.5,1,1,1,3,3,1,2,5,5,0,True,False,x,,x,,x,,5,C,0,B,5,A
B7/D#,x.x.1.2.0.2,4,1,1,4,2,1,3,1,2,1,True,False,x,,x,,1,D#,2,A,0,B,2,F#
B7/d#,x.x.1.2.0.2,1,1,1,4,2,1,3,1,2,1,True,False,x,,x,,1,D#,2,A,0,B,2,F#
B7/E,0.2.1.2.0.2,2,2,1,6,0,2,4,1,2,1,True,False,0,E,2,B,1,D#,2,A,0,B,2,F#
B7/E,0.21.21.23.22.23,1,1,2,6,0,1,5,21,23,2,True,True,0,E,21,F#,21,B,23,F#,22,A,23,D#
B7/F#,2.x.1.2.0.x,3,1,1,4,2,1,3,1,2,1,True,False,2,F#,x,,1,D#,2,A,0,B,x,
B713,x.2.1.2.4.4,1,1,1,5,1,0,5,1,4,3,True,False,x,,2,B,1,D#,2,A,4,D#,4,G#
B75#/D#,x.6.7.8.8.x,1,1,1,4,2,0,4,6,8,2,True,False,x,,6,D#,7,A,8,D#,8,G,x,
B79#5#,x.2.1.2.3.3,2,1,1,5,1,0,5,1,3,2,True,False,x,,2,B,1,D#,2,A,3,D,3,G
B79-,7.x.x.8.7.8,1,1,1,4,2,0,4,7,8,1,True,False,7,B,x,,x,,8,D#,7,F#,8,C
B7add11,2.2.1.2.0.0,21,1,1,6,0,2,4,1,2,1,True,False,2,F#,2,B,1,D#,2,A,0,B,0,E
B7add11,x.2.1.2.0.0,8,1,2,5,1,2,3,1,2,1,True,False,x,,2,B,1,D#,2,A,0,B,0,E
B7add11,2.0.1.2.0.0,3,1,3,6,0,3,3,1,2,1,True,False,2,F#,0,A,1,D#,2,A,0,B,0,E
B7add11,7.7.7.8.7.7,2,1,4,6,0,0,6,7,8,1,True,False,7,B,7,E,7,A,8,D#,7,F#,7,B
B7add11,2.2.2.2.4.2,1,1,5,6,0,0,6,2,4,2,True,False,2,F#,2,B,2,E,2,A,4,D#,2,F#
B7add11,7.9.7.8.0.0,1,1,6,6,0,2,4,7,9,2,True,True,7,B,9,F#,7,A,8,D#,0,B,0,E
B7add11,7.7.9.8.10.7,1,1,7,6,0,0,6,7,10,3,True,False,7,B,7,E,9,B,8,D#,10,A,7,B
B7add11/F#,2.x.1.2.0.0,8,1,1,5,1,2,3,1,2,1,True,False,2,F#,x,,1,D#,2,A,0,B,0,E
B7add13,x.2.4.2.4.4,3,1,1,5,1,0,5,2,4,2,True,False,x,,2,B,4,F#,2,A,4,D#,4,G#
B7add13,7.x.7.8.9.x,1,1,2,4,2,0,4,7,9,2,True,False,7,B,x,,7,A,8,D#,9,G#,x,
B7add13,x.x.x.14.12.16,1,1,3,3,3,0,3,12,16,4,True,False,x,,x,,x,,14,A,12,B,16,G#
B7b9 (type 1),x.2.1.2.1.x,7,1,1,4,2,0,4,1,2,1,True,False,x,,2,B,1,D#,2,A,1,C,x,
B7b9 (type 2),x.6.7.5.7.5,3,1,1,5,1,0,5,5,7,2,True,False,x,,6,D#,7,A,5,C,7,F#,5,A
B7b9 (type 3),x.0.7.8.7.8,2,1,1,5,1,1,4,7,8,1,True,True,x,,0,A,7,A,8,D#,7,F#,8,C
B7b9 (type 3),x.x.7.8.7.8,1,1,2,4,2,0,4,7,8,1,True,False,x,,x,,7,A,8,D#,7,F#,8,C
B7M,x.2.4.3.4.x,5,2,1,4,2,0,4,2,4,2,True,False,x,,2,B,4,F#,3,A#,4,D#,x,
B7M,x.2.1.3.0.2,4,2,2,5,1,1,4,1,3,2,True,False,x,,2,B,1,D#,3,A#,0,B,2,F#
B7M,x.2.4.3.4.2,3,2,3,5,1,0,5,2,4,2,True,False,x,,2,B,4,F#,3,A#,4,D#,2,F#
B7M,x.x.9.8.7.6,2,1,4,4,2,0,4,6,9,3,True,False,x,,x,,9,B,8,D#,7,F#,6,A#
B7M,x.x.4.3.4.x,1,1,5,3,3,0,3,3,4,1,True,False,x,,x,,4,F#,3,A#,4,D#,x,
B7M,6.x.9.x.x.7,1,1,6,3,3,0,3,6,9,3,True,False,6,A#,x,,9,B,x,,x,,7,B
B7M (Cb),x.2.4.3.4.x,2,1,1,4,2,0,4,2,4,2,True,False,x,,2,B,4,F#,3,A#,4,D#,x,
B7M (Cb),x.2.1.3.4.x,1,1,2,4,2,0,4,1,4,3,True,False,x,,2,B,1,D#,3,A#,4,D#,x,
B7M (Cb),x.2.4.4.4.6,1,1,3,5,1,0,5,2,6,4,True,False,x,,2,B,4,F#,4,B,4,D#,6,A#
B7Madd11,7.x.8.8.7.0,6,1,1,5,1,1,4,7,8,1,True,True,7,B,x,,8,A#,8,D#,7,F#,0,E
B7sus2,x.3.0.3.1.3,8,1,1,5,1,1,4,1,3,2,True,False,x,,3,C,0,D,3,A#,1,C,3,G
B7sus2,2.2.4.2.2.2,3,2,2,6,0,0,6,2,4,2,True,False,2,F#,2,B,4,F#,2,A,2,C#,2,F#
B7sus2,x.2.4.2.2.2,3,1,3,5,1,0,5,2,4,2,True,False,x,,2,B,4,F#,2,A,2,C#,2,F#
B7sus2,2.2.4.2.2.x,1,1,4,5,1,0,5,2,4,2,True,False,2,F#,2,B,4,F#,2,A,2,C#,x,
B7sus4,x.2.2.2.0.2,8,5,1,5,1,1,4,2,2,0,True,False,x,,2,B,2,E,2,A,0,B,2,F#
B7sus4,7.x.7.9.7.x,8,1,2,4,2,0,4,7,9,2,True,False,7,B,x,,7,A,9,E,7,F#,x,
B7sus4,x.2.2.2.0.x,7,1,3,4,2,1,3,2,2,0,True,False,x,,2,B,2,E,2,A,0,B,x,
B7sus4,x.2.4.2.5.2,6,3,4,5,1,0,5,2,5,3,True,False,x,,2,B,4,F#,2,A,5,E,2,F#
B7sus4,x.2.2.2.x.x,4,1,5,3,3,0,3,2,2,0,True,False,x,,2,B,2,E,2,A,x,,x,
B7sus4,5.0.4.4.5.5,4,1,6,6,0,1,5,4,5,1,True,False,5,A,0,A,4,F#,4,B,5,E,5,A
B7sus4,2.x.2.2.0.x,2,1,7,4,2,1,3,2,2,0,True,False,2,F#,x,,2,E,2,A,0,B,x,
B7sus4,x.2.x.2.0.0,2,1,8,4,2,2,2,2,2,0,True,False,x,,2,B,x,,2,A,0,B,0,E
B7sus4,0.2.4.2.0.0,2,1,9,6,0,3,3,2,4,2,True,False,0,E,2,B,4,F#,2,A,0,B,0,E
B7sus4,0.0.2.2.0.0,1,1,10,6,0,4,2,2,2,0,True,False,0,E,0,A,2,E,2,A,0,B,0,E
B7sus4,7.x.7.9.7.7,1,1,11,5,1,0,5,7,9,2,True,False,7,B,x,,7,A,9,E,7,F#,7,B
B7sus4,x.2.4.2.5.x,1,1,12,4,2,0,4,2,5,3,True,False,x,,2,B,4,F#,2,A,5,E,x,
B7sus4,x.2.x.2.5.2,1,1,13,4,2,0,4,2,5,3,True,False,x,,2,B,x,,2,A,5,E,2,F#
B7sus4/A,x.0.2.2.5.2,1,1,1,5,1,1,4,2,5,3,True,False,x,,0,A,2,E,2,A,5,E,2,F#
B7sus4add9,x.2.x.2.2.0,2,1,1,4,2,1,3,2,2,0,True,False,x,,2,B,x,,2,A,2,C#,0,E
B7sus4add9,7.x.7.6.0.0,2,1,2,5,1,2,3,6,7,1,True,True,7,B,x,,7,A,6,C#,0,B,0,E
B7sus4add9,x.2.2.2.2.x,1,1,3,4,2,0,4,2,2,0,True,False,x,,2,B,2,E,2,A,2,C#,x,
B7VII,7.x.7.8.7.x,12,1,1,4,2,0,4,7,8,1,True,False,7,B,x,,7,A,8,D#,7,F#,x,
B9,x.2.1.2.2.2,4,2,1,5,1,0,5,1,2,1,True,False,x,,2,B,1,D#,2,A,2,C#,2,F#
B9,x.2.1.2.2.x,4,3,2,4,2,0,4,1,2,1,True,False,x,,2,B,1,D#,2,A,2,C#,x,
B9,7.9.7.8.7.9,1,1,3,6,0,0,6,7,9,2,True,False,7,B,9,F#,7,A,8,D#,7,F#,9,C#
B9 (Non-root),x.6.7.6.7.0,1,1,1,5,1,1,4,6,7,1,True,True,x,,6,D#,7,A,6,C#,7,F#,0,E
B9+,x.2.1.2.3.x,15,8,1,4,2,0,4,1,3,2,True,False,x,,2,B,1,D#,2,A,3,D,x,
B9+,x.14.13.14.15.x,6,2,2,4,2,0,4,13,15,2,True,False,x,,14,B,13,D#,14,A,15,D,x,
B9+,x.x.9.8.10.10,1,1,3,4,2,0,4,8,10,2,True,False,x,,x,,9,B,8,D#,10,A,10,D
B9-,x.2.1.2.1.x,6,1,1,4,2,0,4,1,2,1,True,False,x,,2,B,1,D#,2,A,1,C,x,
B9-/5+,7.x.7.8.8.8,1,1,1,5,1,0,5,7,8,1,True,False,7,B,x,,7,A,8,D#,8,G,8,C
B9/5+,x.2.1.2.2.3,1,1,1,5,1,0,5,1,3,2,True,False,x,,2,B,1,D#,2,A,2,C#,3,G
Badd11,7.9.9.8.0.0,20,5,1,6,0,2,4,7,9,2,True,True,7,B,9,F#,9,B,8,D#,0,B,0,E
Badd11,x.2.4.4.4.0,9,2,2,5,1,1,4,2,4,2,True,False,x,,2,B,4,F#,4,B,4,D#,0,E
Badd11,7.6.4.4.4.0,4,1,3,6,0,1,5,4,7,3,True,False,7,B,6,D#,4,F#,4,B,4,D#,0,E
Badd11,x.9.x.8.0.0,2,1,4,4,2,2,2,8,9,1,True,True,x,,9,F#,x,,8,D#,0,B,0,E
Badd11,7.7.9.8.7.7,2,2,5,6,0,0,6,7,9,2,True,False,7,B,7,E,9,B,8,D#,7,F#,7,B
Badd11,x.x.9.8.7.0,1,1,6,4,2,1,3,7,9,2,True,True,x,,x,,9,B,8,D#,7,F#,0,E
Badd11/5+,x.10.x.8.0.0,2,1,1,4,2,2,2,8,10,2,True,True,x,,10,G,x,,8,D#,0,B,0,E
Badd11/G#,x.11.x.8.0.0,2,1,1,4,2,2,2,8,11,3,True,True,x,,11,G#,x,,8,D#,0,B,0,E
Badd2,7.9.11.8.x.x,2,1,1,4,2,0,4,7,11,4,True,False,7,B,9,F#,11,C#,8,D#,x,,x,
Badd9,x.3.2.0.3.0,18,2,1,5,1,2,3,2,3,1,True,False,x,,3,C,2,E,0,G,3,D,0,E
Badd9,x.6.4.6.0.x,2,1,2,4,2,1,3,4,6,2,True,False,x,,6,D#,4,F#,6,C#,0,B,x,
Badd9,x.2.4.4.2.x,1,1,3,4,2,0,4,2,4,2,True,False,x,,2,B,4,F#,4,B,2,C#,x,
Badd9,x.2.4.6.4.2,1,1,4,5,1,0,5,2,6,4,True,False,x,,2,B,4,F#,6,C#,4,D#,2,F#
Badd9-,x.x.4.5.4.7,1,1,1,4,2,0,4,4,7,3,True,False,x,,x,,4,F#,5,C,4,D#,7,B
Badd9/A,x.0.9.8.7.9,1,1,1,5,1,1,4,7,9,2,True,True,x,,0,A,9,B,8,D#,7,F#,9,C#
Bar,6.6.6.6.6.6,2,1,1,6,0,0,6,6,6,0,True,False,6,A#,6,D#,6,G#,6,C#,6,F,6,A#
Baug,x.2.x.0.4.x,53,3,1,3,3,1,2,2,4,2,True,False,x,,2,B,x,,0,G,4,D#,x,
Baug,7.10.9.8.x.x,4,2,2,4,2,0,4,7,10,3,True,False,7,B,10,G,9,B,8,D#,x,,x,
Baug,11.14.13.12.x.x,4,2,3,4,2,0,4,11,14,3,True,False,11,D#,14,B,13,D#,12,G,x,,x,
bB,6.8.8.7.6.6,2,1,1,6,0,0,6,6,8,2,True,False,6,A#,8,F,8,A#,7,D,6,F,6,A#
Bb,x.1.3.3.3.1,656,59,1,5,1,0,5,1,3,2,True,False,x,,1,A#,3,F,3,A#,3,D,1,F
Bb,x.1.0.3.3.1,491,29,2,5,1,1,4,1,3,2,True,False,x,,1,A#,0,D,3,A#,3,D,1,F
Bb,x.1.3.3.3.x,260,19,3,4,2,0,4,1,3,2,True,False,x,,1,A#,3,F,3,A#,3,D,x,
Bb,6.8.8.7.6.6,203,34,4,6,0,0,6,6,8,2,True,False,6,A#,8,F,8,A#,7,D,6,F,6,A#
Bb,x.x.8.7.6.6,51,4,5,4,2,0,4,6,8,2,True,False,x,,x,,8,A#,7,D,6,F,6,A#
Bb,x.x.3.3.3.1,41,2,6,4,2,0,4,1,3,2,True,False,x,,x,,3,F,3,A#,3,D,1,F
Bb,x.x.3.3.x.x,22,2,7,2,4,0,2,3,3,0,True,False,x,,x,,3,F,3,A#,x,,x,
Bb,x.x.x.3.3.1,20,2,8,3,3,0,3,1,3,2,True,False,x,,x,,x,,3,A#,3,D,1,F
Bb,1.1.3.3.3.1,17,6,9,6,0,0,6,1,3,2,True,False,1,F,1,A#,3,F,3,A#,3,D,1,F
Bb,6.x.8.7.6.x,17,2,10,4,2,0,4,6,8,2,True,False,6,A#,x,,8,A#,7,D,6,F,x,
Bb,6.5.3.3.x.x,16,2,11,4,2,0,4,3,6,3,True,False,6,A#,5,D,3,F,3,A#,x,,x,
Bb,3.3.x.x.x.x,13,1,12,2,4,0,2,3,3,0,True,False,3,G,3,C,x,,x,,x,,x,
Bb,6.8.8.7.6.x,11,4,13,5,1,0,5,6,8,2,True,False,6,A#,8,F,8,A#,7,D,6,F,x,
Bb,x.x.1.x.x.x,10,1,14,1,5,0,1,1,1,0,True,False,x,,x,,1,D#,x,,x,,x,
Bb,1.1.0.3.x.x,10,1,15,4,2,1,3,1,3,2,True,False,1,F,1,A#,0,D,3,A#,x,,x,
Bb,x.x.3.3.3.x,8,2,16,3,3,0,3,3,3,0,True,False,x,,x,,3,F,3,A#,3,D,x,
Bb,x.1.3.3.x.x,8,1,17,3,3,0,3,1,3,2,True,False,x,,1,A#,3,F,3,A#,x,,x,
Bb,x.x.0.3.3.1,6,1,18,4,2,1,3,1,3,2,True,False,x,,x,,0,D,3,A#,3,D,1,F
Bb,x.1.x.x.3.x,4,2,19,2,4,0,2,1,3,2,True,False,x,,1,A#,x,,x,,3,D,x,
Bb,x.5.3.3.3.x,4,1,20,4,2,0,4,3,5,2,True,False,x,,5,D,3,F,3,A#,3,D,x,
Bb,x.x.x.7.6.6,3,1,21,3,3,0,3,6,7,1,True,False,x,,x,,x,,7,D,6,F,6,A#
Bb,x.x.8.7.x.x,3,1,22,2,4,0,2,7,8,1,True,False,x,,x,,8,A#,7,D,x,,x,
Bb,x.x.x.10.11.10,3,1,23,3,3,0,3,10,11,1,True,False,x,,x,,x,,10,F,11,A#,10,D
Bb,x.5.3.3.x.x,3,1,24,3,3,0,3,3,5,2,True,False,x,,5,D,3,F,3,A#,x,,x,
Bb,6.8.8.7.x.x,3,2,25,4,2,0,4,6,8,2,True,False,6,A#,8,F,8,A#,7,D,x,,x,
Bb,x.x.15.15.15.13,3,1,26,4,2,0,4,13,15,2,True,False,x,,x,,15,F,15,A#,15,D,13,F
Bb,6.5.3.x.x.x,3,1,27,3,3,0,3,3,6,3,True,False,6,A#,5,D,3,F,x,,x,,x,
Bb,3.0.0.0.3.x,2,1,28,5,1,3,2,3,3,0,True,False,3,G,0,A,0,D,0,G,3,D,x,
Bb,x.x.6.x.x.x,2,1,29,1,5,0,1,6,6,0,True,False,x,,x,,6,G#,x,,x,,x,
Bb,x.x.12.10.11.10,2,1,30,4,2,0,4,10,12,2,True,False,x,,x,,12,D,10,F,11,A#,10,D
Bb,x.x.x.3.x.x,1,1,31,1,5,0,1,3,3,0,True,False,x,,x,,x,,3,A#,x,,x,
Bb,1.x.0.3.3.1,1,1,32,5,1,1,4,1,3,2,True,False,1,F,x,,0,D,3,A#,3,D,1,F
Bb,1.x.3.3.3.1,1,1,33,5,1,0,5,1,3,2,True,False,1,F,x,,3,F,3,A#,3,D,1,F
Bb,6.8.8.7.x.6,1,1,34,5,1,0,5,6,8,2,True,False,6,A#,8,F,8,A#,7,D,x,,6,A#
Bb,6.x.8.7.6.6,1,1,35,5,1,0,5,6,8,2,True,False,6,A#,x,,8,A#,7,D,6,F,6,A#
Bb,8.x.8.7.6.x,1,1,36,4,2,0,4,6,8,2,True,False,8,C,x,,8,A#,7,D,6,F,x,
Bb,x.5.8.x.x.x,1,1,37,2,4,0,2,5,8,3,True,False,x,,5,D,8,A#,x,,x,,x,
Bb,x.8.7.5.6.5,1,1,38,5,1,0,5,5,8,3,True,False,x,,8,F,7,A,5,C,6,F,5,A
Bb,x.13.12.10.11.10,1,1,39,5,1,0,5,10,13,3,True,False,x,,13,A#,12,D,10,F,11,A#,10,D
Bb (normal tune),2.2.3.3.3.2,4,1,1,6,0,0,6,2,3,1,True,False,2,F#,2,B,3,F,3,A#,3,D,2,F#
Bb VI,6.8.8.7.6.6,1,1,1,6,0,0,6,6,8,2,True,False,6,A#,8,F,8,A#,7,D,6,F,6,A#
Bb(6),x.x.8.7.6.6,18,1,1,4,2,0,4,6,8,2,True,False,x,,x,,8,A#,7,D,6,F,6,A#
Bb(6),6.6.8.7.6.6,1,1,2,6,0,0,6,6,8,2,True,False,6,A#,6,D#,8,A#,7,D,6,F,6,A#
Bb(type 2),x.x.3.3.3.x,1,1,1,3,3,0,3,3,3,0,True,False,x,,x,,3,F,3,A#,3,D,x,
Bb/5-,6.x.x.x.5.6,1,1,1,3,3,0,3,5,6,1,True,False,6,A#,x,,x,,x,,5,E,6,A#
Bb/Ab,x.x.x.x.3.x,1,1,1,1,5,0,1,3,3,0,True,False,x,,x,,x,,x,,3,D,x,
Bb/Ab,4.x.3.3.3.x,1,1,2,4,2,0,4,3,4,1,True,False,4,G#,x,,3,F,3,A#,3,D,x,
Bb/C,x.3.3.3.3.x,8,2,1,4,2,0,4,3,3,0,True,False,x,,3,C,3,F,3,A#,3,D,x,
Bb/F,1.1.3.3.3.1,13,2,1,6,0,0,6,1,3,2,True,False,1,F,1,A#,3,F,3,A#,3,D,1,F
Bb/F,1.x.3.3.3.x,1,1,2,4,2,0,4,1,3,2,True,False,1,F,x,,3,F,3,A#,3,D,x,
Bb11+/9-,6.8.8.7.0.0,4,1,1,6,0,2,4,6,8,2,True,True,6,A#,8,F,8,A#,7,D,0,B,0,E
Bb13,6.x.6.7.8.6,5,1,1,5,1,0,5,6,8,2,True,False,6,A#,x,,6,G#,7,D,8,G,6,A#
Bb13,x.1.1.1.3.3,3,1,2,5,1,0,5,1,3,2,True,False,x,,1,A#,1,D#,1,G#,3,D,3,G
Bb13,6.x.6.7.8.x,2,1,3,4,2,0,4,6,8,2,True,False,6,A#,x,,6,G#,7,D,8,G,x,
Bb13,6.x.x.x.x.x,1,1,4,1,5,0,1,6,6,0,True,False,6,A#,x,,x,,x,,x,,x,
Bb5,x.1.3.3.x.x,199,28,1,3,3,0,3,1,3,2,True,False,x,,1,A#,3,F,3,A#,x,,x,
Bb5,6.8.8.x.x.x,192,12,2,3,3,0,3,6,8,2,True,False,6,A#,8,F,8,A#,x,,x,,x,
Bb5,x.1.3.x.x.x,145,13,3,2,4,0,2,1,3,2,True,False,x,,1,A#,3,F,x,,x,,x,
Bb5,6.8.x.x.x.x,12,2,4,2,4,0,2,6,8,2,True,False,6,A#,8,F,x,,x,,x,,x,
Bb5,3.x.x.x.x.x,8,1,5,1,5,0,1,3,3,0,True,False,3,G,x,,x,,x,,x,,x,
Bb5,8.x.x.x.x.x,8,1,6,1,5,0,1,8,8,0,True,False,8,C,x,,x,,x,,x,,x,
Bb5,3.3.x.x.x.x,3,1,7,2,4,0,2,3,3,0,True,False,3,G,3,C,x,,x,,x,,x,
Bb5,x.x.8.10.11.x,1,1,8,3,3,0,3,8,11,3,True,False,x,,x,,8,A#,10,F,11,A#,x,
Bb5-/6/9,x.1.x.0.1.0,1,1,1,4,2,2,2,1,1,0,True,False,x,,1,A#,x,,0,G,1,C,0,E
Bb5/Gb,2.1.3.x.x.x,6,1,1,3,3,0,3,1,3,2,True,False,2,F#,1,A#,3,F,x,,x,,x,
Bb6,x.1.0.0.3.1,10,4,1,5,1,2,3,1,3,2,True,False,x,,1,A#,0,D,0,G,3,D,1,F
Bb6,6.x.5.7.6.x,9,4,2,4,2,0,4,5,7,2,True,False,6,A#,x,,5,G,7,D,6,F,x,
Bb6,x.1.3.0.3.1,4,1,3,5,1,1,4,1,3,2,True,False,x,,1,A#,3,F,0,G,3,D,1,F
Bb6,x.1.3.0.3.x,4,2,4,4,2,1,3,1,3,2,True,False,x,,1,A#,3,F,0,G,3,D,x,
Bb6,x.1.3.3.3.3,4,1,5,5,1,0,5,1,3,2,True,False,x,,1,A#,3,F,3,A#,3,D,3,G
Bb6,6.8.x.7.8.6,3,1,6,5,1,0,5,6,8,2,True,False,6,A#,8,F,x,,7,D,8,G,6,A#
Bb6,x.1.x.0.3.3,2,1,7,4,2,1,3,1,3,2,True,False,x,,1,A#,x,,0,G,3,D,3,G
Bb6,x.1.x.0.3.x,1,1,8,3,3,1,2,1,3,2,True,False,x,,1,A#,x,,0,G,3,D,x,
Bb6/9,x.1.3.0.1.x,1,1,1,4,2,1,3,1,3,2,True,False,x,,1,A#,3,F,0,G,1,C,x,
Bb6add11+,6.5.3.3.5.3,4,1,1,6,0,0,6,3,6,3,True,False,6,A#,5,D,3,F,3,A#,5,E,3,G
Bb7,x.1.0.1.3.1,65,12,1,5,1,1,4,1,3,2,True,False,x,,1,A#,0,D,1,G#,3,D,1,F
Bb7,x.x.3.3.3.4,22,2,2,4,2,0,4,3,4,1,True,False,x,,x,,3,F,3,A#,3,D,4,G#
Bb7,6.x.6.7.6.x,15,2,3,4,2,0,4,6,7,1,True,False,6,A#,x,,6,G#,7,D,6,F,x,
Bb7,6.8.6.7.6.6,14,5,4,6,0,0,6,6,8,2,True,False,6,A#,8,F,6,G#,7,D,6,F,6,A#
Bb7,x.1.3.1.3.1,9,5,5,5,1,0,5,1,3,2,True,False,x,,1,A#,3,F,1,G#,3,D,1,F
Bb7,6.8.6.7.6.x,5,2,6,5,1,0,5,6,8,2,True,False,6,A#,8,F,6,G#,7,D,6,F,x,
Bb7,4.x.3.3.3.x,2,1,7,4,2,0,4,3,4,1,True,False,4,G#,x,,3,F,3,A#,3,D,x,
Bb7,x.1.3.0.3.x,2,1,8,4,2,1,3,1,3,2,True,False,x,,1,A#,3,F,0,G,3,D,x,
Bb7,6.8.6.7.9.x,2,2,9,5,1,0,5,6,9,3,True,False,6,A#,8,F,6,G#,7,D,9,G#,x,
Bb7,x.x.8.x.x.x,1,1,10,1,5,0,1,8,8,0,True,False,x,,x,,8,A#,x,,x,,x,
Bb7,x.x.x.3.3.4,1,1,11,3,3,0,3,3,4,1,True,False,x,,x,,x,,3,A#,3,D,4,G#
Bb7,1.1.3.1.3.1,1,1,12,6,0,0,6,1,3,2,True,False,1,F,1,A#,3,F,1,G#,3,D,1,F
Bb7,6.8.6.7.x.x,1,1,13,4,2,0,4,6,8,2,True,False,6,A#,8,F,6,G#,7,D,x,,x,
Bb7#9,x.1.0.1.2.x,4,1,1,4,2,1,3,1,2,1,True,False,x,,1,A#,0,D,1,G#,2,C#,x,
Bb7-5,0.1.2.1.3.0,4,1,1,6,0,2,4,1,3,2,True,False,0,E,1,A#,2,E,1,G#,3,D,0,E
Bb7/5+/9+,6.x.x.x.x.x,1,1,1,1,5,0,1,6,6,0,True,False,6,A#,x,,x,,x,,x,,x,
Bb7/5-,6.x.6.7.5.x,3,2,1,4,2,0,4,5,7,2,True,False,6,A#,x,,6,G#,7,D,5,E,x,
Bb7/9,x.1.1.1.0.x,2,1,1,4,2,1,3,1,1,0,True,False,x,,1,A#,1,D#,1,G#,0,B,x,
Bb7/9+/5+,x.5.6.6.7.6,1,1,1,5,1,0,5,5,7,2,True,False,x,,5,D,6,G#,6,C#,7,F#,6,A#
Bb7/F,1.1.3.1.3.1,3,1,1,6,0,0,6,1,3,2,True,False,1,F,1,A#,3,F,1,G#,3,D,1,F
Bb7add11+,6.7.6.7.6.6,2,1,1,6,0,0,6,6,7,1,True,False,6,A#,7,E,6,G#,7,D,6,F,6,A#
Bb7add13,6.8.6.7.8.6,1,1,1,6,0,0,6,6,8,2,True,False,6,A#,8,F,6,G#,7,D,8,G,6,A#
Bb7add13,6.8.6.7.8.x,1,1,2,5,1,0,5,6,8,2,True,False,6,A#,8,F,6,G#,7,D,8,G,x,
Bb7add13,6.x.6.7.8.6,1,1,3,5,1,0,5,6,8,2,True,False,6,A#,x,,6,G#,7,D,8,G,6,A#
Bb7b5,x.1.x.1.1.0,2,1,1,4,2,1,3,1,1,0,True,False,x,,1,A#,x,,1,G#,1,C,0,E
Bb7Bbm/5-/E,x.x.2.3.2.x,1,1,1,3,3,0,3,2,3,1,True,False,x,,x,,2,E,3,A#,2,C#,x,
Bb7M,x.1.3.2.3.1,94,12,1,5,1,0,5,1,3,2,True,False,x,,1,A#,3,F,2,A,3,D,1,F
Bb7M,x.1.0.2.3.1,12,2,2,5,1,1,4,1,3,2,True,False,x,,1,A#,0,D,2,A,3,D,1,F
Bb7M,6.x.x.7.6.5,8,2,3,4,2,0,4,5,7,2,True,False,6,A#,x,,x,,7,D,6,F,5,A
Bb7M,x.1.3.2.3.x,5,2,4,4,2,0,4,1,3,2,True,False,x,,1,A#,3,F,2,A,3,D,x,
Bb7M,6.x.7.7.6.x,4,4,5,4,2,0,4,6,7,1,True,False,6,A#,x,,7,A,7,D,6,F,x,
Bb7M,1.1.3.2.3.1,4,3,6,6,0,0,6,1,3,2,True,False,1,F,1,A#,3,F,2,A,3,D,1,F
Bb7M,6.5.3.2.x.x,2,1,7,4,2,0,4,2,6,4,True,False,6,A#,5,D,3,F,2,A,x,,x,
Bb7M,6.x.7.7.x.x,1,1,8,3,3,0,3,6,7,1,True,False,6,A#,x,,7,A,7,D,x,,x,
Bb7M,10.x.8.10.10.x,1,1,9,4,2,0,4,8,10,2,True,False,10,D,x,,8,A#,10,F,10,A,x,
Bb7M,x.x.8.10.10.10,1,1,10,4,2,0,4,8,10,2,True,False,x,,x,,8,A#,10,F,10,A,10,D
Bb7M,6.x.8.7.6.5,1,1,11,5,1,0,5,5,8,3,True,False,6,A#,x,,8,A#,7,D,6,F,5,A
Bb7M,x.1.3.3.3.5,1,1,12,5,1,0,5,1,5,4,True,False,x,,1,A#,3,F,3,A#,3,D,5,A
Bb7M,6.8.x.7.10.x,1,1,13,4,2,0,4,6,10,4,True,False,6,A#,8,F,x,,7,D,10,A,x,
Bb7M/Bb,x.x.8.10.10.10,6,1,1,4,2,0,4,8,10,2,True,False,x,,x,,8,A#,10,F,10,A,10,D
Bb7M/E,0.1.3.2.3.1,1,1,1,6,0,1,5,1,3,2,True,False,0,E,1,A#,3,F,2,A,3,D,1,F
Bb7M9,x.1.0.2.1.1,1,1,1,5,1,1,4,1,2,1,True,False,x,,1,A#,0,D,2,A,1,C,1,F
Bb7sus4,6.6.6.8.6.6,17,1,1,6,0,0,6,6,8,2,True,False,6,A#,6,D#,6,G#,8,D#,6,F,6,A#
Bb7sus4,x.1.1.1.4.1,7,1,2,5,1,0,5,1,4,3,True,False,x,,1,A#,1,D#,1,G#,4,D#,1,F
Bb7sus4,6.8.6.8.6.6,2,1,3,6,0,0,6,6,8,2,True,False,6,A#,8,F,6,G#,8,D#,6,F,6,A#
Bb7sus4,6.8.6.8.6.x,2,1,4,5,1,0,5,6,8,2,True,False,6,A#,8,F,6,G#,8,D#,6,F,x,
Bb9,6.x.6.5.3.x,2,1,1,4,2,0,4,3,6,3,True,False,6,A#,x,,6,G#,5,C,3,D,x,
Bb9,1.1.0.1.1.1,1,1,2,6,0,1,5,1,1,0,True,False,1,F,1,A#,0,D,1,G#,1,C,1,F
Bb9 (NR),x.5.6.5.6.0,5,1,1,5,1,1,4,5,6,1,True,False,x,,5,D,6,G#,5,C,6,F,0,E
Bbadd11+,x.1.3.3.3.0,2,1,1,5,1,1,4,1,3,2,True,False,x,,1,A#,3,F,3,A#,3,D,0,E
Bbadd11+,6.8.8.7.x.0,1,1,2,5,1,1,4,6,8,2,True,True,6,A#,8,F,8,A#,7,D,x,,0,E
Bbadd11+,6.8.8.7.5.x,1,1,3,5,1,0,5,5,8,3,True,False,6,A#,8,F,8,A#,7,D,5,E,x,
Bbadd9,x.1.x.5.3.1,5,1,1,4,2,0,4,1,5,4,True,False,x,,1,A#,x,,5,C,3,D,1,F
Bbadd9,x.1.0.3.1.1,1,1,2,5,1,1,4,1,3,2,True,False,x,,1,A#,0,D,3,A#,1,C,1,F
Bbadd9,6.8.10.7.6.x,1,1,3,5,1,0,5,6,10,4,True,False,6,A#,8,F,10,C,7,D,6,F,x,
Bbadd9/D,x.x.0.3.1.1,1,1,1,4,2,1,3,1,3,2,True,False,x,,x,,0,D,3,A#,1,C,1,F
Bbadd9/F,13.15.15.15.15.x,12,2,1,5,1,0,5,13,15,2,True,False,13,F,15,C,15,F,15,A#,15,D,x,
Bbdim,x.x.5.6.5.6,6,2,1,4,2,0,4,5,6,1,True,False,x,,x,,5,G,6,C#,5,E,6,A#
Bbdim,3.4.5.3.5.3,5,1,2,6,0,0,6,3,5,2,True,False,3,G,4,C#,5,G,3,A#,5,E,3,G
Bbdim,x.1.2.0.2.x,4,1,3,4,2,1,3,1,2,1,True,False,x,,1,A#,2,E,0,G,2,C#,x,
Bbdim,0.1.2.0.2.0,2,1,4,6,0,3,3,1,2,1,True,False,0,E,1,A#,2,E,0,G,2,C#,0,E
Bbdim,x.1.2.3.2.3,2,1,5,5,1,0,5,1,3,2,True,False,x,,1,A#,2,E,3,A#,2,C#,3,G
Bbdim,x.1.2.0.2.0,1,1,6,5,1,2,3,1,2,1,True,False,x,,1,A#,2,E,0,G,2,C#,0,E
Bbdim,6.x.5.6.5.x,1,1,7,4,2,0,4,5,6,1,True,False,6,A#,x,,5,G,6,C#,5,E,x,
Bbdim,0.1.2.0.2.3,1,1,8,6,0,2,4,1,3,2,True,False,0,E,1,A#,2,E,0,G,2,C#,3,G
Bbdim,3.1.2.0.2.0,1,1,9,6,0,2,4,1,3,2,True,False,3,G,1,A#,2,E,0,G,2,C#,0,E
Bbdim/A,x.0.5.6.5.6,5,1,1,5,1,1,4,5,6,1,True,False,x,,0,A,5,G,6,C#,5,E,6,A#
Bbm,x.1.3.3.2.1,20,4,1,5,1,0,5,1,3,2,True,False,x,,1,A#,3,F,3,A#,2,C#,1,F
Bbm,6.8.8.6.6.6,18,7,2,6,0,0,6,6,8,2,True,False,6,A#,8,F,8,A#,6,C#,6,F,6,A#
Bbm,x.x.8.6.6.6,7,1,3,4,2,0,4,6,8,2,True,False,x,,x,,8,A#,6,C#,6,F,6,A#
Bbm,x.x.3.3.2.1,4,2,4,4,2,0,4,1,3,2,True,False,x,,x,,3,F,3,A#,2,C#,1,F
Bbm,6.0.0.6.6.6,2,2,5,6,0,2,4,6,6,0,True,True,6,A#,0,A,0,D,6,C#,6,F,6,A#
Bbm,x.x.3.3.2.x,2,2,6,3,3,0,3,2,3,1,True,False,x,,x,,3,F,3,A#,2,C#,x,
Bbm,x.1.3.3.2.x,2,1,7,4,2,0,4,1,3,2,True,False,x,,1,A#,3,F,3,A#,2,C#,x,
Bbm,x.x.x.6.6.6,1,1,8,3,3,0,3,6,6,0,True,False,x,,x,,x,,6,C#,6,F,6,A#
Bbm,x.x.x.10.11.9,1,1,9,3,3,0,3,9,11,2,True,False,x,,x,,x,,10,F,11,A#,9,C#
Bbm/5-,x.1.2.x.2.x,3,1,1,3,3,0,3,1,2,1,True,False,x,,1,A#,2,E,x,,2,C#,x,
Bbm/5-,x.1.x.x.2.0,1,1,2,3,3,1,2,1,2,1,True,False,x,,1,A#,x,,x,,2,C#,0,E
Bbm/A,x.x.0.6.6.6,2,2,1,4,2,1,3,6,6,0,True,True,x,,x,,0,D,6,C#,6,F,6,A#
Bbm/Ab,4.x.x.6.6.6,2,2,1,4,2,0,4,4,6,2,True,False,4,G#,x,,x,,6,C#,6,F,6,A#
Bbm/F,1.1.3.3.2.1,1,1,1,6,0,0,6,1,3,2,True,False,1,F,1,A#,3,F,3,A#,2,C#,1,F
Bbm/G,3.x.x.6.6.6,2,2,1,4,2,0,4,3,6,3,True,False,3,G,x,,x,,6,C#,6,F,6,A#
Bbm/G,x.x.5.6.6.6,1,1,2,4,2,0,4,5,6,1,True,False,x,,x,,5,G,6,C#,6,F,6,A#
BbM13,6.x.7.7.8.x,1,1,1,4,2,0,4,6,8,2,True,False,6,A#,x,,7,A,7,D,8,G,x,
Bbm6,6.x.5.6.6.x,6,2,1,4,2,0,4,5,6,1,True,False,6,A#,x,,5,G,6,C#,6,F,x,
Bbm6,x.1.3.0.2.1,2,1,2,5,1,1,4,1,3,2,True,False,x,,1,A#,3,F,0,G,2,C#,1,F
Bbm6add9,6.x.x.6.8.8,1,1,1,4,2,0,4,6,8,2,True,False,6,A#,x,,x,,6,C#,8,G,8,C
Bbm7,x.1.3.1.2.1,12,5,1,5,1,0,5,1,3,2,True,False,x,,1,A#,3,F,1,G#,2,C#,1,F
Bbm7,6.8.6.6.6.6,4,2,2,6,0,0,6,6,8,2,True,False,6,A#,8,F,6,G#,6,C#,6,F,6,A#
Bbm7,6.0.6.6.6.0,2,2,3,6,0,2,4,6,6,0,True,True,6,A#,0,A,6,G#,6,C#,6,F,0,E
Bbm7,6.x.6.6.6.x,2,2,4,4,2,0,4,6,6,0,True,False,6,A#,x,,6,G#,6,C#,6,F,x,
Bbm7,6.8.6.6.6.x,2,1,5,5,1,0,5,6,8,2,True,False,6,A#,8,F,6,G#,6,C#,6,F,x,
Bbm7,x.x.6.6.6.6,1,1,6,4,2,0,4,6,6,0,True,False,x,,x,,6,G#,6,C#,6,F,6,A#
Bbm7/5+,x.1.4.1.2.1,1,1,1,5,1,0,5,1,4,3,True,False,x,,1,A#,4,F#,1,G#,2,C#,1,F
Bbm7/Eb,x.6.6.6.6.x,1,1,1,4,2,0,4,6,6,0,True,False,x,,6,D#,6,G#,6,C#,6,F,x,
Bbm9,6.3.6.6.6.6,3,2,1,6,0,0,6,3,6,3,True,False,6,A#,3,C,6,G#,6,C#,6,F,6,A#
Bbm9,x.x.6.6.6.8,2,1,2,4,2,0,4,6,8,2,True,False,x,,x,,6,G#,6,C#,6,F,8,C
Bbmaj7,x.1.3.2.3.1,16,2,1,5,1,0,5,1,3,2,True,False,x,,1,A#,3,F,2,A,3,D,1,F
Bbmaj7,6.x.7.7.6.x,4,1,2,4,2,0,4,6,7,1,True,False,6,A#,x,,7,A,7,D,6,F,x,
Bbmaj7,x.1.3.2.3.x,1,1,3,4,2,0,4,1,3,2,True,False,x,,1,A#,3,F,2,A,3,D,x,
Bbmaj7/D,x.x.0.3.6.5,2,1,1,4,2,1,3,3,6,3,True,False,x,,x,,0,D,3,A#,6,F,5,A
BbMaj9,6.x.5.7.6.x,1,1,1,4,2,0,4,5,7,2,True,False,6,A#,x,,5,G,7,D,6,F,x,
Bbmaj9,6.x.7.5.3.x,2,1,1,4,2,0,4,3,7,4,True,False,6,A#,x,,7,A,5,C,3,D,x,
BbMaj9,6.x.7.5.6.x,1,1,2,4,2,0,4,5,7,2,True,False,6,A#,x,,7,A,5,C,6,F,x,
Bbsus2,x.1.3.3.1.1,20,6,1,5,1,0,5,1,3,2,True,False,x,,1,A#,3,F,3,A#,1,C,1,F
Bbsus2,x.1.x.x.1.1,1,1,2,3,3,0,3,1,1,0,True,False,x,,1,A#,x,,x,,1,C,1,F
Bbsus4,x.1.3.3.4.x,105,1,1,4,2,0,4,1,4,3,True,False,x,,1,A#,3,F,3,A#,4,D#,x,
Bbsus4,x.x.1.3.4.1,7,1,2,4,2,0,4,1,4,3,True,False,x,,x,,1,D#,3,A#,4,D#,1,F
Bbsus4/F,1.1.3.3.4.1,1,1,1,6,0,0,6,1,4,3,True,False,1,F,1,A#,3,F,3,A#,4,D#,1,F
Bdim,x.2.0.1.0.1,104,4,1,5,1,2,3,1,2,1,True,False,x,,2,B,0,D,1,G#,0,B,1,F
Bdim,x.2.3.1.3.x,11,7,2,4,2,0,4,1,3,2,True,False,x,,2,B,3,F,1,G#,3,D,x,
Bdim,x.x.0.1.0.1,3,1,3,4,2,2,2,1,1,0,True,False,x,,x,,0,D,1,G#,0,B,1,F
Bdim,x.x.9.10.9.10,2,2,4,4,2,0,4,9,10,1,True,False,x,,x,,9,B,10,F,9,G#,10,D
Bdim,x.x.3.4.3.4,1,1,5,4,2,0,4,3,4,1,True,False,x,,x,,3,F,4,B,3,D,4,G#
Bdim,7.x.6.7.6.7,1,1,6,5,1,0,5,6,7,1,True,False,7,B,x,,6,G#,7,D,6,F,7,B
Bdim,7.x.6.7.6.x,1,1,7,4,2,0,4,6,7,1,True,False,7,B,x,,6,G#,7,D,6,F,x,
Bdim7,8.x.7.8.x.x,2,1,1,3,3,0,3,7,8,1,True,False,8,C,x,,7,A,8,D#,x,,x,
Bdim7,7.x.6.7.6.0,1,1,2,5,1,1,4,6,7,1,True,True,7,B,x,,6,G#,7,D,6,F,0,E
Bm,x.2.4.4.3.2,1619,207,1,5,1,0,5,2,4,2,True,False,x,,2,B,4,F#,4,B,3,D,2,F#
Bm,x.2.0.4.3.2,661,42,2,5,1,1,4,2,4,2,True,False,x,,2,B,0,D,4,B,3,D,2,F#
Bm,7.9.9.7.7.7,234,24,3,6,0,0,6,7,9,2,True,False,7,B,9,F#,9,B,7,D,7,F#,7,B
Bm,x.2.4.4.3.x,94,26,4,4,2,0,4,2,4,2,True,False,x,,2,B,4,F#,4,B,3,D,x,
Bm,x.x.x.4.3.2,81,6,5,3,3,0,3,2,4,2,True,False,x,,x,,x,,4,B,3,D,2,F#
Bm,2.2.4.4.3.2,78,21,6,6,0,0,6,2,4,2,True,False,2,F#,2,B,4,F#,4,B,3,D,2,F#
Bm,x.x.4.4.3.2,59,14,7,4,2,0,4,2,4,2,True,False,x,,x,,4,F#,4,B,3,D,2,F#
Bm,x.x.0.4.3.2,36,3,8,4,2,1,3,2,4,2,True,False,x,,x,,0,D,4,B,3,D,2,F#
Bm,x.2.x.x.3.x,26,9,9,2,4,0,2,2,3,1,True,False,x,,2,B,x,,x,,3,D,x,
Bm,x.x.9.7.7.7,18,6,10,4,2,0,4,7,9,2,True,False,x,,x,,9,B,7,D,7,F#,7,B
Bm,x.x.x.7.7.7,14,5,11,3,3,0,3,7,7,0,True,False,x,,x,,x,,7,D,7,F#,7,B
Bm,x.2.x.4.3.2,11,5,12,4,2,0,4,2,4,2,True,False,x,,2,B,x,,4,B,3,D,2,F#
Bm,x.2.0.x.0.2,10,3,13,4,2,2,2,2,2,0,True,False,x,,2,B,0,D,x,,0,B,2,F#
Bm,x.x.4.4.3.x,8,2,14,3,3,0,3,3,4,1,True,False,x,,x,,4,F#,4,B,3,D,x,
Bm,4.4.3.2.x.x,8,1,15,4,2,0,4,2,4,2,True,False,4,G#,4,C#,3,F,2,A,x,,x,
Bm,x.x.9.7.7.10,8,2,16,4,2,0,4,7,10,3,True,False,x,,x,,9,B,7,D,7,F#,10,D
Bm,x.2.4.x.3.2,7,4,17,4,2,0,4,2,4,2,True,False,x,,2,B,4,F#,x,,3,D,2,F#
Bm,x.14.12.11.12.x,7,1,18,4,2,0,4,11,14,3,True,False,x,,14,B,12,D,11,F#,12,B,x,
Bm,7.x.4.7.0.7,6,1,19,5,1,1,4,4,7,3,True,False,7,B,x,,4,F#,7,D,0,B,7,B
Bm,x.5.4.4.x.x,5,2,20,3,3,0,3,4,5,1,True,False,x,,5,D,4,F#,4,B,x,,x,
Bm,7.5.0.7.x.x,5,1,21,4,2,1,3,5,7,2,True,False,7,B,5,D,0,D,7,D,x,,x,
Bm,x.x.x.7.x.7,4,1,22,2,4,0,2,7,7,0,True,False,x,,x,,x,,7,D,x,,7,B
Bm,x.2.0.x.3.2,4,1,23,4,2,1,3,2,3,1,True,False,x,,2,B,0,D,x,,3,D,2,F#
Bm,2.2.4.4.3.x,4,2,24,5,1,0,5,2,4,2,True,False,2,F#,2,B,4,F#,4,B,3,D,x,
Bm,x.2.4.x.3.x,4,2,25,3,3,0,3,2,4,2,True,False,x,,2,B,4,F#,x,,3,D,x,
Bm,7.5.4.4.x.x,4,1,26,4,2,0,4,4,7,3,True,False,7,B,5,D,4,F#,4,B,x,,x,
Bm,7.9.9.7.7.10,4,2,27,6,0,0,6,7,10,3,True,False,7,B,9,F#,9,B,7,D,7,F#,10,D
Bm,7.x.x.7.7.7,3,3,28,4,2,0,4,7,7,0,True,False,7,B,x,,x,,7,D,7,F#,7,B
Bm,x.2.4.2.3.2,3,1,29,5,1,0,5,2,4,2,True,False,x,,2,B,4,F#,2,A,3,D,2,F#
Bm,x.x.x.4.3.x,2,2,30,2,4,0,2,3,4,1,True,False,x,,x,,x,,4,B,3,D,x,
Bm,2.x.4.4.3.2,2,1,31,5,1,0,5,2,4,2,True,False,2,F#,x,,4,F#,4,B,3,D,2,F#
Bm,x.2.x.4.3.x,2,2,32,3,3,0,3,2,4,2,True,False,x,,2,B,x,,4,B,3,D,x,
Bm,7.9.9.7.x.x,2,1,33,4,2,0,4,7,9,2,True,False,7,B,9,F#,9,B,7,D,x,,x,
Bm,x.x.x.x.12.10,2,2,34,2,4,0,2,10,12,2,True,False,x,,x,,x,,x,,12,B,10,D
Bm,x.x.21.19.x.19,2,1,35,3,3,0,3,19,21,2,True,False,x,,x,,21,B,19,D,x,,19,B
Bm,x.2.4.2.3.5,2,1,36,5,1,0,5,2,5,3,True,False,x,,2,B,4,F#,2,A,3,D,5,A
Bm,7.9.x.7.7.10,2,1,37,5,1,0,5,7,10,3,True,False,7,B,9,F#,x,,7,D,7,F#,10,D
Bm,x.x.9.11.12.10,2,1,38,4,2,0,4,9,12,3,True,False,x,,x,,9,B,11,F#,12,B,10,D
Bm,0.2.2.0.0.0,1,1,39,6,0,4,2,2,2,0,True,False,0,E,2,B,2,E,0,G,0,B,0,E
Bm,7.x.x.7.x.x,1,1,40,2,4,0,2,7,7,0,True,False,7,B,x,,x,,7,D,x,,x,
Bm,x.2.x.x.3.2,1,1,41,3,3,0,3,2,3,1,True,False,x,,2,B,x,,x,,3,D,2,F#
Bm,x.x.9.x.0.10,1,1,42,3,3,1,2,9,10,1,True,True,x,,x,,9,B,x,,0,B,10,D
Bm,x.x.12.11.0.x,1,1,43,3,3,1,2,11,12,1,True,True,x,,x,,12,D,11,F#,0,B,x,
Bm,2.2.4.x.3.2,1,1,44,5,1,0,5,2,4,2,True,False,2,F#,2,B,4,F#,x,,3,D,2,F#
Bm,2.x.4.4.3.x,1,1,45,4,2,0,4,2,4,2,True,False,2,F#,x,,4,F#,4,B,3,D,x,
Bm,2.x.x.4.3.2,1,1,46,4,2,0,4,2,4,2,True,False,2,F#,x,,x,,4,B,3,D,2,F#
Bm,x.2.0.4.3.x,1,1,47,4,2,1,3,2,4,2,True,False,x,,2,B,0,D,4,B,3,D,x,
Bm,0.7.5.0.0.7,1,1,48,6,0,3,3,5,7,2,True,False,0,E,7,E,5,G,0,G,0,B,7,B
Bm,7.x.9.7.7.7,1,1,49,5,1,0,5,7,9,2,True,False,7,B,x,,9,B,7,D,7,F#,7,B
Bm,7.x.9.7.7.x,1,1,50,4,2,0,4,7,9,2,True,False,7,B,x,,9,B,7,D,7,F#,x,
Bm,9.7.9.7.7.x,1,1,51,5,1,0,5,7,9,2,True,False,9,C#,7,E,9,B,7,D,7,F#,x,
Bm,x.9.9.7.7.7,1,1,52,5,1,0,5,7,9,2,True,False,x,,9,F#,9,B,7,D,7,F#,7,B
Bm,7.5.4.4.7.7,1,1,53,6,0,0,6,4,7,3,True,False,7,B,5,D,4,F#,4,B,7,F#,7,B
Bm,7.x.9.7.x.10,1,1,54,4,2,0,4,7,10,3,True,False,7,B,x,,9,B,7,D,x,,10,D
Bm,7.x.x.7.7.10,1,1,55,4,2,0,4,7,10,3,True,False,7,B,x,,x,,7,D,7,F#,10,D
Bm (add11),x.2.4.4.3.0,1,1,1,5,1,1,4,2,4,2,True,False,x,,2,B,4,F#,4,B,3,D,0,E
Bm (II),x.2.4.4.3.2,2,1,1,5,1,0,5,2,4,2,True,False,x,,2,B,4,F#,4,B,3,D,2,F#
Bm 7,x.2.0.4.3.2,1,1,1,5,1,1,4,2,4,2,True,False,x,,2,B,0,D,4,B,3,D,2,F#
Bm(addC#),x.2.4.4.2.2,1,1,1,5,1,0,5,2,4,2,True,False,x,,2,B,4,F#,4,B,2,C#,2,F#
Bm(maj7),x.x.8.7.x.x,4,2,1,2,4,0,2,7,8,1,True,False,x,,x,,8,A#,7,D,x,,x,
Bm(no5),x.2.x.4.3.x,3,1,1,3,3,0,3,2,4,2,True,False,x,,2,B,x,,4,B,3,D,x,
Bm-5,x.x.0.4.3.x,3,1,1,3,3,1,2,3,4,1,True,False,x,,x,,0,D,4,B,3,D,x,
Bm-5,x.x.x.4.3.x,1,1,2,2,4,0,2,3,4,1,True,False,x,,x,,x,,4,B,3,D,x,
Bm/5+,x.2.x.0.3.x,12,4,1,3,3,1,2,2,3,1,True,False,x,,2,B,x,,0,G,3,D,x,
Bm/5+,x.2.0.0.0.3,2,1,2,5,1,3,2,2,3,1,True,False,x,,2,B,0,D,0,G,0,B,3,G
Bm/5+,x.2.0.0.3.x,2,2,3,4,2,2,2,2,3,1,True,False,x,,2,B,0,D,0,G,3,D,x,
Bm/5+,3.x.0.0.0.x,1,1,4,4,2,3,1,3,3,0,True,False,3,G,x,,0,D,0,G,0,B,x,
Bm/5-,7.8.9.7.x.x,6,1,1,4,2,0,4,7,9,2,True,False,7,B,8,F,9,B,7,D,x,,x,
Bm/5-,x.x.9.10.0.10,3,1,2,4,2,1,3,9,10,1,True,True,x,,x,,9,B,10,F,0,B,10,D
Bm/5-,x.2.3.4.3.1,2,1,3,5,1,0,5,1,4,3,True,False,x,,2,B,3,F,4,B,3,D,1,F
Bm/5-,x.x.x.7.6.7,1,1,4,3,3,0,3,6,7,1,True,False,x,,x,,x,,7,D,6,F,7,B
Bm/5-,x.2.3.4.3.x,1,1,5,4,2,0,4,2,4,2,True,False,x,,2,B,3,F,4,B,3,D,x,
Bm/5-,x.5.x.7.6.7,1,1,6,4,2,0,4,5,7,2,True,False,x,,5,D,x,,7,D,6,F,7,B
Bm/5-,x.x.12.10.12.10,1,1,7,4,2,0,4,10,12,2,True,False,x,,x,,12,D,10,F,12,B,10,D
Bm/5-,x.x.x.4.3.1,1,1,8,3,3,0,3,1,4,3,True,False,x,,x,,x,,4,B,3,D,1,F
Bm/A,x.0.4.4.3.2,7,2,1,5,1,1,4,2,4,2,True,False,x,,0,A,4,F#,4,B,3,D,2,F#
Bm/A,x.0.0.4.3.2,3,1,2,5,1,2,3,2,4,2,True,False,x,,0,A,0,D,4,B,3,D,2,F#
Bm/A,x.x.7.7.7.7,1,1,3,4,2,0,4,7,7,0,True,False,x,,x,,7,A,7,D,7,F#,7,B
Bm/A,x.0.4.4.3.x,1,1,4,4,2,1,3,3,4,1,True,False,x,,0,A,4,F#,4,B,3,D,x,
Bm/A,x.x.x.14.12.10,1,1,5,3,3,0,3,10,14,4,True,False,x,,x,,x,,14,A,12,B,10,D
Bm/C#,x.4.4.4.0.2,1,1,1,5,1,1,4,2,4,2,True,False,x,,4,C#,4,F#,4,B,0,B,2,F#
Bm/D,x.5.4.4.x.x,1,1,1,3,3,0,3,4,5,1,True,False,x,,5,D,4,F#,4,B,x,,x,
Bm/D,x.x.0.4.3.2,1,1,2,4,2,1,3,2,4,2,True,False,x,,x,,0,D,4,B,3,D,2,F#
Bm/D,x.5.4.4.0.2,1,1,3,5,1,1,4,2,5,3,True,False,x,,5,D,4,F#,4,B,0,B,2,F#
Bm/E,x.7.9.7.7.x,1,1,1,4,2,0,4,7,9,2,True,False,x,,7,E,9,B,7,D,7,F#,x,
Bm/F#,2.2.4.4.3.2,42,6,1,6,0,0,6,2,4,2,True,False,2,F#,2,B,4,F#,4,B,3,D,2,F#
Bm/F#,x.x.4.4.3.x,30,1,2,3,3,0,3,3,4,1,True,False,x,,x,,4,F#,4,B,3,D,x,
Bm/F#,2.2.0.x.x.x,1,1,3,3,3,1,2,2,2,0,True,False,2,F#,2,B,0,D,x,,x,,x,
Bm/F#,x.x.4.4.3.2,1,1,4,4,2,0,4,2,4,2,True,False,x,,x,,4,F#,4,B,3,D,2,F#
Bm/G,3.x.4.4.3.x,4,1,1,4,2,0,4,3,4,1,True,False,3,G,x,,4,F#,4,B,3,D,x,
Bm/G,x.x.5.7.7.7,1,1,2,4,2,0,4,5,7,2,True,False,x,,x,,5,G,7,D,7,F#,7,B
Bm/G,x.x.5.4.3.2,1,1,3,4,2,0,4,2,5,3,True,False,x,,x,,5,G,4,B,3,D,2,F#
Bm/G#,x.x.6.7.7.7,8,3,1,4,2,0,4,6,7,1,True,False,x,,x,,6,G#,7,D,7,F#,7,B
Bm/G#,4.2.4.4.3.2,1,1,2,6,0,0,6,2,4,2,True,False,4,G#,2,B,4,F#,4,B,3,D,2,F#
Bm11,7.7.x.7.7.9,3,1,1,5,1,0,5,7,9,2,True,False,7,B,7,E,x,,7,D,7,F#,9,C#
Bm6,x.2.0.1.0.2,4,1,1,5,1,2,3,1,2,1,True,False,x,,2,B,0,D,1,G#,0,B,2,F#
Bm6,x.x.6.7.x.x,4,2,2,2,4,0,2,6,7,1,True,False,x,,x,,6,G#,7,D,x,,x,
Bm6,x.x.0.1.0.2,2,1,3,4,2,2,2,1,2,1,True,False,x,,x,,0,D,1,G#,0,B,2,F#
Bm6,7.x.6.7.7.7,1,1,4,5,1,0,5,6,7,1,True,False,7,B,x,,6,G#,7,D,7,F#,7,B
Bm6,7.9.9.7.9.7,1,1,5,6,0,0,6,7,9,2,True,False,7,B,9,F#,9,B,7,D,9,G#,7,B
Bm6,x.x.9.11.9.10,1,1,6,4,2,0,4,9,11,2,True,False,x,,x,,9,B,11,F#,9,G#,10,D
Bm6/G#,x.x.6.7.7.7,1,1,1,4,2,0,4,6,7,1,True,False,x,,x,,6,G#,7,D,7,F#,7,B
bm7,2.2.4.2.3.2,20,1,1,6,0,0,6,2,4,2,True,False,2,F#,2,B,4,F#,2,A,3,D,2,F#
Bm7,x.2.4.2.3.2,230,40,1,5,1,0,5,2,4,2,True,False,x,,2,B,4,F#,2,A,3,D,2,F#
Bm7,x.2.0.2.0.2,54,9,2,5,1,2,3,2,2,0,True,False,x,,2,B,0,D,2,A,0,B,2,F#
Bm7,7.x.7.7.7.x,32,5,3,4,2,0,4,7,7,0,True,False,7,B,x,,7,A,7,D,7,F#,x,
Bm7,x.x.4.x.0.5,21,1,4,3,3,1,2,4,5,1,True,False,x,,x,,4,F#,x,,0,B,5,A
Bm7,x.2.0.2.3.x,16,3,5,4,2,1,3,2,3,1,True,False,x,,2,B,0,D,2,A,3,D,x,
Bm7,x.2.4.2.3.5,15,5,6,5,1,0,5,2,5,3,True,False,x,,2,B,4,F#,2,A,3,D,5,A
Bm7,x.2.x.2.3.x,13,3,7,3,3,0,3,2,3,1,True,False,x,,2,B,x,,2,A,3,D,x,
Bm7,2.2.4.2.3.2,11,7,8,6,0,0,6,2,4,2,True,False,2,F#,2,B,4,F#,2,A,3,D,2,F#
Bm7,x.x.4.4.3.5,10,2,9,4,2,0,4,3,5,2,True,False,x,,x,,4,F#,4,B,3,D,5,A
Bm7,x.x.7.7.x.x,8,2,10,2,4,0,2,7,7,0,True,False,x,,x,,7,A,7,D,x,,x,
Bm7,x.2.x.2.3.2,8,2,11,4,2,0,4,2,3,1,True,False,x,,2,B,x,,2,A,3,D,2,F#
Bm7,x.2.4.2.3.x,8,2,12,4,2,0,4,2,4,2,True,False,x,,2,B,4,F#,2,A,3,D,x,
Bm7,x.x.7.7.7.x,7,2,13,3,3,0,3,7,7,0,True,False,x,,x,,7,A,7,D,7,F#,x,
Bm7,7.9.7.7.x.x,6,1,14,4,2,0,4,7,9,2,True,False,7,B,9,F#,7,A,7,D,x,,x,
Bm7,2.2.4.2.3.x,5,3,15,5,1,0,5,2,4,2,True,False,2,F#,2,B,4,F#,2,A,3,D,x,
Bm7,7.9.7.7.7.7,5,3,16,6,0,0,6,7,9,2,True,False,7,B,9,F#,7,A,7,D,7,F#,7,B
Bm7,x.2.0.2.0.x,4,1,17,4,2,2,2,2,2,0,True,False,x,,2,B,0,D,2,A,0,B,x,
Bm7,2.2.4.x.3.2,4,1,18,5,1,0,5,2,4,2,True,False,2,F#,2,B,4,F#,x,,3,D,2,F#
Bm7,x.2.4.4.3.2,4,1,19,5,1,0,5,2,4,2,True,False,x,,2,B,4,F#,4,B,3,D,2,F#
Bm7,x.x.7.7.7.7,3,1,20,4,2,0,4,7,7,0,True,False,x,,x,,7,A,7,D,7,F#,7,B
Bm7,7.x.7.7.10.x,3,1,21,4,2,0,4,7,10,3,True,False,7,B,x,,7,A,7,D,10,A,x,
Bm7,7.x.7.7.7.7,2,2,22,5,1,0,5,7,7,0,True,False,7,B,x,,7,A,7,D,7,F#,7,B
Bm7,7.0.0.7.7.5,2,1,23,6,0,2,4,5,7,2,True,False,7,B,0,A,0,D,7,D,7,F#,5,A
Bm7,7.0.9.7.7.7,2,1,24,6,0,1,5,7,9,2,True,True,7,B,0,A,9,B,7,D,7,F#,7,B
Bm7,7.9.7.7.7.x,2,1,25,5,1,0,5,7,9,2,True,False,7,B,9,F#,7,A,7,D,7,F#,x,
Bm7,x.9.7.7.x.x,2,1,26,3,3,0,3,7,9,2,True,False,x,,9,F#,7,A,7,D,x,,x,
Bm7,x.x.9.7.10.10,2,1,27,4,2,0,4,7,10,3,True,False,x,,x,,9,B,7,D,10,A,10,D
Bm7,x.x.9.7.10.7,2,2,28,4,2,0,4,7,10,3,True,False,x,,x,,9,B,7,D,10,A,7,B
Bm7,x.x.x.7.10.7,2,1,29,3,3,0,3,7,10,3,True,False,x,,x,,x,,7,D,10,A,7,B
Bm7,x.x.x.4.3.5,1,1,30,3,3,0,3,3,5,2,True,False,x,,x,,x,,4,B,3,D,5,A
Bm7,x.9.7.7.7.7,1,1,31,5,1,0,5,7,9,2,True,False,x,,9,F#,7,A,7,D,7,F#,7,B
Bm7,x.2.x.4.3.5,1,1,32,4,2,0,4,2,5,3,True,False,x,,2,B,x,,4,B,3,D,5,A
Bm7,x.5.4.2.0.x,1,1,33,4,2,1,3,2,5,3,True,False,x,,5,D,4,F#,2,A,0,B,x,
Bm7,7.x.9.7.10.7,1,1,34,5,1,0,5,7,10,3,True,False,7,B,x,,9,B,7,D,10,A,7,B
Bm7,7.x.x.7.10.7,1,1,35,4,2,0,4,7,10,3,True,False,7,B,x,,x,,7,D,10,A,7,B
Bm7#5,x.2.4.0.3.0,2,1,1,5,1,2,3,2,4,2,True,False,x,,2,B,4,F#,0,G,3,D,0,E
Bm7/5+,x.2.0.2.3.3,2,1,1,5,1,1,4,2,3,1,True,False,x,,2,B,0,D,2,A,3,D,3,G
Bm7/5+,x.2.x.2.3.3,1,1,2,4,2,0,4,2,3,1,True,False,x,,2,B,x,,2,A,3,D,3,G
Bm7/5+,x.2.5.2.3.x,1,1,3,4,2,0,4,2,5,3,True,False,x,,2,B,5,G,2,A,3,D,x,
Bm7/5+(7),7.x.7.7.8.x,12,1,1,4,2,0,4,7,8,1,True,False,7,B,x,,7,A,7,D,8,G,x,
Bm7/5+/D#,x.6.7.7.8.7,1,1,1,5,1,0,5,6,8,2,True,False,x,,6,D#,7,A,7,D,8,G,7,B
Bm7/5-,x.2.0.2.3.1,20,3,1,5,1,1,4,1,3,2,True,False,x,,2,B,0,D,2,A,3,D,1,F
Bm7/5-,7.x.7.7.6.x,9,1,2,4,2,0,4,6,7,1,True,False,7,B,x,,7,A,7,D,6,F,x,
Bm7/5-,x.2.x.2.3.1,8,1,3,4,2,0,4,1,3,2,True,False,x,,2,B,x,,2,A,3,D,1,F
Bm7/5-,x.2.3.2.3.x,4,3,4,4,2,0,4,2,3,1,True,False,x,,2,B,3,F,2,A,3,D,x,
Bm7/5-,x.x.9.10.10.10,1,1,5,4,2,0,4,9,10,1,True,False,x,,x,,9,B,10,F,10,A,10,D
Bm7/5b,7.x.7.7.6.x,7,1,1,4,2,0,4,6,7,1,True,False,7,B,x,,7,A,7,D,6,F,x,
Bm7/5b,x.2.3.2.3.x,1,1,2,4,2,0,4,2,3,1,True,False,x,,2,B,3,F,2,A,3,D,x,
Bm7/A,x.0.4.4.3.x,11,1,1,4,2,1,3,3,4,1,True,False,x,,0,A,4,F#,4,B,3,D,x,
Bm7/A,5.x.4.0.3.x,4,2,2,4,2,1,3,3,5,2,True,False,5,A,x,,4,F#,0,G,3,D,x,
Bm7/b5,x.2.3.2.3.0,1,1,1,5,1,1,4,2,3,1,True,False,x,,2,B,3,F,2,A,3,D,0,E
Bm7/E,0.x.7.7.7.7,1,1,1,5,1,1,4,7,7,0,True,True,0,E,x,,7,A,7,D,7,F#,7,B
Bm7/F#,2.x.4.2.3.0,4,1,1,5,1,1,4,2,4,2,True,False,2,F#,x,,4,F#,2,A,3,D,0,E
Bm7/F#,x.x.4.4.3.5,1,1,2,4,2,0,4,3,5,2,True,False,x,,x,,4,F#,4,B,3,D,5,A
Bm711,7.x.7.7.5.x,1,1,1,4,2,0,4,5,7,2,True,False,7,B,x,,7,A,7,D,5,E,x,
Bm75b,7.x.7.7.6.0,1,1,1,5,1,1,4,6,7,1,True,True,7,B,x,,7,A,7,D,6,F,0,E
Bm79,x.2.0.2.2.2,3,1,1,5,1,1,4,2,2,0,True,False,x,,2,B,0,D,2,A,2,C#,2,F#
Bm7add11,7.x.7.7.0.0,22,5,1,5,1,2,3,7,7,0,True,True,7,B,x,,7,A,7,D,0,B,0,E
Bm7add11,x.2.x.2.3.0,7,2,2,4,2,1,3,2,3,1,True,False,x,,2,B,x,,2,A,3,D,0,E
Bm7add11,0.0.4.4.3.0,3,1,3,6,0,3,3,3,4,1,True,False,0,E,0,A,4,F#,4,B,3,D,0,E
Bm7add11,7.x.7.7.5.x,3,2,4,4,2,0,4,5,7,2,True,False,7,B,x,,7,A,7,D,5,E,x,
Bm7add11,7.0.7.7.5.x,2,1,5,5,1,1,4,5,7,2,True,False,7,B,0,A,7,A,7,D,5,E,x,
Bm7add11,7.7.7.7.7.7,1,1,6,6,0,0,6,7,7,0,True,False,7,B,7,E,7,A,7,D,7,F#,7,B
Bm7add11,x.0.x.4.3.0,1,1,7,4,2,2,2,3,4,1,True,False,x,,0,A,x,,4,B,3,D,0,E
Bm7add11,x.x.9.9.10.10,1,1,8,4,2,0,4,9,10,1,True,False,x,,x,,9,B,9,E,10,A,10,D
Bm7add11/5-,0.2.3.2.3.0,1,1,1,6,0,2,4,2,3,1,True,False,0,E,2,B,3,F,2,A,3,D,0,E
Bm7add13-,x.2.4.0.3.5,2,1,1,5,1,1,4,2,5,3,True,False,x,,2,B,4,F#,0,G,3,D,5,A
Bm7add4,7.x.7.7.0.0,10,2,1,5,1,2,3,7,7,0,True,True,7,B,x,,7,A,7,D,0,B,0,E
Bm7b5,x.2.3.2.3.1,2,1,1,5,1,0,5,1,3,2,True,False,x,,2,B,3,F,2,A,3,D,1,F
Bm7b5/E,0.2.x.2.3.1,1,1,1,5,1,1,4,1,3,2,True,False,0,E,2,B,x,,2,A,3,D,1,F
Bm7b5/E,0.x.3.4.3.5,1,1,2,5,1,1,4,3,5,2,True,False,0,E,x,,3,F,4,B,3,D,5,A
Bm7M,x.2.4.3.3.2,7,2,1,5,1,0,5,2,4,2,True,False,x,,2,B,4,F#,3,A#,3,D,2,F#
Bm7M,x.x.0.3.0.2,1,1,2,4,2,2,2,2,3,1,True,False,x,,x,,0,D,3,A#,0,B,2,F#
Bm7M,2.2.4.3.3.2,1,1,3,6,0,0,6,2,4,2,True,False,2,F#,2,B,4,F#,3,A#,3,D,2,F#
Bm7M11,7.7.8.7.7.9,1,1,1,6,0,0,6,7,9,2,True,False,7,B,7,E,8,A#,7,D,7,F#,9,C#
Bm9,x.2.0.2.2.2,8,2,1,5,1,1,4,2,2,0,True,False,x,,2,B,0,D,2,A,2,C#,2,F#
Bm9,5.5.4.6.x.x,1,1,2,4,2,0,4,4,6,2,True,False,5,A,5,D,4,F#,6,C#,x,,x,
Bm9,7.x.7.7.7.9,1,1,3,5,1,0,5,7,9,2,True,False,7,B,x,,7,A,7,D,7,F#,9,C#
Bm9,5.2.4.6.3.2,1,1,4,6,0,0,6,2,6,4,True,False,5,A,2,B,4,F#,6,C#,3,D,2,F#
Bm9-,8.x.10.7.10.7,1,1,1,5,1,0,5,7,10,3,True,False,8,C,x,,10,C,7,D,10,A,7,B
Bmadd11,7.7.9.7.7.7,3,2,1,6,0,0,6,7,9,2,True,False,7,B,7,E,9,B,7,D,7,F#,7,B
Bmadd11,x.2.2.4.3.2,2,2,2,5,1,0,5,2,4,2,True,False,x,,2,B,2,E,4,B,3,D,2,F#
Bmadd11,x.2.4.4.3.0,1,1,3,5,1,1,4,2,4,2,True,False,x,,2,B,4,F#,4,B,3,D,0,E
Bmadd11,x.2.x.4.3.0,1,1,4,4,2,1,3,2,4,2,True,False,x,,2,B,x,,4,B,3,D,0,E
Bmadd11,7.5.0.7.7.0,1,1,5,6,0,2,4,5,7,2,True,False,7,B,5,D,0,D,7,D,7,F#,0,E
Bmadd11,7.7.9.7.7.10,1,1,6,6,0,0,6,7,10,3,True,False,7,B,7,E,9,B,7,D,7,F#,10,D
Bmadd11/5+,x.2.0.0.3.0,13,3,1,5,1,3,2,2,3,1,True,False,x,,2,B,0,D,0,G,3,D,0,E
Bmadd11/5+,x.2.5.4.3.0,2,1,2,5,1,1,4,2,5,3,True,False,x,,2,B,5,G,4,B,3,D,0,E
Bmadd11/5+,x.2.x.0.3.0,1,1,3,4,2,2,2,2,3,1,True,False,x,,2,B,x,,0,G,3,D,0,E
Bmadd11/A,x.0.4.4.3.0,6,2,1,5,1,2,3,3,4,1,True,False,x,,0,A,4,F#,4,B,3,D,0,E
Bmadd11/C#,x.4.2.4.3.2,3,1,1,5,1,0,5,2,4,2,True,False,x,,4,C#,2,E,4,B,3,D,2,F#
Bmadd13-,x.2.0.0.3.2,15,1,1,5,1,2,3,2,3,1,True,False,x,,2,B,0,D,0,G,3,D,2,F#
Bmadd4/F#,x.x.4.x.3.0,1,1,1,3,3,1,2,3,4,1,True,False,x,,x,,4,F#,x,,3,D,0,E
Bmadd9,x.2.0.4.2.2,12,4,1,5,1,1,4,2,4,2,True,False,x,,2,B,0,D,4,B,2,C#,2,F#
Bmadd9,x.x.9.7.7.9,1,1,2,4,2,0,4,7,9,2,True,False,x,,x,,9,B,7,D,7,F#,9,C#
Bmadd9,7.9.11.7.7.x,1,1,3,5,1,0,5,7,11,4,True,False,7,B,9,F#,11,C#,7,D,7,F#,x,
Bmadd9-,x.x.0.5.7.7,5,2,1,4,2,1,3,5,7,2,True,False,x,,x,,0,D,5,C,7,F#,7,B
Bmadd9-,x.x.x.7.0.8,1,1,2,3,3,1,2,7,8,1,True,True,x,,x,,x,,7,D,0,B,8,C
Bmadd9-/5-,x.5.x.5.6.7,1,1,1,4,2,0,4,5,7,2,True,False,x,,5,D,x,,5,C,6,F,7,B
Bmadd9-/D,x.x.0.5.7.7,4,2,1,4,2,1,3,5,7,2,True,False,x,,x,,0,D,5,C,7,F#,7,B
Bmi 6,7.9.9.x.9.7,1,1,1,5,1,0,5,7,9,2,True,False,7,B,9,F#,9,B,x,,9,G#,7,B
Bmin,x.2.4.4.3.2,8,1,1,5,1,0,5,2,4,2,True,False,x,,2,B,4,F#,4,B,3,D,2,F#
Bmsus4,x.1.3.4.2.x,2,2,1,4,2,0,4,1,4,3,True,False,x,,1,A#,3,F,4,B,2,C#,x,
brush (t),0.7.6.6.7.7,15,1,1,6,0,1,5,6,7,1,True,True,0,E,7,E,6,G#,6,C#,7,F#,7,B
brush (t),0.2.2.1.0.0,12,1,2,6,0,3,3,1,2,1,True,False,0,E,2,B,2,E,1,G#,0,B,0,E
brush (t),6.7.6.7.6.7,12,1,3,6,0,0,6,6,7,1,True,False,6,A#,7,E,6,G#,7,D,6,F,7,B
brush (t),0.4.4.2.5.x,12,1,4,5,1,1,4,2,5,3,True,False,0,E,4,C#,4,F#,2,A,5,E,x,
brush (t),0.7.5.7.0.7,10,1,5,6,0,2,4,5,7,2,True,False,0,E,7,E,5,G,7,D,0,B,7,B
brush (t),x.0.5.4.2.0,7,4,6,5,1,2,3,2,5,3,True,False,x,,0,A,5,G,4,B,2,C#,0,E
brush (t),7.x.7.7.7.x,6,3,7,4,2,0,4,7,7,0,True,False,7,B,x,,7,A,7,D,7,F#,x,
brush (t),5.6.5.6.5.6,6,1,8,6,0,0,6,5,6,1,True,False,5,A,6,D#,5,G,6,C#,5,E,6,A#
brush (t),2.4.4.4.5.5,6,1,9,6,0,0,6,2,5,3,True,False,2,F#,4,C#,4,F#,4,B,5,E,5,A
brush (t),x.0.11.11.10.0,5,1,10,5,1,2,3,10,11,1,True,True,x,,0,A,11,C#,11,F#,10,A,0,E
brush (t),0.7.5.7.0.0,4,1,11,6,0,3,3,5,7,2,True,False,0,E,7,E,5,G,7,D,0,B,0,E
brush (t),x.8.6.7.0.9,4,1,12,5,1,1,4,6,9,3,True,True,x,,8,F,6,G#,7,D,0,B,9,C#
brush (t),0.7.6.7.7.7,3,2,13,6,0,1,5,6,7,1,True,True,0,E,7,E,6,G#,7,D,7,F#,7,B
brush (t),0.5.6.5.7.7,3,1,14,6,0,1,5,5,7,2,True,False,0,E,5,D,6,G#,5,C,7,F#,7,B
brush (t),0.5.7.7.7.7,3,1,15,6,0,1,5,5,7,2,True,False,0,E,5,D,7,A,7,D,7,F#,7,B
brush (t),x.0.7.7.5.5,3,2,16,5,1,1,4,5,7,2,True,False,x,,0,A,7,A,7,D,5,E,5,A
brush (t),0.12.12.11.10.10,3,1,17,6,0,1,5,10,12,2,True,True,0,E,12,A,12,D,11,F#,10,A,10,D
brush (t),0.7.6.6.7.9,3,1,18,6,0,1,5,6,9,3,True,True,0,E,7,E,6,G#,6,C#,7,F#,9,C#
brush (t),0.7.6.7.9.9,3,1,19,6,0,1,5,6,9,3,True,True,0,E,7,E,6,G#,7,D,9,G#,9,C#
brush (t),x.3.x.3.3.2,2,1,20,4,2,0,4,2,3,1,True,False,x,,3,C,x,,3,A#,3,D,2,F#
brush (t),9.x.8.9.x.9,2,1,21,4,2,0,4,8,9,1,True,False,9,C#,x,,8,A#,9,E,x,,9,C#
brush (t),x.0.11.12.11.12,2,1,22,5,1,1,4,11,12,1,True,True,x,,0,A,11,C#,12,G,11,A#,12,E
brush (t),x.0.5.6.7.5,2,1,23,5,1,1,4,5,7,2,True,False,x,,0,A,5,G,6,C#,7,F#,5,A
brush (t),x.0.7.6.5.5,2,1,24,5,1,1,4,5,7,2,True,False,x,,0,A,7,A,6,C#,5,E,5,A
brush (t),x.0.7.9.9.9,2,1,25,5,1,1,4,7,9,2,True,True,x,,0,A,7,A,9,E,9,G#,9,C#
brush (t),x.0.11.12.10.0,2,1,26,5,1,2,3,10,12,2,True,True,x,,0,A,11,C#,12,G,10,A,0,E
brush (t),x.4.2.4.5.5,2,1,27,5,1,0,5,2,5,3,True,False,x,,4,C#,2,E,4,B,5,E,5,A
brush (t),x.0.7.6.7.9,2,1,28,5,1,1,4,6,9,3,True,True,x,,0,A,7,A,6,C#,7,F#,9,C#
brush (t),x.0.11.9.10.12,2,1,29,5,1,1,4,9,12,3,True,True,x,,0,A,11,C#,9,E,10,A,12,E
brush (t),x.3.x.3.3.0,1,1,30,4,2,1,3,3,3,0,True,False,x,,3,C,x,,3,A#,3,D,0,E
brush (t),x.2.1.2.1.1,1,1,31,5,1,0,5,1,2,1,True,False,x,,2,B,1,D#,2,A,1,C,1,F
brush (t),x.3.2.3.3.0,1,1,32,5,1,1,4,2,3,1,True,False,x,,3,C,2,E,3,A#,3,D,0,E
brush (t),7.7.7.8.7.7,1,1,33,6,0,0,6,7,8,1,True,False,7,B,7,E,7,A,8,D#,7,F#,7,B
brush (t),0.9.8.8.9.9,1,1,34,6,0,1,5,8,9,1,True,True,0,E,9,F#,8,A#,8,D#,9,G#,9,C#
brush (t),x.x.8.9.8.9,1,1,35,4,2,0,4,8,9,1,True,False,x,,x,,8,A#,9,E,8,G,9,C#
brush (t),x.0.11.11.10.x,1,1,36,4,2,1,3,10,11,1,True,True,x,,0,A,11,C#,11,F#,10,A,x,
brush (t),x.0.11.11.12.x,1,1,37,4,2,1,3,11,12,1,True,True,x,,0,A,11,C#,11,F#,12,B,x,
brush (t),0.1.2.3.3.3,1,1,38,6,0,1,5,1,3,2,True,False,0,E,1,A#,2,E,3,A#,3,D,3,G
brush (t),x.0.6.6.5.4,1,1,39,5,1,1,4,4,6,2,True,False,x,,0,A,6,G#,6,C#,5,E,4,G#
brush (t),x.2.1.2.4.4,1,1,40,5,1,0,5,1,4,3,True,False,x,,2,B,1,D#,2,A,4,D#,4,G#
brush (t),0.x.10.11.9.12,1,1,41,5,1,1,4,9,12,3,True,True,0,E,x,,10,C,11,F#,9,G#,12,E
brush (t),0.11.12.13.14.x,1,1,42,5,1,1,4,11,14,3,True,True,0,E,11,G#,12,D,13,G#,14,C#,x,
brush (t),x.x.11.13.14.14,1,1,43,4,2,0,4,11,14,3,True,False,x,,x,,11,C#,13,G#,14,C#,14,F#
brush(23),8.x.7.0.8.8,12,3,1,5,1,1,4,7,8,1,True,True,8,C,x,,7,A,0,G,8,G,8,C
brush(23),6.x.5.0.6.6,9,3,2,5,1,1,4,5,6,1,True,False,6,A#,x,,5,G,0,G,6,F,6,A#
brush(23),3.x.2.0.3.3,6,3,3,5,1,1,4,2,3,1,True,False,3,G,x,,2,E,0,G,3,D,3,G
brush(23),3.x.2.0.3.x,6,3,4,4,2,1,3,2,3,1,True,False,3,G,x,,2,E,0,G,3,D,x,
brush(23),8.7.8.0.x.x,6,3,5,4,2,1,3,7,8,1,True,True,8,C,7,E,8,A#,0,G,x,,x,
brush(23),0.4.5.3.5.0,6,3,6,6,0,2,4,3,5,2,True,False,0,E,4,C#,5,G,3,A#,5,E,0,E
brush(23),7.6.7.4.x.x,6,3,7,4,2,0,4,4,7,3,True,False,7,B,6,D#,7,A,4,B,x,,x,
brush(23),0.1.0.1.2.2,3,3,8,6,0,2,4,1,2,1,True,False,0,E,1,A#,0,D,1,G#,2,C#,2,F#
brush(23),x.0.11.11.10.0,2,1,9,5,1,2,3,10,11,1,True,True,x,,0,A,11,C#,11,F#,10,A,0,E
brush(23),x.8.6.7.0.9,2,1,10,5,1,1,4,6,9,3,True,True,x,,8,F,6,G#,7,D,0,B,9,C#
brush(23),x.0.11.12.10.0,1,1,11,5,1,2,3,10,12,2,True,True,x,,0,A,11,C#,12,G,10,A,0,E
brush(t),0.4.5.3.5.0,18,4,1,6,0,2,4,3,5,2,True,False,0,E,4,C#,5,G,3,A#,5,E,0,E
brush(t),0.3.4.2.5.0,15,4,2,6,0,2,4,2,5,3,True,False,0,E,3,C,4,F#,2,A,5,E,0,E
brush(t),8.x.7.0.8.8,12,3,3,5,1,1,4,7,8,1,True,True,8,C,x,,7,A,0,G,8,G,8,C
brush(t),1.1.0.1.1.0,9,1,4,6,0,2,4,1,1,0,True,False,1,F,1,A#,0,D,1,G#,1,C,0,E
brush(t),3.x.2.0.3.3,6,3,5,5,1,1,4,2,3,1,True,False,3,G,x,,2,E,0,G,3,D,3,G
brush(t),3.x.2.0.3.x,6,3,6,4,2,1,3,2,3,1,True,False,3,G,x,,2,E,0,G,3,D,x,
brush(t),8.7.8.0.x.x,6,3,7,4,2,1,3,7,8,1,True,True,8,C,7,E,8,A#,0,G,x,,x,
brush(t),7.6.7.4.x.x,6,3,8,4,2,0,4,4,7,3,True,False,7,B,6,D#,7,A,4,B,x,,x,
brush(t),0.7.6.7.9.9,4,1,9,6,0,1,5,6,9,3,True,True,0,E,7,E,6,G#,7,D,9,G#,9,C#
brush(t),7.x.7.7.7.7,3,3,10,5,1,0,5,7,7,0,True,False,7,B,x,,7,A,7,D,7,F#,7,B
brush(t),10.x.10.10.10.10,3,3,11,5,1,0,5,10,10,0,True,False,10,D,x,,10,C,10,F,10,A,10,D
brush(t),0.2.2.1.x.x,3,3,12,4,2,1,3,1,2,1,True,False,0,E,2,B,2,E,1,G#,x,,x,
brush(t),1.2.1.2.1.2,3,1,13,6,0,0,6,1,2,1,True,False,1,F,2,B,1,D#,2,A,1,C,2,F#
brush(t),0.4.5.4.0.0,3,3,14,6,0,3,3,4,5,1,True,False,0,E,4,C#,5,G,4,B,0,B,0,E
brush(t),0.7.6.7.7.7,3,1,15,6,0,1,5,6,7,1,True,True,0,E,7,E,6,G#,7,D,7,F#,7,B
Bsus2,x.2.4.4.2.2,89,10,1,5,1,0,5,2,4,2,True,False,x,,2,B,4,F#,4,B,2,C#,2,F#
Bsus2,x.2.4.4.2.x,17,2,2,4,2,0,4,2,4,2,True,False,x,,2,B,4,F#,4,B,2,C#,x,
Bsus2,2.2.4.4.2.2,10,3,3,6,0,0,6,2,4,2,True,False,2,F#,2,B,4,F#,4,B,2,C#,2,F#
Bsus2,x.2.4.x.2.2,10,1,4,4,2,0,4,2,4,2,True,False,x,,2,B,4,F#,x,,2,C#,2,F#
Bsus2,2.4.4.4.x.x,6,1,5,4,2,0,4,2,4,2,True,False,2,F#,4,C#,4,F#,4,B,x,,x,
Bsus2,x.2.4.6.x.x,4,1,6,3,3,0,3,2,6,4,True,False,x,,2,B,4,F#,6,C#,x,,x,
Bsus2,2.2.x.4.2.x,3,1,7,4,2,0,4,2,4,2,True,False,2,F#,2,B,x,,4,B,2,C#,x,
Bsus2,x.x.4.4.2.2,2,1,8,4,2,0,4,2,4,2,True,False,x,,x,,4,F#,4,B,2,C#,2,F#
Bsus2,x.x.x.16.14.14,1,1,9,3,3,0,3,14,16,2,True,False,x,,x,,x,,16,B,14,C#,14,F#
Bsus2/5+,x.2.5.4.2.3,1,1,1,5,1,0,5,2,5,3,True,False,x,,2,B,5,G,4,B,2,C#,3,G
Bsus2/5+,x.4.x.0.0.7,1,1,2,4,2,2,2,4,7,3,True,False,x,,4,C#,x,,0,G,0,B,7,B
Bsus2/A,x.0.4.4.2.x,1,1,1,4,2,1,3,2,4,2,True,False,x,,0,A,4,F#,4,B,2,C#,x,
Bsus2/F,x.8.9.6.7.x,1,1,1,4,2,0,4,6,9,3,True,False,x,,8,F,9,B,6,C#,7,F#,x,
Bsus2/G#,4.x.4.4.2.x,3,1,1,4,2,0,4,2,4,2,True,False,4,G#,x,,4,F#,4,B,2,C#,x,
Bsus2add11+,9.9.9.10.12.x,3,1,1,5,1,0,5,9,12,3,True,False,9,C#,9,F#,9,B,10,F,12,B,x,
Bsus4,x.2.4.4.5.2,43,9,1,5,1,0,5,2,5,3,True,False,x,,2,B,4,F#,4,B,5,E,2,F#
Bsus4,x.2.4.4.0.0,25,6,2,5,1,2,3,2,4,2,True,False,x,,2,B,4,F#,4,B,0,B,0,E
Bsus4,x.2.2.4.5.2,17,3,3,5,1,0,5,2,5,3,True,False,x,,2,B,2,E,4,B,5,E,2,F#
Bsus4,7.7.9.9.7.7,14,4,4,6,0,0,6,7,9,2,True,False,7,B,7,E,9,B,9,E,7,F#,7,B
Bsus4,x.2.4.4.5.x,13,5,5,4,2,0,4,2,5,3,True,False,x,,2,B,4,F#,4,B,5,E,x,
Bsus4,x.2.4.x.0.0,12,2,6,4,2,2,2,2,4,2,True,False,x,,2,B,4,F#,x,,0,B,0,E
Bsus4,7.9.9.x.0.0,9,1,7,5,1,2,3,7,9,2,True,True,7,B,9,F#,9,B,x,,0,B,0,E
Bsus4,x.x.4.4.5.x,5,2,8,3,3,0,3,4,5,1,True,False,x,,x,,4,F#,4,B,5,E,x,
Bsus4,7.9.9.9.7.7,2,2,9,6,0,0,6,7,9,2,True,False,7,B,9,F#,9,B,9,E,7,F#,7,B
Bsus4,0.7.9.11.x.x,2,1,10,4,2,1,3,7,11,4,True,True,0,E,7,E,9,B,11,F#,x,,x,
Bsus4,2.2.2.x.x.2,1,1,11,4,2,0,4,2,2,0,True,False,2,F#,2,B,2,E,x,,x,,2,F#
Bsus4,x.2.2.x.x.x,1,1,12,2,4,0,2,2,2,0,True,False,x,,2,B,2,E,x,,x,,x,
Bsus4,x.2.4.4.x.0,1,1,13,4,2,1,3,2,4,2,True,False,x,,2,B,4,F#,4,B,x,,0,E
Bsus4,7.x.9.9.7.7,1,1,14,5,1,0,5,7,9,2,True,False,7,B,x,,9,B,9,E,7,F#,7,B
Bsus4,x.x.9.9.7.7,1,1,15,4,2,0,4,7,9,2,True,False,x,,x,,9,B,9,E,7,F#,7,B
Bsus4,x.x.9.9.7.x,1,1,16,3,3,0,3,7,9,2,True,False,x,,x,,9,B,9,E,7,F#,x,
Bsus4,2.2.4.4.5.2,1,1,17,6,0,0,6,2,5,3,True,False,2,F#,2,B,4,F#,4,B,5,E,2,F#
Bsus4(7),7.7.10.10.7.7,1,1,1,6,0,0,6,7,10,3,True,False,7,B,7,E,10,C,10,F,7,F#,7,B
Bsus4/5-,x.x.3.4.6.0,1,1,1,4,2,1,3,3,6,3,True,False,x,,x,,3,F,4,B,6,F,0,E
Bsus4/5-,0.7.3.4.0.0,1,1,2,6,0,3,3,3,7,4,True,False,0,E,7,E,3,F,4,B,0,B,0,E
Bsus4/A,x.0.9.9.7.0,1,1,1,5,1,2,3,7,9,2,True,True,x,,0,A,9,B,9,E,7,F#,0,E
Bsus4/A,x.0.9.9.7.x,1,1,2,4,2,1,3,7,9,2,True,True,x,,0,A,9,B,9,E,7,F#,x,
Bsus4add13/E,0.x.x.9.9.7,1,1,1,4,2,1,3,7,9,2,True,True,0,E,x,,x,,9,E,9,G#,7,B
Bsus4add9-/5+,0.2.5.5.0.0,1,1,1,6,0,3,3,2,5,3,True,False,0,E,2,B,5,G,5,C,0,B,0,E
bush (t),0.7.6.7.9.9,1,1,1,6,0,1,5,6,9,3,True,True,0,E,7,E,6,G#,7,D,9,G#,9,C#
C,x.3.2.0.1.0,7389,720,1,5,1,2,3,1,3,2,True,False,x,,3,C,2,E,0,G,1,C,0,E
C,x.3.5.5.5.3,747,103,2,5,1,0,5,3,5,2,True,False,x,,3,C,5,G,5,C,5,E,3,G
C,8.10.10.9.8.8,377,65,3,6,0,0,6,8,10,2,True,False,8,C,10,G,10,C,9,E,8,G,8,C
C,x.3.2.0.1.x,366,79,4,4,2,1,3,1,3,2,True,False,x,,3,C,2,E,0,G,1,C,x,
C,x.3.2.0.1.3,243,57,5,5,1,1,4,1,3,2,True,False,x,,3,C,2,E,0,G,1,C,3,G
C,0.3.2.0.1.0,189,31,6,6,0,3,3,1,3,2,True,False,0,E,3,C,2,E,0,G,1,C,0,E
C,3.3.2.0.1.0,169,40,7,6,0,2,4,1,3,2,True,False,3,G,3,C,2,E,0,G,1,C,0,E
C,x.3.5.5.5.x,119,29,8,4,2,0,4,3,5,2,True,False,x,,3,C,5,G,5,C,5,E,x,
C,x.x.10.9.8.8,99,16,9,4,2,0,4,8,10,2,True,False,x,,x,,10,C,9,E,8,G,8,C
C,3.3.5.5.5.3,58,20,10,6,0,0,6,3,5,2,True,False,3,G,3,C,5,G,5,C,5,E,3,G
C,5.5.5.3.x.x,57,1,11,4,2,0,4,3,5,2,True,False,5,A,5,D,5,G,3,A#,x,,x,
C,x.x.x.0.1.0,55,7,12,3,3,2,1,1,1,0,True,False,x,,x,,x,,0,G,1,C,0,E
C,x.3.x.0.5.x,55,5,13,3,3,1,2,3,5,2,True,False,x,,3,C,x,,0,G,5,E,x,
C,x.3.2.0.x.x,52,14,14,3,3,1,2,2,3,1,True,False,x,,3,C,2,E,0,G,x,,x,
C,x.x.2.0.1.0,51,12,15,4,2,2,2,1,2,1,True,False,x,,x,,2,E,0,G,1,C,0,E
C,x.3.x.0.1.0,51,18,16,4,2,2,2,1,3,2,True,False,x,,3,C,x,,0,G,1,C,0,E
C,x.x.2.0.1.3,41,5,17,4,2,1,3,1,3,2,True,False,x,,x,,2,E,0,G,1,C,3,G
C,x.x.x.9.8.8,37,7,18,3,3,0,3,8,9,1,True,False,x,,x,,x,,9,E,8,G,8,C
C,3.3.2.0.1.3,34,7,19,6,0,1,5,1,3,2,True,False,3,G,3,C,2,E,0,G,1,C,3,G
C,x.x.5.5.5.3,33,3,20,4,2,0,4,3,5,2,True,False,x,,x,,5,G,5,C,5,E,3,G
C,x.3.2.x.1.x,27,9,21,3,3,0,3,1,3,2,True,False,x,,3,C,2,E,x,,1,C,x,
C,3.x.2.0.1.0,24,4,22,5,1,2,3,1,3,2,True,False,3,G,x,,2,E,0,G,1,C,0,E
C,x.x.2.x.1.x,23,3,23,2,4,0,2,1,2,1,True,False,x,,x,,2,E,x,,1,C,x,
C,x.3.5.0.5.x,20,4,24,4,2,1,3,3,5,2,True,False,x,,3,C,5,G,0,G,5,E,x,
C,3.3.2.0.x.x,19,1,25,4,2,1,3,2,3,1,True,False,3,G,3,C,2,E,0,G,x,,x,
C,x.x.2.0.1.x,18,5,26,3,3,1,2,1,2,1,True,False,x,,x,,2,E,0,G,1,C,x,
C,3.3.2.x.1.3,17,1,27,5,1,0,5,1,3,2,True,False,3,G,3,C,2,E,x,,1,C,3,G
C,x.3.2.x.1.0,16,8,28,4,2,1,3,1,3,2,True,False,x,,3,C,2,E,x,,1,C,0,E
C,x.3.x.x.5.x,16,3,29,2,4,0,2,3,5,2,True,False,x,,3,C,x,,x,,5,E,x,
C,x.3.2.x.x.x,15,9,30,2,4,0,2,2,3,1,True,False,x,,3,C,2,E,x,,x,,x,
C,3.x.2.x.1.3,14,4,31,4,2,0,4,1,3,2,True,False,3,G,x,,2,E,x,,1,C,3,G
C,x.x.x.5.5.3,13,6,32,3,3,0,3,3,5,2,True,False,x,,x,,x,,5,C,5,E,3,G
C,x.x.x.x.1.0,12,5,33,2,4,1,1,1,1,0,True,False,x,,x,,x,,x,,1,C,0,E
C,x.x.x.12.13.12,12,3,34,3,3,0,3,12,13,1,True,False,x,,x,,x,,12,G,13,C,12,E
C,x.3.2.x.1.3,12,6,35,4,2,0,4,1,3,2,True,False,x,,3,C,2,E,x,,1,C,3,G
C,x.x.10.9.8.x,11,5,36,3,3,0,3,8,10,2,True,False,x,,x,,10,C,9,E,8,G,x,
C,x.x.5.5.5.8,11,4,37,4,2,0,4,5,8,3,True,False,x,,x,,5,G,5,C,5,E,8,C
C,x.3.x.0.1.3,10,2,38,4,2,1,3,1,3,2,True,False,x,,3,C,x,,0,G,1,C,3,G
C,8.10.10.9.x.x,10,1,39,4,2,0,4,8,10,2,True,False,8,C,10,G,10,C,9,E,x,,x,
C,8.x.10.9.8.8,10,3,40,5,1,0,5,8,10,2,True,False,8,C,x,,10,C,9,E,8,G,8,C
C,x.x.x.5.8.0,10,1,41,3,3,1,2,5,8,3,True,False,x,,x,,x,,5,C,8,G,0,E
C,x.x.x.0.1.x,9,4,42,2,4,1,1,1,1,0,True,False,x,,x,,x,,0,G,1,C,x,
C,x.x.5.5.5.x,9,6,43,3,3,0,3,5,5,0,True,False,x,,x,,5,G,5,C,5,E,x,
C,3.3.5.5.x.x,9,4,44,4,2,0,4,3,5,2,True,False,3,G,3,C,5,G,5,C,x,,x,
C,x.3.x.5.5.3,9,3,45,4,2,0,4,3,5,2,True,False,x,,3,C,x,,5,C,5,E,3,G
C,8.7.5.5.x.x,9,4,46,4,2,0,4,5,8,3,True,False,8,C,7,E,5,G,5,C,x,,x,
C,x.x.5.5.x.x,8,2,47,2,4,0,2,5,5,0,True,False,x,,x,,5,G,5,C,x,,x,
C,x.3.x.x.1.x,8,3,48,2,4,0,2,1,3,2,True,False,x,,3,C,x,,x,,1,C,x,
C,x.3.5.5.x.3,8,1,49,4,2,0,4,3,5,2,True,False,x,,3,C,5,G,5,C,x,,3,G
C,3.3.5.x.x.x,7,2,50,3,3,0,3,3,5,2,True,False,3,G,3,C,5,G,x,,x,,x,
C,8.x.10.9.8.0,7,2,51,5,1,1,4,8,10,2,True,True,8,C,x,,10,C,9,E,8,G,0,E
C,x.10.10.9.8.x,7,1,52,4,2,0,4,8,10,2,True,False,x,,10,G,10,C,9,E,8,G,x,
C,8.7.x.5.8.0,7,1,53,5,1,1,4,5,8,3,True,False,8,C,7,E,x,,5,C,8,G,0,E
C,3.3.x.x.x.x,6,1,54,2,4,0,2,3,3,0,True,False,3,G,3,C,x,,x,,x,,x,
C,x.3.x.x.x.0,6,4,55,2,4,1,1,3,3,0,True,False,x,,3,C,x,,x,,x,,0,E
C,0.3.2.0.1.3,6,1,56,6,0,2,4,1,3,2,True,False,0,E,3,C,2,E,0,G,1,C,3,G
C,3.3.2.0.1.x,6,3,57,5,1,1,4,1,3,2,True,False,3,G,3,C,2,E,0,G,1,C,x,
C,x.x.0.5.5.3,6,1,58,4,2,1,3,3,5,2,True,False,x,,x,,0,D,5,C,5,E,3,G
C,8.10.x.9.8.8,6,1,59,5,1,0,5,8,10,2,True,False,8,C,10,G,x,,9,E,8,G,8,C
C,x.x.3.x.x.x,5,1,60,1,5,0,1,3,3,0,True,False,x,,x,,3,F,x,,x,,x,
C,x.3.2.0.3.0,5,1,61,5,1,2,3,2,3,1,True,False,x,,3,C,2,E,0,G,3,D,0,E
C,5.5.x.x.x.x,4,1,62,2,4,0,2,5,5,0,True,False,5,A,5,D,x,,x,,x,,x,
C,3.3.x.0.1.0,4,1,63,5,1,2,3,1,3,2,True,False,3,G,3,C,x,,0,G,1,C,0,E
C,3.x.2.0.1.3,4,1,64,5,1,1,4,1,3,2,True,False,3,G,x,,2,E,0,G,1,C,3,G
C,8.10.10.9.x.0,4,1,65,5,1,1,4,8,10,2,True,True,8,C,10,G,10,C,9,E,x,,0,E
C,x.3.2.0.5.3,4,1,66,5,1,1,4,2,5,3,True,False,x,,3,C,2,E,0,G,5,E,3,G
C,x.3.x.x.x.x,3,2,67,1,5,0,1,3,3,0,True,False,x,,3,C,x,,x,,x,,x,
C,x.x.x.5.5.x,3,2,68,2,4,0,2,5,5,0,True,False,x,,x,,x,,5,C,5,E,x,
C,3.x.2.0.1.x,3,3,69,4,2,1,3,1,3,2,True,False,3,G,x,,2,E,0,G,1,C,x,
C,x.3.x.0.1.x,3,1,70,3,3,1,2,1,3,2,True,False,x,,3,C,x,,0,G,1,C,x,
C,8.7.5.5.8.8,3,2,71,6,0,0,6,5,8,3,True,False,8,C,7,E,5,G,5,C,8,G,8,C
C,x.3.x.0.x.0,2,2,72,3,3,2,1,3,3,0,True,False,x,,3,C,x,,0,G,x,,0,E
C,0.3.2.0.x.x,2,2,73,4,2,2,2,2,3,1,True,False,0,E,3,C,2,E,0,G,x,,x,
C,x.3.2.x.x.0,2,1,74,3,3,1,2,2,3,1,True,False,x,,3,C,2,E,x,,x,,0,E
C,8.x.x.9.8.8,2,2,75,4,2,0,4,8,9,1,True,False,8,C,x,,x,,9,E,8,G,8,C
C,x.x.10.9.x.x,2,1,76,2,4,0,2,9,10,1,True,False,x,,x,,10,C,9,E,x,,x,
C,3.3.2.x.1.x,2,2,77,4,2,0,4,1,3,2,True,False,3,G,3,C,2,E,x,,1,C,x,
C,8.x.10.9.8.x,2,2,78,4,2,0,4,8,10,2,True,False,8,C,x,,10,C,9,E,8,G,x,
C,8.x.10.9.x.x,2,1,79,3,3,0,3,8,10,2,True,False,8,C,x,,10,C,9,E,x,,x,
C,x.3.2.5.x.3,2,1,80,4,2,0,4,2,5,3,True,False,x,,3,C,2,E,5,C,x,,3,G
C,x.3.2.5.x.x,2,2,81,3,3,0,3,2,5,3,True,False,x,,3,C,2,E,5,C,x,,x,
C,8.5.x.5.8.8,2,1,82,5,1,0,5,5,8,3,True,False,8,C,5,D,x,,5,C,8,G,8,C
C,x.7.10.x.x.x,2,1,83,2,4,0,2,7,10,3,True,False,x,,7,E,10,C,x,,x,,x,
C,x.x.10.12.13.12,2,2,84,4,2,0,4,10,13,3,True,False,x,,x,,10,C,12,G,13,C,12,E
C,0.3.x.0.x.0,1,1,85,4,2,3,1,3,3,0,True,False,0,E,3,C,x,,0,G,x,,0,E
C,x.3.x.x.x.3,1,1,86,2,4,0,2,3,3,0,True,False,x,,3,C,x,,x,,x,,3,G
C,x.x.x.5.x.x,1,1,87,1,5,0,1,5,5,0,True,False,x,,x,,x,,5,C,x,,x,
C,x.x.x.17.17.x,1,1,88,2,4,0,2,17,17,0,True,False,x,,x,,x,,17,C,17,E,x,
C,3.3.2.x.x.3,1,1,89,4,2,0,4,2,3,1,True,False,3,G,3,C,2,E,x,,x,,3,G
C,3.3.2.x.x.x,1,1,90,3,3,0,3,2,3,1,True,False,3,G,3,C,2,E,x,,x,,x,
C,x.3.2.0.x.0,1,1,91,4,2,2,2,2,3,1,True,False,x,,3,C,2,E,0,G,x,,0,E
C,x.3.2.0.x.3,1,1,92,4,2,1,3,2,3,1,True,False,x,,3,C,2,E,0,G,x,,3,G
C,x.3.2.x.x.3,1,1,93,3,3,0,3,2,3,1,True,False,x,,3,C,2,E,x,,x,,3,G
C,x.x.x.0.13.12,1,1,94,3,3,1,2,12,13,1,True,True,x,,x,,x,,0,G,13,C,12,E
C,x.x.x.x.13.12,1,1,95,2,4,0,2,12,13,1,True,False,x,,x,,x,,x,,13,C,12,E
C,0.3.2.0.1.x,1,1,96,5,1,2,3,1,3,2,True,False,0,E,3,C,2,E,0,G,1,C,x,
C,0.3.x.0.1.3,1,1,97,5,1,2,3,1,3,2,True,False,0,E,3,C,x,,0,G,1,C,3,G
C,3.3.x.0.1.x,1,1,98,4,2,1,3,1,3,2,True,False,3,G,3,C,x,,0,G,1,C,x,
C,3.x.x.0.1.3,1,1,99,4,2,1,3,1,3,2,True,False,3,G,x,,x,,0,G,1,C,3,G
C,x.3.x.x.1.0,1,1,100,3,3,1,2,1,3,2,True,False,x,,3,C,x,,x,,1,C,0,E
C,x.x.2.x.1.3,1,1,101,3,3,0,3,1,3,2,True,False,x,,x,,2,E,x,,1,C,3,G
C,x.2.4.4.3.x,1,1,102,4,2,0,4,2,4,2,True,False,x,,2,B,4,F#,4,B,3,D,x,
C,3.x.5.5.5.x,1,1,103,4,2,0,4,3,5,2,True,False,3,G,x,,5,G,5,C,5,E,x,
C,x.3.5.5.5.0,1,1,104,5,1,1,4,3,5,2,True,False,x,,3,C,5,G,5,C,5,E,0,E
C,x.3.5.5.x.0,1,1,105,4,2,1,3,3,5,2,True,False,x,,3,C,5,G,5,C,x,,0,E
C,x.3.5.x.x.x,1,1,106,2,4,0,2,3,5,2,True,False,x,,3,C,5,G,x,,x,,x,
C,x.3.x.0.5.3,1,1,107,4,2,1,3,3,5,2,True,False,x,,3,C,x,,0,G,5,E,3,G
C,x.3.x.5.5.x,1,1,108,3,3,0,3,3,5,2,True,False,x,,3,C,x,,5,C,5,E,x,
C,x.3.x.5.x.x,1,1,109,2,4,0,2,3,5,2,True,False,x,,3,C,x,,5,C,x,,x,
C,x.x.6.6.6.4,1,1,110,4,2,0,4,4,6,2,True,False,x,,x,,6,G#,6,C#,6,F,4,G#
C,x.7.5.5.5.x,1,1,111,4,2,0,4,5,7,2,True,False,x,,7,E,5,G,5,C,5,E,x,
C,x.7.5.5.x.x,1,1,112,3,3,0,3,5,7,2,True,False,x,,7,E,5,G,5,C,x,,x,
C,x.7.x.5.x.x,1,1,113,2,4,0,2,5,7,2,True,False,x,,7,E,x,,5,C,x,,x,
C,8.10.10.9.x.8,1,1,114,5,1,0,5,8,10,2,True,False,8,C,10,G,10,C,9,E,x,,8,C
C,x.x.10.9.x.8,1,1,115,3,3,0,3,8,10,2,True,False,x,,x,,10,C,9,E,x,,8,C
C,x.x.14.12.13.x,1,1,116,3,3,0,3,12,14,2,True,False,x,,x,,14,E,12,G,13,C,x,
C,x.x.17.17.17.15,1,1,117,4,2,0,4,15,17,2,True,False,x,,x,,17,G,17,C,17,E,15,G
C,20.22.22.21.20.20,1,1,118,6,0,0,6,20,22,2,True,False,20,C,22,G,22,C,21,E,20,G,20,C
C,x.3.2.5.5.x,1,1,119,4,2,0,4,2,5,3,True,False,x,,3,C,2,E,5,C,5,E,x,
C,8.7.5.5.5.8,1,1,120,6,0,0,6,5,8,3,True,False,8,C,7,E,5,G,5,C,5,E,8,C
C,8.7.5.5.5.x,1,1,121,5,1,0,5,5,8,3,True,False,8,C,7,E,5,G,5,C,5,E,x,
C,8.7.5.x.x.x,1,1,122,3,3,0,3,5,8,3,True,False,8,C,7,E,5,G,x,,x,,x,
C,8.x.x.5.5.8,1,1,123,4,2,0,4,5,8,3,True,False,8,C,x,,x,,5,C,5,E,8,C
C,x.7.5.5.8.x,1,1,124,4,2,0,4,5,8,3,True,False,x,,7,E,5,G,5,C,8,G,x,
C,x.x.x.5.5.8,1,1,125,3,3,0,3,5,8,3,True,False,x,,x,,x,,5,C,5,E,8,C
C,8.8.8.10.11.11,1,1,126,6,0,0,6,8,11,3,True,False,8,C,8,F,8,A#,10,F,11,A#,11,D#
C,12.x.10.12.13.0,1,1,127,5,1,1,4,10,13,3,True,True,12,E,x,,10,C,12,G,13,C,0,E
C,8.10.10.9.8.12,1,1,128,6,0,0,6,8,12,4,True,False,8,C,10,G,10,C,9,E,8,G,12,E
C,8.10.x.12.x.12,1,1,129,4,2,0,4,8,12,4,True,False,8,C,10,G,x,,12,G,x,,12,E
C,8.x.10.9.8.12,1,1,130,5,1,0,5,8,12,4,True,False,8,C,x,,10,C,9,E,8,G,12,E
C (G),3.2.0.0.0.3,79,1,1,6,0,3,3,2,3,1,True,False,3,G,2,B,0,D,0,G,0,B,3,G
C (II),x.3.2.0.1.0,1,1,1,5,1,2,3,1,3,2,True,False,x,,3,C,2,E,0,G,1,C,0,E
C (no5),x.3.2.x.1.x,1,1,1,3,3,0,3,1,3,2,True,False,x,,3,C,2,E,x,,1,C,x,
C (normal tune),x.3.2.0.1.0,2,1,1,5,1,2,3,1,3,2,True,False,x,,3,C,2,E,0,G,1,C,0,E
C / B,x.2.5.5.5.x,2,1,1,4,2,0,4,2,5,3,True,False,x,,2,B,5,G,5,C,5,E,x,
C M,0.3.2.0.1.0,1,1,1,6,0,3,3,1,3,2,True,False,0,E,3,C,2,E,0,G,1,C,0,E
C Maj,x.x.5.5.5.x,4,1,1,3,3,0,3,5,5,0,True,False,x,,x,,5,G,5,C,5,E,x,
C VIII,8.10.10.9.8.8,1,1,1,6,0,0,6,8,10,2,True,False,8,C,10,G,10,C,9,E,8,G,8,C
C#,x.4.6.6.6.4,264,28,1,5,1,0,5,4,6,2,True,False,x,,4,C#,6,G#,6,C#,6,F,4,G#
C#,x.4.3.1.2.1,109,15,2,5,1,0,5,1,4,3,True,False,x,,4,C#,3,F,1,G#,2,C#,1,F
C#,x.4.6.6.6.x,105,8,3,4,2,0,4,4,6,2,True,False,x,,4,C#,6,G#,6,C#,6,F,x,
C#,x.5.7.7.7.5,37,1,4,5,1,0,5,5,7,2,True,False,x,,5,D,7,A,7,D,7,F#,5,A
C#,9.11.11.10.9.9,34,11,5,6,0,0,6,9,11,2,True,False,9,C#,11,G#,11,C#,10,F,9,G#,9,C#
C#,x.0.0.2.3.2,26,2,6,5,1,2,3,2,3,1,True,False,x,,0,A,0,D,2,A,3,D,2,F#
C#,x.4.3.x.x.x,12,2,7,2,4,0,2,3,4,1,True,False,x,,4,C#,3,F,x,,x,,x,
C#,x.x.3.1.2.1,11,2,8,4,2,0,4,1,3,2,True,False,x,,x,,3,F,1,G#,2,C#,1,F
C#,x.11.11.10.9.x,10,1,9,4,2,0,4,9,11,2,True,False,x,,11,G#,11,C#,10,F,9,G#,x,
C#,x.x.11.10.9.9,9,3,10,4,2,0,4,9,11,2,True,False,x,,x,,11,C#,10,F,9,G#,9,C#
C#,x.4.3.1.2.x,6,1,11,4,2,0,4,1,4,3,True,False,x,,4,C#,3,F,1,G#,2,C#,x,
C#,x.x.0.2.3.2,4,1,12,4,2,1,3,2,3,1,True,False,x,,x,,0,D,2,A,3,D,2,F#
C#,4.4.6.6.6.4,4,3,13,6,0,0,6,4,6,2,True,False,4,G#,4,C#,6,G#,6,C#,6,F,4,G#
C#,x.x.6.6.6.x,3,1,14,3,3,0,3,6,6,0,True,False,x,,x,,6,G#,6,C#,6,F,x,
C#,x.x.x.1.2.1,3,1,15,3,3,0,3,1,2,1,True,False,x,,x,,x,,1,G#,2,C#,1,F
C#,4.4.x.x.x.x,2,2,16,2,4,0,2,4,4,0,True,False,4,G#,4,C#,x,,x,,x,,x,
C#,x.x.x.11.10.10,2,1,17,3,3,0,3,10,11,1,True,False,x,,x,,x,,11,F#,10,A,10,D
C#,x.4.3.x.2.4,2,1,18,4,2,0,4,2,4,2,True,False,x,,4,C#,3,F,x,,2,C#,4,G#
C#,2.x.0.2.x.x,1,1,19,3,3,1,2,2,2,0,True,False,2,F#,x,,0,D,2,A,x,,x,
C#,1.0.3.2.1.1,1,1,20,6,0,1,5,1,3,2,True,False,1,F,0,A,3,F,2,A,1,C,1,F
C#,x.4.3.x.2.x,1,1,21,3,3,0,3,2,4,2,True,False,x,,4,C#,3,F,x,,2,C#,x,
C#,x.x.x.6.6.4,1,1,22,3,3,0,3,4,6,2,True,False,x,,x,,x,,6,C#,6,F,4,G#
C#,5.5.7.7.x.x,1,1,23,4,2,0,4,5,7,2,True,False,5,A,5,D,7,A,7,D,x,,x,
C#,x.16.18.18.18.16,1,1,24,5,1,0,5,16,18,2,True,False,x,,16,C#,18,G#,18,C#,18,F,16,G#
C#,1.4.x.x.x.x,1,1,25,2,4,0,2,1,4,3,True,False,1,F,4,C#,x,,x,,x,,x,
C#,x.4.x.1.2.1,1,1,26,4,2,0,4,1,4,3,True,False,x,,4,C#,x,,1,G#,2,C#,1,F
C#,2.5.4.x.x.x,1,1,27,3,3,0,3,2,5,3,True,False,2,F#,5,D,4,F#,x,,x,,x,
C#,x.5.4.2.3.x,1,1,28,4,2,0,4,2,5,3,True,False,x,,5,D,4,F#,2,A,3,D,x,
C#,x.x.6.6.9.x,1,1,29,3,3,0,3,6,9,3,True,False,x,,x,,6,G#,6,C#,9,G#,x,
C#/5+,x.4.3.2.2.5,4,1,1,5,1,0,5,2,5,3,True,False,x,,4,C#,3,F,2,A,2,C#,5,A
C#/5+,x.0.11.x.10.x,1,1,2,3,3,1,2,10,11,1,True,True,x,,0,A,11,C#,x,,10,A,x,
C#/5-,x.x.x.0.2.1,2,1,1,3,3,1,2,1,2,1,True,False,x,,x,,x,,0,G,2,C#,1,F
C#/5-/A,x.0.x.0.2.1,1,1,1,4,2,2,2,1,2,1,True,False,x,,0,A,x,,0,G,2,C#,1,F
C#/5-/A,x.0.5.6.6.x,1,1,2,4,2,1,3,5,6,1,True,False,x,,0,A,5,G,6,C#,6,F,x,
C#/5th,4.4.6.6.6.x,1,1,1,5,1,0,5,4,6,2,True,False,4,G#,4,C#,6,G#,6,C#,6,F,x,
C#/A#,6.x.6.6.6.x,1,1,1,4,2,0,4,6,6,0,True,False,6,A#,x,,6,G#,6,C#,6,F,x,
C#/A#,x.x.8.10.9.9,1,1,2,4,2,0,4,8,10,2,True,False,x,,x,,8,A#,10,F,9,G#,9,C#
C#/B,7.4.6.4.x.x,8,1,1,4,2,0,4,4,7,3,True,False,7,B,4,C#,6,G#,4,B,x,,x,
C#/C,8.11.11.x.x.x,1,1,1,3,3,0,3,8,11,3,True,False,8,C,11,G#,11,C#,x,,x,,x,
C#/D,x.x.0.6.6.4,1,1,1,4,2,1,3,4,6,2,True,False,x,,x,,0,D,6,C#,6,F,4,G#
C#/Db Minor 7th,x.4.x.1.0.0,1,1,1,4,2,2,2,1,4,3,True,False,x,,4,C#,x,,1,G#,0,B,0,E
C#/E,0.x.x.1.2.1,1,1,1,4,2,1,3,1,2,1,True,False,0,E,x,,x,,1,G#,2,C#,1,F
C#/F,x.x.3.x.2.4,4,1,1,3,3,0,3,2,4,2,True,False,x,,x,,3,F,x,,2,C#,4,G#
C#/F,x.x.x.10.9.9,3,1,2,3,3,0,3,9,10,1,True,False,x,,x,,x,,10,F,9,G#,9,C#
C#/F#,x.9.6.6.6.x,1,1,1,4,2,0,4,6,9,3,True,False,x,,9,F#,6,G#,6,C#,6,F,x,
C#/G#,x.x.6.6.6.4,2,1,1,4,2,0,4,4,6,2,True,False,x,,x,,6,G#,6,C#,6,F,4,G#
C#/G#,x.x.x.1.2.1,1,1,2,3,3,0,3,1,2,1,True,False,x,,x,,x,,1,G#,2,C#,1,F
C#0,x.x.x.9.8.6,1,1,1,3,3,0,3,6,9,3,True,False,x,,x,,x,,9,E,8,G,6,A#
C#11,5.5.4.0.3.0,2,1,1,6,0,2,4,3,5,2,True,False,5,A,5,D,4,F#,0,G,3,D,0,E
C#5,x.4.6.6.x.x,233,30,1,3,3,0,3,4,6,2,True,False,x,,4,C#,6,G#,6,C#,x,,x,
C#5,x.4.6.x.x.x,46,14,2,2,4,0,2,4,6,2,True,False,x,,4,C#,6,G#,x,,x,,x,
C#5,9.11.11.x.x.x,36,6,3,3,3,0,3,9,11,2,True,False,9,C#,11,G#,11,C#,x,,x,,x,
C#5,x.5.7.7.x.x,15,3,4,3,3,0,3,5,7,2,True,False,x,,5,D,7,A,7,D,x,,x,
C#5,2.4.4.x.x.x,12,4,5,3,3,0,3,2,4,2,True,False,2,F#,4,C#,4,F#,x,,x,,x,
C#5,x.x.0.2.3.5,7,1,6,4,2,1,3,2,5,3,True,False,x,,x,,0,D,2,A,3,D,5,A
C#5,1.3.3.x.x.x,4,1,7,3,3,0,3,1,3,2,True,False,1,F,3,C,3,F,x,,x,,x,
C#5,x.x.0.2.x.x,1,1,8,2,4,1,1,2,2,0,True,False,x,,x,,0,D,2,A,x,,x,
C#5,x.4.x.1.2.x,1,1,9,3,3,0,3,1,4,3,True,False,x,,4,C#,x,,1,G#,2,C#,x,
C#5,x.x.11.13.14.x,1,1,10,3,3,0,3,11,14,3,True,False,x,,x,,11,C#,13,G#,14,C#,x,
C#6,1.1.3.1.2.4,2,1,1,6,0,0,6,1,4,3,True,False,1,F,1,A#,3,F,1,G#,2,C#,4,G#
C#6,x.4.6.3.x.x,2,1,2,3,3,0,3,3,6,3,True,False,x,,4,C#,6,G#,3,A#,x,,x,
C#6,x.x.6.3.2.x,1,1,3,3,3,0,3,2,6,4,True,False,x,,x,,6,G#,3,A#,2,C#,x,
C#6/A#,x.x.8.6.9.x,1,1,1,3,3,0,3,6,9,3,True,False,x,,x,,8,A#,6,C#,9,G#,x,
C#7,x.4.3.4.2.x,80,15,1,4,2,0,4,2,4,2,True,False,x,,4,C#,3,F,4,B,2,C#,x,
C#7,x.4.6.4.6.4,66,20,2,5,1,0,5,4,6,2,True,False,x,,4,C#,6,G#,4,B,6,F,4,G#
C#7,9.11.9.10.12.9,17,2,3,6,0,0,6,9,12,3,True,False,9,C#,11,G#,9,B,10,F,12,B,9,C#
C#7,6.4.6.4.x.x,16,1,4,4,2,0,4,4,6,2,True,False,6,A#,4,C#,6,G#,4,B,x,,x,
C#7,x.4.6.4.6.x,11,3,5,4,2,0,4,4,6,2,True,False,x,,4,C#,6,G#,4,B,6,F,x,
C#7,x.4.3.1.0.1,10,5,6,5,1,1,4,1,4,3,True,False,x,,4,C#,3,F,1,G#,0,B,1,F
C#7,x.4.3.4.x.x,8,2,7,3,3,0,3,3,4,1,True,False,x,,4,C#,3,F,4,B,x,,x,
C#7,4.4.6.4.6.x,6,1,8,5,1,0,5,4,6,2,True,False,4,G#,4,C#,6,G#,4,B,6,F,x,
C#7,4.4.6.4.6.4,3,2,9,6,0,0,6,4,6,2,True,False,4,G#,4,C#,6,G#,4,B,6,F,4,G#
C#7,9.11.9.10.9.9,3,2,10,6,0,0,6,9,11,2,True,False,9,C#,11,G#,9,B,10,F,9,G#,9,C#
C#7,x.4.x.4.0.4,2,1,11,4,2,1,3,4,4,0,True,False,x,,4,C#,x,,4,B,0,B,4,G#
C#7,4.x.3.4.2.x,2,1,12,4,2,0,4,2,4,2,True,False,4,G#,x,,3,F,4,B,2,C#,x,
C#7,x.4.x.4.2.4,2,1,13,4,2,0,4,2,4,2,True,False,x,,4,C#,x,,4,B,2,C#,4,G#
C#7,x.x.3.4.2.4,2,1,14,4,2,0,4,2,4,2,True,False,x,,x,,3,F,4,B,2,C#,4,G#
C#7,x.x.3.4.2.x,2,1,15,3,3,0,3,2,4,2,True,False,x,,x,,3,F,4,B,2,C#,x,
C#7,x.4.3.1.0.4,2,1,16,5,1,1,4,1,4,3,True,False,x,,4,C#,3,F,1,G#,0,B,4,G#
C#7,x.x.11.10.12.9,2,1,17,4,2,0,4,9,12,3,True,False,x,,x,,11,C#,10,F,12,B,9,C#
C#7,x.4.3.4.0.4,1,1,18,5,1,1,4,3,4,1,True,False,x,,4,C#,3,F,4,B,0,B,4,G#
C#7,x.4.3.4.2.0,1,1,19,5,1,1,4,2,4,2,True,False,x,,4,C#,3,F,4,B,2,C#,0,E
C#7,9.11.x.10.9.9,1,1,20,5,1,0,5,9,11,2,True,False,9,C#,11,G#,x,,10,F,9,G#,9,C#
C#7,x.x.x.16.14.16,1,1,21,3,3,0,3,14,16,2,True,False,x,,x,,x,,16,B,14,C#,16,G#
C#7,x.4.3.4.x.1,1,1,22,4,2,0,4,1,4,3,True,False,x,,4,C#,3,F,4,B,x,,1,F
C#7,x.4.x.4.2.1,1,1,23,4,2,0,4,1,4,3,True,False,x,,4,C#,x,,4,B,2,C#,1,F
C#7,x.4.x.6.6.7,1,1,24,4,2,0,4,4,7,3,True,False,x,,4,C#,x,,6,C#,6,F,7,B
C#7(#9),x.4.3.4.5.x,1,1,1,4,2,0,4,3,5,2,True,False,x,,4,C#,3,F,4,B,5,E,x,
C#7+,x.4.3.1.0.1,7,1,1,5,1,1,4,1,4,3,True,False,x,,4,C#,3,F,1,G#,0,B,1,F
C#7/5+,x.4.x.4.6.5,1,1,1,4,2,0,4,4,6,2,True,False,x,,4,C#,x,,4,B,6,F,5,A
C#7/A,x.0.x.4.2.4,3,1,1,4,2,1,3,2,4,2,True,False,x,,0,A,x,,4,B,2,C#,4,G#
C#7add11,4.4.4.4.6.4,2,1,1,6,0,0,6,4,6,2,True,False,4,G#,4,C#,4,F#,4,B,6,F,4,G#
C#7M,9.8.6.6.6.8,16,1,1,6,0,0,6,6,9,3,True,False,9,C#,8,F,6,G#,6,C#,6,F,8,C
C#7M,x.x.11.10.9.8,2,1,2,4,2,0,4,8,11,3,True,False,x,,x,,11,C#,10,F,9,G#,8,C
C#7M,x.4.6.5.6.4,1,1,3,5,1,0,5,4,6,2,True,False,x,,4,C#,6,G#,5,C,6,F,4,G#
C#7M,x.4.6.5.6.x,1,1,4,4,2,0,4,4,6,2,True,False,x,,4,C#,6,G#,5,C,6,F,x,
C#7M,4.x.3.5.2.x,1,1,5,4,2,0,4,2,5,3,True,False,4,G#,x,,3,F,5,C,2,C#,x,
C#7M/D#,x.6.x.6.6.8,1,1,1,4,2,0,4,6,8,2,True,False,x,,6,D#,x,,6,C#,6,F,8,C
C#7M9,x.4.3.5.4.x,1,1,1,4,2,0,4,3,5,2,True,False,x,,4,C#,3,F,5,C,4,D#,x,
C#7sus4,x.4.6.4.7.x,4,1,1,4,2,0,4,4,7,3,True,False,x,,4,C#,6,G#,4,B,7,F#,x,
C#7sus4,x.4.6.4.7.4,3,1,2,5,1,0,5,4,7,3,True,False,x,,4,C#,6,G#,4,B,7,F#,4,G#
C#7sus4,4.4.4.4.7.4,1,1,3,6,0,0,6,4,7,3,True,False,4,G#,4,C#,4,F#,4,B,7,F#,4,G#
C#9,x.16.15.16.16.x,6,1,1,4,2,0,4,15,16,1,True,False,x,,16,C#,15,F,16,B,16,D#,x,
C#9,x.4.3.4.4.x,1,1,2,4,2,0,4,3,4,1,True,False,x,,4,C#,3,F,4,B,4,D#,x,
C#9,x.4.1.1.0.1,1,1,3,5,1,1,4,1,4,3,True,False,x,,4,C#,1,D#,1,G#,0,B,1,F
C#9+,x.4.3.4.5.x,19,3,1,4,2,0,4,3,5,2,True,False,x,,4,C#,3,F,4,B,5,E,x,
C#9+,x.4.3.4.2.0,10,2,2,5,1,1,4,2,4,2,True,False,x,,4,C#,3,F,4,B,2,C#,0,E
C#9-,x.4.3.4.3.x,5,1,1,4,2,0,4,3,4,1,True,False,x,,4,C#,3,F,4,B,3,D,x,
C#9-,x.5.4.5.4.x,1,1,2,4,2,0,4,4,5,1,True,False,x,,5,D,4,F#,5,C,4,D#,x,
C#9-/5-,x.4.0.0.0.3,6,1,1,5,1,3,2,3,4,1,True,False,x,,4,C#,0,D,0,G,0,B,3,G
C#add11/D#,x.6.4.6.6.4,1,1,1,5,1,0,5,4,6,2,True,False,x,,6,D#,4,F#,6,C#,6,F,4,G#
C#add9,x.4.6.8.6.4,1,1,1,5,1,0,5,4,8,4,True,False,x,,4,C#,6,G#,8,D#,6,F,4,G#
C#aug,9.12.11.10.x.x,2,1,1,4,2,0,4,9,12,3,True,False,9,C#,12,A,11,C#,10,F,x,,x,
C#aug,9.x.x.10.10.9,1,1,2,4,2,0,4,9,10,1,True,False,9,C#,x,,x,,10,F,10,A,9,C#
C#b3,x.4.2.x.2.x,1,1,1,3,3,0,3,2,4,2,True,False,x,,4,C#,2,E,x,,2,C#,x,
C#dim,x.4.5.3.5.x,16,6,1,4,2,0,4,3,5,2,True,False,x,,4,C#,5,G,3,A#,5,E,x,
C#dim,x.4.3.0.2.x,3,1,2,4,2,1,3,2,4,2,True,False,x,,4,C#,3,F,0,G,2,C#,x,
C#dim,x.4.5.3.5.3,3,3,3,5,1,0,5,3,5,2,True,False,x,,4,C#,5,G,3,A#,5,E,3,G
C#dim,x.4.2.0.x.x,2,1,4,3,3,1,2,2,4,2,True,False,x,,4,C#,2,E,0,G,x,,x,
C#dim,3.4.5.3.5.3,2,2,5,6,0,0,6,3,5,2,True,False,3,G,4,C#,5,G,3,A#,5,E,3,G
C#dim,x.4.5.2.5.x,2,1,6,4,2,0,4,2,5,3,True,False,x,,4,C#,5,G,2,A,5,E,x,
C#dim,9.x.8.9.8.x,1,1,7,4,2,0,4,8,9,1,True,False,9,C#,x,,8,A#,9,E,8,G,x,
C#dim,x.x.11.12.11.12,1,1,8,4,2,0,4,11,12,1,True,False,x,,x,,11,C#,12,G,11,A#,12,E
C#dim,x.4.5.3.x.0,1,1,9,4,2,1,3,3,5,2,True,False,x,,4,C#,5,G,3,A#,x,,0,E
C#dim/E,x.7.8.6.8.x,1,1,1,4,2,0,4,6,8,2,True,False,x,,7,E,8,A#,6,C#,8,G,x,
C#m,x.4.6.6.5.4,860,89,1,5,1,0,5,4,6,2,True,False,x,,4,C#,6,G#,6,C#,5,E,4,G#
C#m,x.4.2.1.2.0,76,8,2,5,1,1,4,1,4,3,True,False,x,,4,C#,2,E,1,G#,2,C#,0,E
C#m,4.4.6.6.5.4,71,9,3,6,0,0,6,4,6,2,True,False,4,G#,4,C#,6,G#,6,C#,5,E,4,G#
C#m,x.4.6.6.5.x,65,11,4,4,2,0,4,4,6,2,True,False,x,,4,C#,6,G#,6,C#,5,E,x,
C#m,9.11.11.9.9.9,24,6,5,6,0,0,6,9,11,2,True,False,9,C#,11,G#,11,C#,9,E,9,G#,9,C#
C#m,x.x.6.6.5.x,7,1,6,3,3,0,3,5,6,1,True,False,x,,x,,6,G#,6,C#,5,E,x,
C#m,x.4.x.1.2.0,6,2,7,4,2,1,3,1,4,3,True,False,x,,4,C#,x,,1,G#,2,C#,0,E
C#m,x.x.11.9.9.12,4,3,8,4,2,0,4,9,12,3,True,False,x,,x,,11,C#,9,E,9,G#,12,E
C#m,9.x.x.9.9.9,3,2,9,4,2,0,4,9,9,0,True,False,9,C#,x,,x,,9,E,9,G#,9,C#
C#m,x.x.x.6.5.0,3,1,10,3,3,1,2,5,6,1,True,False,x,,x,,x,,6,C#,5,E,0,E
C#m,x.4.6.x.5.x,3,1,11,3,3,0,3,4,6,2,True,False,x,,4,C#,6,G#,x,,5,E,x,
C#m,9.11.11.9.x.x,3,2,12,4,2,0,4,9,11,2,True,False,9,C#,11,G#,11,C#,9,E,x,,x,
C#m,x.x.11.9.9.9,3,1,13,4,2,0,4,9,11,2,True,False,x,,x,,11,C#,9,E,9,G#,9,C#
C#m,x.4.2.x.x.x,2,1,14,2,4,0,2,2,4,2,True,False,x,,4,C#,2,E,x,,x,,x,
C#m,0.4.6.6.5.4,2,1,15,6,0,1,5,4,6,2,True,False,0,E,4,C#,6,G#,6,C#,5,E,4,G#
C#m,x.4.6.x.5.4,2,1,16,4,2,0,4,4,6,2,True,False,x,,4,C#,6,G#,x,,5,E,4,G#
C#m,x.4.x.6.5.x,2,1,17,3,3,0,3,4,6,2,True,False,x,,4,C#,x,,6,C#,5,E,x,
C#m,x.x.6.6.5.4,2,2,18,4,2,0,4,4,6,2,True,False,x,,x,,6,G#,6,C#,5,E,4,G#
C#m,x.x.2.x.2.0,1,1,19,3,3,1,2,2,2,0,True,False,x,,x,,2,E,x,,2,C#,0,E
C#m,x.x.x.x.2.0,1,1,20,2,4,1,1,2,2,0,True,False,x,,x,,x,,x,,2,C#,0,E
C#m,x.4.x.x.0.0,1,1,21,3,3,2,1,4,4,0,True,False,x,,4,C#,x,,x,,0,B,0,E
C#m,x.4.x.x.x.0,1,1,22,2,4,1,1,4,4,0,True,False,x,,4,C#,x,,x,,x,,0,E
C#m,x.x.x.9.9.9,1,1,23,3,3,0,3,9,9,0,True,False,x,,x,,x,,9,E,9,G#,9,C#
C#m,0.x.2.1.2.x,1,1,24,4,2,1,3,1,2,1,True,False,0,E,x,,2,E,1,G#,2,C#,x,
C#m,x.x.2.1.2.0,1,1,25,4,2,1,3,1,2,1,True,False,x,,x,,2,E,1,G#,2,C#,0,E
C#m,x.4.x.x.5.x,1,1,26,2,4,0,2,4,5,1,True,False,x,,4,C#,x,,x,,5,E,x,
C#m,x.x.0.2.3.1,1,1,27,4,2,1,3,1,3,2,True,False,x,,x,,0,D,2,A,3,D,1,F
C#m,x.4.x.6.x.0,1,1,28,3,3,1,2,4,6,2,True,False,x,,4,C#,x,,6,C#,x,,0,E
C#m,x.x.x.6.5.4,1,1,29,3,3,0,3,4,6,2,True,False,x,,x,,x,,6,C#,5,E,4,G#
C#m,x.x.11.9.9.x,1,1,30,3,3,0,3,9,11,2,True,False,x,,x,,11,C#,9,E,9,G#,x,
C#m,x.4.2.1.x.0,1,1,31,4,2,1,3,1,4,3,True,False,x,,4,C#,2,E,1,G#,x,,0,E
C#m,0.x.2.6.x.x,1,1,32,3,3,1,2,2,6,4,True,False,0,E,x,,2,E,6,C#,x,,x,
C#m/5+,9.x.11.9.10.9,1,1,1,5,1,0,5,9,11,2,True,False,9,C#,x,,11,C#,9,E,10,A,9,C#
C#m/5+,x.x.2.2.2.5,1,1,2,4,2,0,4,2,5,3,True,False,x,,x,,2,E,2,A,2,C#,5,A
C#m/5+,x.x.11.9.10.12,1,1,3,4,2,0,4,9,12,3,True,False,x,,x,,11,C#,9,E,10,A,12,E
C#m/5-,x.x.2.0.2.x,8,4,1,3,3,1,2,2,2,0,True,False,x,,x,,2,E,0,G,2,C#,x,
C#m/5-,x.4.2.0.2.0,3,2,2,5,1,2,3,2,4,2,True,False,x,,4,C#,2,E,0,G,2,C#,0,E
C#m/5-,x.x.x.0.2.0,2,1,3,3,3,2,1,2,2,0,True,False,x,,x,,x,,0,G,2,C#,0,E
C#m/5-,0.x.x.6.8.x,2,1,4,3,3,1,2,6,8,2,True,True,0,E,x,,x,,6,C#,8,G,x,
C#m/5-,x.x.x.6.8.0,2,2,5,3,3,1,2,6,8,2,True,True,x,,x,,x,,6,C#,8,G,0,E
C#m/5-,2.x.2.0.2.x,1,1,6,4,2,1,3,2,2,0,True,False,2,F#,x,,2,E,0,G,2,C#,x,
C#m/5-,x.x.11.9.8.9,1,1,7,4,2,0,4,8,11,3,True,False,x,,x,,11,C#,9,E,8,G,9,C#
C#m/5-/G,x.x.5.6.5.x,1,1,1,3,3,0,3,5,6,1,True,False,x,,x,,5,G,6,C#,5,E,x,
C#m/A,x.0.2.1.2.0,11,2,1,5,1,2,3,1,2,1,True,False,x,,0,A,2,E,1,G#,2,C#,0,E
C#m/A,x.0.2.1.2.x,1,1,2,4,2,1,3,1,2,1,True,False,x,,0,A,2,E,1,G#,2,C#,x,
C#m/A,x.x.7.9.9.9,1,1,3,4,2,0,4,7,9,2,True,False,x,,x,,7,A,9,E,9,G#,9,C#
C#m/A#,x.1.2.1.2.0,8,2,1,5,1,1,4,1,2,1,True,False,x,,1,A#,2,E,1,G#,2,C#,0,E
C#m/A#,6.x.6.6.5.x,5,1,2,4,2,0,4,5,6,1,True,False,6,A#,x,,6,G#,6,C#,5,E,x,
C#m/A#,x.x.8.9.9.9,1,1,3,4,2,0,4,8,9,1,True,False,x,,x,,8,A#,9,E,9,G#,9,C#
C#m/B,7.x.6.6.5.x,1,1,1,4,2,0,4,5,7,2,True,False,7,B,x,,6,G#,6,C#,5,E,x,
C#m/Bb,6.x.6.6.5.4,1,1,1,5,1,0,5,4,6,2,True,False,6,A#,x,,6,G#,6,C#,5,E,4,G#
C#m/D,x.x.0.x.2.0,1,1,1,3,3,2,1,2,2,0,True,False,x,,x,,0,D,x,,2,C#,0,E
C#m/E,0.x.x.9.9.9,1,1,1,4,2,1,3,9,9,0,True,True,0,E,x,,x,,9,E,9,G#,9,C#
C#m/F,x.x.3.1.2.0,1,1,1,4,2,1,3,1,3,2,True,False,x,,x,,3,F,1,G#,2,C#,0,E
C#m/G#,x.x.6.6.5.4,14,1,1,4,2,0,4,4,6,2,True,False,x,,x,,6,G#,6,C#,5,E,4,G#
C#m11,11.9.9.9.9.9,1,1,1,6,0,0,6,9,11,2,True,False,11,D#,9,F#,9,B,9,E,9,G#,9,C#
C#m6,6.x.6.6.5.x,3,1,1,4,2,0,4,5,6,1,True,False,6,A#,x,,6,G#,6,C#,5,E,x,
C#m7,x.4.6.4.5.4,66,14,1,5,1,0,5,4,6,2,True,False,x,,4,C#,6,G#,4,B,5,E,4,G#
C#m7,x.4.2.1.0.0,20,4,2,5,1,2,3,1,4,3,True,False,x,,4,C#,2,E,1,G#,0,B,0,E
C#m7,x.4.6.6.0.0,12,3,3,5,1,2,3,4,6,2,True,False,x,,4,C#,6,G#,6,C#,0,B,0,E
C#m7,9.x.9.9.9.x,10,4,4,4,2,0,4,9,9,0,True,False,9,C#,x,,9,B,9,E,9,G#,x,
C#m7,x.4.2.4.2.4,5,1,5,5,1,0,5,2,4,2,True,False,x,,4,C#,2,E,4,B,2,C#,4,G#
C#m7,9.11.9.9.9.9,5,2,6,6,0,0,6,9,11,2,True,False,9,C#,11,G#,9,B,9,E,9,G#,9,C#
C#m7,4.4.6.4.5.x,4,2,7,5,1,0,5,4,6,2,True,False,4,G#,4,C#,6,G#,4,B,5,E,x,
C#m7,x.4.6.4.5.7,3,1,8,5,1,0,5,4,7,3,True,False,x,,4,C#,6,G#,4,B,5,E,7,B
C#m7,4.x.2.4.2.x,2,1,9,4,2,0,4,2,4,2,True,False,4,G#,x,,2,E,4,B,2,C#,x,
C#m7,x.x.6.4.5.x,2,1,10,3,3,0,3,4,6,2,True,False,x,,x,,6,G#,4,B,5,E,x,
C#m7,9.7.9.9.9.9,2,1,11,6,0,0,6,7,9,2,True,False,9,C#,7,E,9,B,9,E,9,G#,9,C#
C#m7,x.x.9.9.9.9,1,1,12,4,2,0,4,9,9,0,True,False,x,,x,,9,B,9,E,9,G#,9,C#
C#m7,x.4.2.4.0.0,1,1,13,5,1,2,3,2,4,2,True,False,x,,4,C#,2,E,4,B,0,B,0,E
C#m7,x.4.2.4.2.x,1,1,14,4,2,0,4,2,4,2,True,False,x,,4,C#,2,E,4,B,2,C#,x,
C#m7,4.4.6.4.5.4,1,1,15,6,0,0,6,4,6,2,True,False,4,G#,4,C#,6,G#,4,B,5,E,4,G#
C#m7,x.4.6.4.5.x,1,1,16,4,2,0,4,4,6,2,True,False,x,,4,C#,6,G#,4,B,5,E,x,
C#m7,x.4.2.4.5.x,1,1,17,4,2,0,4,2,5,3,True,False,x,,4,C#,2,E,4,B,5,E,x,
C#m7,x.x.6.4.5.7,1,1,18,4,2,0,4,4,7,3,True,False,x,,x,,6,G#,4,B,5,E,7,B
C#m7/5-,x.4.2.0.0.0,5,1,1,5,1,3,2,2,4,2,True,False,x,,4,C#,2,E,0,G,0,B,0,E
C#m7/5-,x.4.x.4.5.3,1,1,2,4,2,0,4,3,5,2,True,False,x,,4,C#,x,,4,B,5,E,3,G
C#m7/G#,4.x.6.4.5.0,4,1,1,5,1,1,4,4,6,2,True,False,4,G#,x,,6,G#,4,B,5,E,0,E
C#m7add11,9.x.9.9.7.x,4,1,1,4,2,0,4,7,9,2,True,False,9,C#,x,,9,B,9,E,7,F#,x,
C#m7Madd11,4.4.4.5.5.4,3,1,1,6,0,0,6,4,5,1,True,False,4,G#,4,C#,4,F#,5,C,5,E,4,G#
C#m9,x.4.6.8.0.0,1,1,1,5,1,2,3,4,8,4,True,False,x,,4,C#,6,G#,8,D#,0,B,0,E
C#madd9,x.4.6.8.5.4,1,1,1,5,1,0,5,4,8,4,True,False,x,,4,C#,6,G#,8,D#,5,E,4,G#
C#madd9-,x.7.x.7.9.9,1,1,1,4,2,0,4,7,9,2,True,False,x,,7,E,x,,7,D,9,G#,9,C#
C#sus2,x.4.6.8.x.x,8,3,1,3,3,0,3,4,8,4,True,False,x,,4,C#,6,G#,8,D#,x,,x,
C#sus2,x.4.6.6.4.4,1,1,2,5,1,0,5,4,6,2,True,False,x,,4,C#,6,G#,6,C#,4,D#,4,G#
C#sus2,x.x.x.6.4.4,1,1,3,3,3,0,3,4,6,2,True,False,x,,x,,x,,6,C#,4,D#,4,G#
C#sus4,x.4.6.6.7.x,10,1,1,4,2,0,4,4,7,3,True,False,x,,4,C#,6,G#,6,C#,7,F#,x,
C#sus4,x.x.0.2.3.3,7,1,2,4,2,1,3,2,3,1,True,False,x,,x,,0,D,2,A,3,D,3,G
C#sus4,9.9.11.11.9.9,2,2,3,6,0,0,6,9,11,2,True,False,9,C#,9,F#,11,C#,11,F#,9,G#,9,C#
C#sus4,x.4.4.1.2.2,1,1,4,5,1,0,5,1,4,3,True,False,x,,4,C#,4,F#,1,G#,2,C#,2,F#
C#sus4/A,5.4.4.6.7.4,2,1,1,6,0,0,6,4,7,3,True,False,5,A,4,C#,4,F#,6,C#,7,F#,4,G#
C#sus4/D,x.x.0.1.2.2,1,1,1,4,2,1,3,1,2,1,True,False,x,,x,,0,D,1,G#,2,C#,2,F#
C(3),3.3.5.5.5.3,11,1,1,6,0,0,6,3,5,2,True,False,3,G,3,C,5,G,5,C,5,E,3,G
C(8),x.x.10.9.8.8,19,1,1,4,2,0,4,8,10,2,True,False,x,,x,,10,C,9,E,8,G,8,C
C(add9),x.3.2.0.1.0,1,1,1,5,1,2,3,1,3,2,True,False,x,,3,C,2,E,0,G,1,C,0,E
C(b5),x.3.4.5.x.x,11,1,1,3,3,0,3,3,5,2,True,False,x,,3,C,4,F#,5,C,x,,x,
C(VII),8.10.10.9.8.8,1,1,1,6,0,0,6,8,10,2,True,False,8,C,10,G,10,C,9,E,8,G,8,C
C/5-,x.3.4.5.x.x,4,1,1,3,3,0,3,3,5,2,True,False,x,,3,C,4,F#,5,C,x,,x,
C/5-,x.x.10.11.x.x,1,1,2,2,4,0,2,10,11,1,True,False,x,,x,,10,C,11,F#,x,,x,
C/5-,x.3.4.5.5.x,1,1,3,4,2,0,4,3,5,2,True,False,x,,3,C,4,F#,5,C,5,E,x,
C/5-,x.x.4.5.7.0,1,1,4,4,2,1,3,4,7,3,True,False,x,,x,,4,F#,5,C,7,F#,0,E
C/5-,x.3.4.5.7.x,1,1,5,4,2,0,4,3,7,4,True,False,x,,3,C,4,F#,5,C,7,F#,x,
C/5-,x.9.10.11.13.x,1,1,6,4,2,0,4,9,13,4,True,False,x,,9,F#,10,C,11,F#,13,C,x,
C/5-,x.15.16.17.19.x,1,1,7,4,2,0,4,15,19,4,True,False,x,,15,C,16,F#,17,C,19,F#,x,
C/5-/D,x.5.4.5.5.x,7,3,1,4,2,0,4,4,5,1,True,False,x,,5,D,4,F#,5,C,5,E,x,
C/A,x.0.2.0.1.0,17,6,1,5,1,3,2,1,2,1,True,False,x,,0,A,2,E,0,G,1,C,0,E
C/A,x.0.2.0.1.3,3,3,2,5,1,2,3,1,3,2,True,False,x,,0,A,2,E,0,G,1,C,3,G
C/A,x.0.5.5.x.x,2,1,3,3,3,1,2,5,5,0,True,False,x,,0,A,5,G,5,C,x,,x,
C/A,x.x.x.2.1.3,2,1,4,3,3,0,3,1,3,2,True,False,x,,x,,x,,2,A,1,C,3,G
C/A,5.7.5.5.5.x,2,1,5,5,1,0,5,5,7,2,True,False,5,A,7,E,5,G,5,C,5,E,x,
C/A,5.7.5.5.x.x,2,1,6,4,2,0,4,5,7,2,True,False,5,A,7,E,5,G,5,C,x,,x,
C/A,x.0.10.9.8.0,2,2,7,5,1,2,3,8,10,2,True,True,x,,0,A,10,C,9,E,8,G,0,E
C/A,5.x.x.5.8.8,2,1,8,4,2,0,4,5,8,3,True,False,5,A,x,,x,,5,C,8,G,8,C
C/A,x.0.5.5.5.8,2,1,9,5,1,1,4,5,8,3,True,False,x,,0,A,5,G,5,C,5,E,8,C
C/A,5.x.5.5.5.x,1,1,10,4,2,0,4,5,5,0,True,False,5,A,x,,5,G,5,C,5,E,x,
C/A,x.0.2.0.1.x,1,1,11,4,2,2,2,1,2,1,True,False,x,,0,A,2,E,0,G,1,C,x,
C/A#,x.x.x.3.1.3,2,1,1,3,3,0,3,1,3,2,True,False,x,,x,,x,,3,A#,1,C,3,G
C/A#,x.1.2.0.1.0,1,1,2,5,1,2,3,1,2,1,True,False,x,,1,A#,2,E,0,G,1,C,0,E
C/A#,6.x.5.5.5.x,1,1,3,4,2,0,4,5,6,1,True,False,6,A#,x,,5,G,5,C,5,E,x,
C/A#,x.1.x.0.1.3,1,1,4,4,2,1,3,1,3,2,True,False,x,,1,A#,x,,0,G,1,C,3,G
C/A#,x.13.10.12.x.x,1,1,5,3,3,0,3,10,13,3,True,False,x,,13,A#,10,C,12,G,x,,x,
C/Ab,x.11.10.9.8.x,1,1,1,4,2,0,4,8,11,3,True,False,x,,11,G#,10,C,9,E,8,G,x,
C/B,x.2.x.0.1.0,28,5,1,4,2,2,2,1,2,1,True,False,x,,2,B,x,,0,G,1,C,0,E
C/B,x.2.0.2.1.0,14,1,2,5,1,2,3,1,2,1,True,False,x,,2,B,0,D,2,A,1,C,0,E
C/B,x.2.2.0.1.0,7,3,3,5,1,2,3,1,2,1,True,False,x,,2,B,2,E,0,G,1,C,0,E
C/B,x.2.0.0.1.0,4,1,4,5,1,3,2,1,2,1,True,False,x,,2,B,0,D,0,G,1,C,0,E
C/B,x.2.2.0.1.x,4,1,5,4,2,1,3,1,2,1,True,False,x,,2,B,2,E,0,G,1,C,x,
C/B,x.2.2.0.1.3,2,2,6,5,1,1,4,1,3,2,True,False,x,,2,B,2,E,0,G,1,C,3,G
C/B,x.2.5.5.x.x,2,2,7,3,3,0,3,2,5,3,True,False,x,,2,B,5,G,5,C,x,,x,
C/B,7.5.5.5.8.5,2,1,8,6,0,0,6,5,8,3,True,False,7,B,5,D,5,G,5,C,8,G,5,A
C/B,7.10.10.x.x.x,1,1,9,3,3,0,3,7,10,3,True,False,7,B,10,G,10,C,x,,x,,x,
C/Bb,x.1.2.0.1.0,1,1,1,5,1,2,3,1,2,1,True,False,x,,1,A#,2,E,0,G,1,C,0,E
C/Bb,x.x.8.9.8.8,1,1,2,4,2,0,4,8,9,1,True,False,x,,x,,8,A#,9,E,8,G,8,C
C/D,x.x.0.0.1.0,9,5,1,4,2,3,1,1,1,0,True,False,x,,x,,0,D,0,G,1,C,0,E
C/D,x.5.5.5.5.x,2,1,2,4,2,0,4,5,5,0,True,False,x,,5,D,5,G,5,C,5,E,x,
C/D,x.x.0.5.5.3,2,2,3,4,2,1,3,3,5,2,True,False,x,,x,,0,D,5,C,5,E,3,G
C/E,0.3.2.0.1.0,19,5,1,6,0,3,3,1,3,2,True,False,0,E,3,C,2,E,0,G,1,C,0,E
C/e,0.3.2.0.1.x,2,1,1,5,1,2,3,1,3,2,True,False,0,E,3,C,2,E,0,G,1,C,x,
C/E,x.x.2.0.1.x,15,5,2,3,3,1,2,1,2,1,True,False,x,,x,,2,E,0,G,1,C,x,
C/E,x.x.2.0.1.0,14,6,3,4,2,2,2,1,2,1,True,False,x,,x,,2,E,0,G,1,C,0,E
C/E,x.x.2.x.1.0,2,1,4,3,3,1,2,1,2,1,True,False,x,,x,,2,E,x,,1,C,0,E
C/E,x.7.x.x.8.x,2,2,5,2,4,0,2,7,8,1,True,False,x,,7,E,x,,x,,8,G,x,
C/E,0.x.2.0.1.3,2,2,6,5,1,2,3,1,3,2,True,False,0,E,x,,2,E,0,G,1,C,3,G
C/E,0.3.5.5.5.3,2,1,7,6,0,1,5,3,5,2,True,False,0,E,3,C,5,G,5,C,5,E,3,G
C/E,x.x.5.5.5.x,1,1,8,3,3,0,3,5,5,0,True,False,x,,x,,5,G,5,C,5,E,x,
C/E,0.x.2.0.1.x,1,1,9,4,2,2,2,1,2,1,True,False,0,E,x,,2,E,0,G,1,C,x,
C/E,x.x.2.x.1.x,1,1,10,2,4,0,2,1,2,1,True,False,x,,x,,2,E,x,,1,C,x,
C/E,0.x.x.0.1.3,1,1,11,4,2,2,2,1,3,2,True,False,0,E,x,,x,,0,G,1,C,3,G
C/E,x.x.2.x.1.3,1,1,12,3,3,0,3,1,3,2,True,False,x,,x,,2,E,x,,1,C,3,G
C/E,x.7.x.5.8.8,1,1,13,4,2,0,4,5,8,3,True,False,x,,7,E,x,,5,C,8,G,8,C
C/E,x.7.10.9.8.x,1,1,14,4,2,0,4,7,10,3,True,False,x,,7,E,10,C,9,E,8,G,x,
C/F,x.x.3.0.1.0,10,4,1,4,2,2,2,1,3,2,True,False,x,,x,,3,F,0,G,1,C,0,E
C/F,x.x.3.5.5.x,1,1,2,3,3,0,3,3,5,2,True,False,x,,x,,3,F,5,C,5,E,x,
C/G,3.3.2.0.1.0,143,27,1,6,0,2,4,1,3,2,True,False,3,G,3,C,2,E,0,G,1,C,0,E
C/g,3.3.5.5.5.3,8,1,1,6,0,0,6,3,5,2,True,False,3,G,3,C,5,G,5,C,5,E,3,G
C/G,3.x.2.0.1.3,27,6,2,5,1,1,4,1,3,2,True,False,3,G,x,,2,E,0,G,1,C,3,G
C/G,x.3.2.0.3.3,25,1,3,5,1,1,4,2,3,1,True,False,x,,3,C,2,E,0,G,3,D,3,G
C/G,3.x.2.0.1.0,8,4,4,5,1,2,3,1,3,2,True,False,3,G,x,,2,E,0,G,1,C,0,E
C/G,3.x.x.5.5.x,8,1,5,3,3,0,3,3,5,2,True,False,3,G,x,,x,,5,C,5,E,x,
C/G,3.x.2.0.1.x,7,1,6,4,2,1,3,1,3,2,True,False,3,G,x,,2,E,0,G,1,C,x,
C/G,x.x.5.5.5.8,5,3,7,4,2,0,4,5,8,3,True,False,x,,x,,5,G,5,C,5,E,8,C
C/G,x.3.2.x.3.3,4,1,8,4,2,0,4,2,3,1,True,False,x,,3,C,2,E,x,,3,D,3,G
C/G,3.3.2.0.1.x,4,3,9,5,1,1,4,1,3,2,True,False,3,G,3,C,2,E,0,G,1,C,x,
C/G,3.x.2.x.1.x,4,3,10,3,3,0,3,1,3,2,True,False,3,G,x,,2,E,x,,1,C,x,
C/G,x.x.x.0.1.x,3,1,11,2,4,1,1,1,1,0,True,False,x,,x,,x,,0,G,1,C,x,
C/G,3.3.2.x.x.x,3,2,12,3,3,0,3,2,3,1,True,False,3,G,3,C,2,E,x,,x,,x,
C/G,x.3.2.0.1.3,3,1,13,5,1,1,4,1,3,2,True,False,x,,3,C,2,E,0,G,1,C,3,G
C/G,3.x.x.x.1.3,2,1,14,3,3,0,3,1,3,2,True,False,3,G,x,,x,,x,,1,C,3,G
C/G,3.x.5.5.x.x,2,1,15,3,3,0,3,3,5,2,True,False,3,G,x,,5,G,5,C,x,,x,
C/G,3.3.2.0.0.0,1,1,16,6,0,3,3,2,3,1,True,False,3,G,3,C,2,E,0,G,0,B,0,E
C/G,3.3.5.5.x.x,1,1,17,4,2,0,4,3,5,2,True,False,3,G,3,C,5,G,5,C,x,,x,
C/G,3.x.5.5.5.x,1,1,18,4,2,0,4,3,5,2,True,False,3,G,x,,5,G,5,C,5,E,x,
C/G#,x.11.10.9.8.x,1,1,1,4,2,0,4,8,11,3,True,False,x,,11,G#,10,C,9,E,8,G,x,
C11,8.5.8.0.6.0,4,1,1,6,0,2,4,5,8,3,True,False,8,C,5,D,8,A#,0,G,6,F,0,E
C11,x.3.3.3.3.x,2,1,2,4,2,0,4,3,3,0,True,False,x,,3,C,3,F,3,A#,3,D,x,
C11,x.3.3.0.3.0,1,1,3,5,1,2,3,3,3,0,True,False,x,,3,C,3,F,0,G,3,D,0,E
C11,x.3.3.5.6.x,1,1,4,4,2,0,4,3,6,3,True,False,x,,3,C,3,F,5,C,6,F,x,
C13,8.x.8.9.10.10,4,2,1,5,1,0,5,8,10,2,True,False,8,C,x,,8,A#,9,E,10,A,10,D
C13,x.x.8.9.10.10,4,1,2,4,2,0,4,8,10,2,True,False,x,,x,,8,A#,9,E,10,A,10,D
C13,8.x.x.x.x.x,2,1,3,1,5,0,1,8,8,0,True,False,8,C,x,,x,,x,,x,,x,
C13,x.3.x.3.5.5,1,1,4,4,2,0,4,3,5,2,True,False,x,,3,C,x,,3,A#,5,E,5,A
C13/Bb,x.x.8.9.10.8,1,1,1,4,2,0,4,8,10,2,True,False,x,,x,,8,A#,9,E,10,A,8,C
C13/G,x.10.8.9.10.x,1,1,1,4,2,0,4,8,10,2,True,False,x,,10,G,8,A#,9,E,10,A,x,
C13b/Bb,x.x.8.9.9.8,1,1,1,4,2,0,4,8,9,1,True,False,x,,x,,8,A#,9,E,9,G#,8,C
C3add#9,x.3.2.x.4.0,4,1,1,4,2,1,3,2,4,2,True,False,x,,3,C,2,E,x,,4,D#,0,E
C5,x.3.5.5.x.x,1231,150,1,3,3,0,3,3,5,2,True,False,x,,3,C,5,G,5,C,x,,x,
C5,x.3.5.x.x.x,204,24,2,2,4,0,2,3,5,2,True,False,x,,3,C,5,G,x,,x,,x,
C5,8.10.10.x.x.x,130,19,3,3,3,0,3,8,10,2,True,False,8,C,10,G,10,C,x,,x,,x,
C5,3.x.5.5.x.3,32,1,4,4,2,0,4,3,5,2,True,False,3,G,x,,5,G,5,C,x,,3,G
C5,x.x.10.12.x.x,24,6,5,2,4,0,2,10,12,2,True,False,x,,x,,10,C,12,G,x,,x,
C5,8.10.x.x.x.x,23,9,6,2,4,0,2,8,10,2,True,False,8,C,10,G,x,,x,,x,,x,
C5,x.15.17.17.x.x,21,2,7,3,3,0,3,15,17,2,True,False,x,,15,C,17,G,17,C,x,,x,
C5,1.3.3.x.x.x,12,4,8,3,3,0,3,1,3,2,True,False,1,F,3,C,3,F,x,,x,,x,
C5,x.2.5.x.x.x,10,1,9,2,4,0,2,2,5,3,True,False,x,,2,B,5,G,x,,x,,x,
C5,x.x.10.12.13.x,8,6,10,3,3,0,3,10,13,3,True,False,x,,x,,10,C,12,G,13,C,x,
C5,x.4.6.6.x.x,6,3,11,3,3,0,3,4,6,2,True,False,x,,4,C#,6,G#,6,C#,x,,x,
C5,x.3.x.0.1.3,4,4,12,4,2,1,3,1,3,2,True,False,x,,3,C,x,,0,G,1,C,3,G
C5,x.3.x.0.1.x,4,4,13,3,3,1,2,1,3,2,True,False,x,,3,C,x,,0,G,1,C,x,
C5,x.3.x.0.x.x,3,2,14,2,4,1,1,3,3,0,True,False,x,,3,C,x,,0,G,x,,x,
C5,x.3.x.x.x.3,2,2,15,2,4,0,2,3,3,0,True,False,x,,3,C,x,,x,,x,,3,G
C5,3.3.5.x.x.x,2,2,16,3,3,0,3,3,5,2,True,False,3,G,3,C,5,G,x,,x,,x,
C5,x.3.5.0.x.x,2,1,17,3,3,1,2,3,5,2,True,False,x,,3,C,5,G,0,G,x,,x,
C5,x.x.x.5.8.8,2,1,18,3,3,0,3,5,8,3,True,False,x,,x,,x,,5,C,8,G,8,C
C5,0.2.2.x.x.x,1,1,19,3,3,1,2,2,2,0,True,False,0,E,2,B,2,E,x,,x,,x,
C5,10.10.10.x.x.x,1,1,20,3,3,0,3,10,10,0,True,False,10,D,10,G,10,C,x,,x,,x,
C5,x.3.x.x.1.3,1,1,21,3,3,0,3,1,3,2,True,False,x,,3,C,x,,x,,1,C,3,G
C5,x.x.x.x.1.3,1,1,22,2,4,0,2,1,3,2,True,False,x,,x,,x,,x,,1,C,3,G
C5,9.11.11.x.x.x,1,1,23,3,3,0,3,9,11,2,True,False,9,C#,11,G#,11,C#,x,,x,,x,
C5/G,3.3.5.5.x.x,3,1,1,4,2,0,4,3,5,2,True,False,3,G,3,C,5,G,5,C,x,,x,
C6,3.0.2.0.1.3,9,3,1,6,0,2,4,1,3,2,True,False,3,G,0,A,2,E,0,G,1,C,3,G
C6,x.3.2.2.1.0,6,4,2,5,1,1,4,1,3,2,True,False,x,,3,C,2,E,2,A,1,C,0,E
C6,x.3.x.2.1.0,5,4,3,4,2,1,3,1,3,2,True,False,x,,3,C,x,,2,A,1,C,0,E
C6,x.x.5.5.5.5,4,3,4,4,2,0,4,5,5,0,True,False,x,,x,,5,G,5,C,5,E,5,A
C6,x.3.x.2.x.0,4,1,5,3,3,1,2,2,3,1,True,False,x,,3,C,x,,2,A,x,,0,E
C6,8.x.7.9.8.x,4,2,6,4,2,0,4,7,9,2,True,False,8,C,x,,7,A,9,E,8,G,x,
C6,8.0.5.5.5.5,4,1,7,6,0,1,5,5,8,3,True,False,8,C,0,A,5,G,5,C,5,E,5,A
C6,8.10.7.x.x.x,3,1,8,3,3,0,3,7,10,3,True,False,8,C,10,G,7,A,x,,x,,x,
C6,x.3.2.0.1.5,3,1,9,5,1,1,4,1,5,4,True,False,x,,3,C,2,E,0,G,1,C,5,A
C6,x.0.2.0.1.0,2,1,10,5,1,3,2,1,2,1,True,False,x,,0,A,2,E,0,G,1,C,0,E
C6,3.x.2.2.1.0,2,2,11,5,1,1,4,1,3,2,True,False,3,G,x,,2,E,2,A,1,C,0,E
C6,3.x.2.2.1.x,2,2,12,4,2,0,4,1,3,2,True,False,3,G,x,,2,E,2,A,1,C,x,
C6,x.0.2.2.1.3,2,2,13,5,1,1,4,1,3,2,True,False,x,,0,A,2,E,2,A,1,C,3,G
C6,5.7.5.5.5.5,2,2,14,6,0,0,6,5,7,2,True,False,5,A,7,E,5,G,5,C,5,E,5,A
C6,0.0.5.5.5.0,1,1,15,6,0,3,3,5,5,0,True,False,0,E,0,A,5,G,5,C,5,E,0,E
C6,x.0.5.5.5.5,1,1,16,5,1,1,4,5,5,0,True,False,x,,0,A,5,G,5,C,5,E,5,A
C6,x.0.5.5.5.x,1,1,17,4,2,1,3,5,5,0,True,False,x,,0,A,5,G,5,C,5,E,x,
C6,3.0.2.2.1.0,1,1,18,6,0,2,4,1,3,2,True,False,3,G,0,A,2,E,2,A,1,C,0,E
C6,3.x.x.2.1.x,1,1,19,3,3,0,3,1,3,2,True,False,3,G,x,,x,,2,A,1,C,x,
C6,x.0.2.0.1.3,1,1,20,5,1,2,3,1,3,2,True,False,x,,0,A,2,E,0,G,1,C,3,G
C6,x.3.x.0.x.5,1,1,21,3,3,1,2,3,5,2,True,False,x,,3,C,x,,0,G,x,,5,A
C6,0.0.5.5.8.5,1,1,22,6,0,2,4,5,8,3,True,False,0,E,0,A,5,G,5,C,8,G,5,A
C6,8.x.x.5.8.5,1,1,23,4,2,0,4,5,8,3,True,False,8,C,x,,x,,5,C,8,G,5,A
C6,12.12.10.14.13.12,1,1,24,6,0,0,6,10,14,4,True,False,12,E,12,A,10,C,14,A,13,C,12,E
C6 (no 5),x.3.x.2.1.0,2,1,1,4,2,1,3,1,3,2,True,False,x,,3,C,x,,2,A,1,C,0,E
C6 (no3),x.3.x.2.1.3,3,1,1,4,2,0,4,1,3,2,True,False,x,,3,C,x,,2,A,1,C,3,G
C6/9,x.3.0.0.5.5,4,1,1,5,1,2,3,3,5,2,True,False,x,,3,C,0,D,0,G,5,E,5,A
C6add9,3.3.2.2.3.3,61,1,1,6,0,0,6,2,3,1,True,False,3,G,3,C,2,E,2,A,3,D,3,G
C6add9,x.3.2.2.3.3,4,1,2,5,1,0,5,2,3,1,True,False,x,,3,C,2,E,2,A,3,D,3,G
C6add9,x.3.0.2.5.3,4,1,3,5,1,1,4,2,5,3,True,False,x,,3,C,0,D,2,A,5,E,3,G
C6add9,0.3.2.2.3.3,1,1,4,6,0,1,5,2,3,1,True,False,0,E,3,C,2,E,2,A,3,D,3,G
C6add9,0.0.0.9.8.8,1,1,5,6,0,3,3,8,9,1,True,True,0,E,0,A,0,D,9,E,8,G,8,C
C6add9,0.0.0.5.5.3,1,1,6,6,0,3,3,3,5,2,True,False,0,E,0,A,0,D,5,C,5,E,3,G
C6maj7,7.x.6.8.9.6,10,2,1,5,1,0,5,6,9,3,True,False,7,B,x,,6,G#,8,D#,9,G#,6,A#
C6maj7,x.3.5.2.0.x,2,1,2,4,2,1,3,2,5,3,True,False,x,,3,C,5,G,2,A,0,B,x,
C7,x.3.5.3.5.3,161,25,1,5,1,0,5,3,5,2,True,False,x,,3,C,5,G,3,A#,5,E,3,G
C7,x.3.2.3.1.0,107,32,2,5,1,1,4,1,3,2,True,False,x,,3,C,2,E,3,A#,1,C,0,E
C7,x.3.2.3.5.3,101,18,3,5,1,0,5,2,5,3,True,False,x,,3,C,2,E,3,A#,5,E,3,G
C7,x.3.2.3.1.x,56,27,4,4,2,0,4,1,3,2,True,False,x,,3,C,2,E,3,A#,1,C,x,
C7,3.x.2.3.1.0,32,3,5,5,1,1,4,1,3,2,True,False,3,G,x,,2,E,3,A#,1,C,0,E
C7,x.3.2.3.1.3,15,1,6,5,1,0,5,1,3,2,True,False,x,,3,C,2,E,3,A#,1,C,3,G
C7,x.3.5.3.5.x,10,6,7,4,2,0,4,3,5,2,True,False,x,,3,C,5,G,3,A#,5,E,x,
C7,0.3.2.3.1.0,7,1,8,6,0,2,4,1,3,2,True,False,0,E,3,C,2,E,3,A#,1,C,0,E
C7,8.10.8.9.x.x,7,1,9,4,2,0,4,8,10,2,True,False,8,C,10,G,8,A#,9,E,x,,x,
C7,x.3.5.3.x.x,6,2,10,3,3,0,3,3,5,2,True,False,x,,3,C,5,G,3,A#,x,,x,
C7,8.10.8.9.8.8,6,6,11,6,0,0,6,8,10,2,True,False,8,C,10,G,8,A#,9,E,8,G,8,C
C7,8.7.5.5.5.6,6,1,12,6,0,0,6,5,8,3,True,False,8,C,7,E,5,G,5,C,5,E,6,A#
C7,x.x.3.x.x.x,5,1,13,1,5,0,1,3,3,0,True,False,x,,x,,3,F,x,,x,,x,
C7,3.3.5.3.5.3,5,3,14,6,0,0,6,3,5,2,True,False,3,G,3,C,5,G,3,A#,5,E,3,G
C7,x.3.x.0.5.6,5,3,15,4,2,1,3,3,6,3,True,False,x,,3,C,x,,0,G,5,E,6,A#
C7,0.1.2.0.1.0,4,1,16,6,0,3,3,1,2,1,True,False,0,E,1,A#,2,E,0,G,1,C,0,E
C7,x.3.5.3.1.0,4,1,17,5,1,1,4,1,5,4,True,False,x,,3,C,5,G,3,A#,1,C,0,E
C7,x.3.2.3.x.3,3,2,18,4,2,0,4,2,3,1,True,False,x,,3,C,2,E,3,A#,x,,3,G
C7,x.x.5.3.1.x,3,1,19,3,3,0,3,1,5,4,True,False,x,,x,,5,G,3,A#,1,C,x,
C7,x.x.x.5.5.5,2,1,20,3,3,0,3,5,5,0,True,False,x,,x,,x,,5,C,5,E,5,A
C7,0.1.2.0.x.x,2,1,21,4,2,2,2,1,2,1,True,False,0,E,1,A#,2,E,0,G,x,,x,
C7,x.x.8.9.8.8,2,1,22,4,2,0,4,8,9,1,True,False,x,,x,,8,A#,9,E,8,G,8,C
C7,3.x.2.3.1.x,2,2,23,4,2,0,4,1,3,2,True,False,3,G,x,,2,E,3,A#,1,C,x,
C7,x.1.2.0.1.3,2,1,24,5,1,1,4,1,3,2,True,False,x,,1,A#,2,E,0,G,1,C,3,G
C7,3.3.5.3.5.x,2,2,25,5,1,0,5,3,5,2,True,False,3,G,3,C,5,G,3,A#,5,E,x,
C7,x.3.5.0.5.x,2,1,26,4,2,1,3,3,5,2,True,False,x,,3,C,5,G,0,G,5,E,x,
C7,x.x.10.12.11.12,2,1,27,4,2,0,4,10,12,2,True,False,x,,x,,10,C,12,G,11,A#,12,E
C7,x.3.5.3.5.6,2,1,28,5,1,0,5,3,6,3,True,False,x,,3,C,5,G,3,A#,5,E,6,A#
C7,8.x.8.9.11.8,2,1,29,5,1,0,5,8,11,3,True,False,8,C,x,,8,A#,9,E,11,A#,8,C
C7,3.3.2.3.x.0,1,1,30,5,1,1,4,2,3,1,True,False,3,G,3,C,2,E,3,A#,x,,0,E
C7,3.3.2.3.x.x,1,1,31,4,2,0,4,2,3,1,True,False,3,G,3,C,2,E,3,A#,x,,x,
C7,x.3.2.3.x.x,1,1,32,3,3,0,3,2,3,1,True,False,x,,3,C,2,E,3,A#,x,,x,
C7,6.x.x.5.5.6,1,1,33,4,2,0,4,5,6,1,True,False,6,A#,x,,x,,5,C,5,E,6,A#
C7,x.3.x.3.1.3,1,1,34,4,2,0,4,1,3,2,True,False,x,,3,C,x,,3,A#,1,C,3,G
C7,x.3.x.3.5.3,1,1,35,4,2,0,4,3,5,2,True,False,x,,3,C,x,,3,A#,5,E,3,G
C7,x.3.5.5.5.6,1,1,36,5,1,0,5,3,6,3,True,False,x,,3,C,5,G,5,C,5,E,6,A#
C7,x.x.10.9.11.8,1,1,37,4,2,0,4,8,11,3,True,False,x,,x,,10,C,9,E,11,A#,8,C
C7,x.x.x.15.13.12,1,1,38,3,3,0,3,12,15,3,True,False,x,,x,,x,,15,A#,13,C,12,E
C7,x.x.10.12.11.8,1,1,39,4,2,0,4,8,12,4,True,False,x,,x,,10,C,12,G,11,A#,8,C
C7#9,x.3.2.3.4.x,81,1,1,4,2,0,4,2,4,2,True,False,x,,3,C,2,E,3,A#,4,D#,x,
C7(11),x.3.3.3.5.3,1,1,1,5,1,0,5,3,5,2,True,False,x,,3,C,3,F,3,A#,5,E,3,G
C7(13),x.3.5.3.5.5,4,1,1,5,1,0,5,3,5,2,True,False,x,,3,C,5,G,3,A#,5,E,5,A
C7(9),x.3.2.3.3.x,3,1,1,4,2,0,4,2,3,1,True,False,x,,3,C,2,E,3,A#,3,D,x,
C7(9),x.3.2.3.3.0,1,1,2,5,1,1,4,2,3,1,True,False,x,,3,C,2,E,3,A#,3,D,0,E
C7+,x.3.2.0.0.0,12,2,1,5,1,3,2,2,3,1,True,False,x,,3,C,2,E,0,G,0,B,0,E
C7/5+,x.x.8.9.9.8,2,2,1,4,2,0,4,8,9,1,True,False,x,,x,,8,A#,9,E,9,G#,8,C
C7/5-,2.x.2.3.1.x,2,1,1,4,2,0,4,1,3,2,True,False,2,F#,x,,2,E,3,A#,1,C,x,
C7/5-,x.x.4.5.5.6,1,1,2,4,2,0,4,4,6,2,True,False,x,,x,,4,F#,5,C,5,E,6,A#
C7/5-,x.3.2.3.5.2,1,1,3,5,1,0,5,2,5,3,True,False,x,,3,C,2,E,3,A#,5,E,2,F#
C7/9+,x.15.14.15.16.x,6,1,1,4,2,0,4,14,16,2,True,False,x,,15,C,14,E,15,A#,16,D#,x,
C7/A#,6.x.x.5.5.6,1,1,1,4,2,0,4,5,6,1,True,False,6,A#,x,,x,,5,C,5,E,6,A#
C7/C#,x.4.5.3.5.3,3,1,1,5,1,0,5,3,5,2,True,False,x,,4,C#,5,G,3,A#,5,E,3,G
C7/D,x.x.0.5.5.6,2,1,1,4,2,1,3,5,6,1,True,False,x,,x,,0,D,5,C,5,E,6,A#
C7/G,3.x.5.3.5.3,10,1,1,5,1,0,5,3,5,2,True,False,3,G,x,,5,G,3,A#,5,E,3,G
C7/G,3.x.2.3.x.x,2,1,2,3,3,0,3,2,3,1,True,False,3,G,x,,2,E,3,A#,x,,x,
C7/G,x.x.5.5.5.6,1,1,3,4,2,0,4,5,6,1,True,False,x,,x,,5,G,5,C,5,E,6,A#
C7/G,7.x.6.7.x.x,1,1,4,3,3,0,3,6,7,1,True,False,7,B,x,,6,G#,7,D,x,,x,
C7/G,3.x.2.3.1.0,1,1,5,5,1,1,4,1,3,2,True,False,3,G,x,,2,E,3,A#,1,C,0,E
C7/G,x.x.5.3.5.3,1,1,6,4,2,0,4,3,5,2,True,False,x,,x,,5,G,3,A#,5,E,3,G
C79,x.3.2.3.3.3,1,1,1,5,1,0,5,2,3,1,True,False,x,,3,C,2,E,3,A#,3,D,3,G
C79/5+,x.3.0.3.5.4,1,1,1,5,1,1,4,3,5,2,True,False,x,,3,C,0,D,3,A#,5,E,4,G#
C79b/E,x.x.2.3.2.3,1,1,1,4,2,0,4,2,3,1,True,False,x,,x,,2,E,3,A#,2,C#,3,G
C79b/G,x.x.5.6.5.6,1,1,1,4,2,0,4,5,6,1,True,False,x,,x,,5,G,6,C#,5,E,6,A#
C7add11,x.3.3.3.1.0,1,1,1,5,1,1,4,1,3,2,True,False,x,,3,C,3,F,3,A#,1,C,0,E
C7add13,8.x.8.9.10.x,3,3,1,4,2,0,4,8,10,2,True,False,8,C,x,,8,A#,9,E,10,A,x,
C7add13,3.3.5.3.5.5,1,1,2,6,0,0,6,3,5,2,True,False,3,G,3,C,5,G,3,A#,5,E,5,A
C7add13,x.3.5.3.5.5,1,1,3,5,1,0,5,3,5,2,True,False,x,,3,C,5,G,3,A#,5,E,5,A
C7b9,x.4.2.x.1.x,5,1,1,3,3,0,3,1,4,3,True,False,x,,4,C#,2,E,x,,1,C,x,
C7b9/G,x.x.5.6.5.6,8,1,1,4,2,0,4,5,6,1,True,False,x,,x,,5,G,6,C#,5,E,6,A#
C7M,x.3.2.0.0.0,178,34,1,5,1,3,2,2,3,1,True,False,x,,3,C,2,E,0,G,0,B,0,E
C7M,8.7.5.5.5.7,96,1,2,6,0,0,6,5,8,3,True,False,8,C,7,E,5,G,5,C,5,E,7,B
C7M,x.3.5.4.5.3,39,9,3,5,1,0,5,3,5,2,True,False,x,,3,C,5,G,4,B,5,E,3,G
C7M,x.3.2.0.0.x,36,9,4,4,2,2,2,2,3,1,True,False,x,,3,C,2,E,0,G,0,B,x,
C7M,x.2.2.0.1.0,18,2,5,5,1,2,3,1,2,1,True,False,x,,2,B,2,E,0,G,1,C,0,E
C7M,x.3.5.5.0.0,16,4,6,5,1,2,3,3,5,2,True,False,x,,3,C,5,G,5,C,0,B,0,E
C7M,3.3.2.0.0.0,15,1,7,6,0,3,3,2,3,1,True,False,3,G,3,C,2,E,0,G,0,B,0,E
C7M,3.3.5.4.5.3,14,5,8,6,0,0,6,3,5,2,True,False,3,G,3,C,5,G,4,B,5,E,3,G
C7M,x.3.5.4.5.x,13,7,9,4,2,0,4,3,5,2,True,False,x,,3,C,5,G,4,B,5,E,x,
C7M,0.3.2.0.0.0,9,1,10,6,0,4,2,2,3,1,True,False,0,E,3,C,2,E,0,G,0,B,0,E
C7M,x.3.x.0.0.0,8,2,11,4,2,3,1,3,3,0,True,False,x,,3,C,x,,0,G,0,B,0,E
C7M,0.2.2.0.1.x,8,2,12,5,1,2,3,1,2,1,True,False,0,E,2,B,2,E,0,G,1,C,x,
C7M,8.x.9.9.0.0,8,4,13,5,1,2,3,8,9,1,True,True,8,C,x,,9,B,9,E,0,B,0,E
C7M,x.x.5.5.5.7,8,3,14,4,2,0,4,5,7,2,True,False,x,,x,,5,G,5,C,5,E,7,B
C7M,x.2.x.0.1.x,6,1,15,3,3,1,2,1,2,1,True,False,x,,2,B,x,,0,G,1,C,x,
C7M,x.3.x.4.5.3,6,1,16,4,2,0,4,3,5,2,True,False,x,,3,C,x,,4,B,5,E,3,G
C7M,x.x.5.5.0.0,5,3,17,4,2,2,2,5,5,0,True,False,x,,x,,5,G,5,C,0,B,0,E
C7M,x.2.2.x.1.x,5,1,18,3,3,0,3,1,2,1,True,False,x,,2,B,2,E,x,,1,C,x,
C7M,x.3.2.0.0.3,5,3,19,5,1,2,3,2,3,1,True,False,x,,3,C,2,E,0,G,0,B,3,G
C7M,0.2.5.5.0.0,4,1,20,6,0,3,3,2,5,3,True,False,0,E,2,B,5,G,5,C,0,B,0,E
C7M,x.x.10.12.12.12,3,3,21,4,2,0,4,10,12,2,True,False,x,,x,,10,C,12,G,12,B,12,E
C7M,x.3.x.0.0.3,2,1,22,4,2,2,2,3,3,0,True,False,x,,3,C,x,,0,G,0,B,3,G
C7M,8.x.9.9.8.x,2,2,23,4,2,0,4,8,9,1,True,False,8,C,x,,9,B,9,E,8,G,x,
C7M,8.10.10.9.0.0,2,1,24,6,0,2,4,8,10,2,True,True,8,C,10,G,10,C,9,E,0,B,0,E
C7M,20.22.21.21.20.20,2,1,25,6,0,0,6,20,22,2,True,False,20,C,22,G,21,B,21,E,20,G,20,C
C7M,8.x.9.9.8.8,1,1,26,5,1,0,5,8,9,1,True,False,8,C,x,,9,B,9,E,8,G,8,C
C7M,x.10.10.9.0.x,1,1,27,4,2,1,3,9,10,1,True,True,x,,10,G,10,C,9,E,0,B,x,
C7M,3.3.2.0.1.3,1,1,28,6,0,1,5,1,3,2,True,False,3,G,3,C,2,E,0,G,1,C,3,G
C7M,x.3.2.4.x.x,1,1,29,3,3,0,3,2,4,2,True,False,x,,3,C,2,E,4,B,x,,x,
C7M,x.3.5.5.0.x,1,1,30,4,2,1,3,3,5,2,True,False,x,,3,C,5,G,5,C,0,B,x,
C7M,8.x.9.9.8.7,1,1,31,5,1,0,5,7,9,2,True,False,8,C,x,,9,B,9,E,8,G,7,B
C7M,8.x.x.9.8.7,1,1,32,4,2,0,4,7,9,2,True,False,8,C,x,,x,,9,E,8,G,7,B
C7M,8.10.9.9.8.8,1,1,33,6,0,0,6,8,10,2,True,False,8,C,10,G,9,B,9,E,8,G,8,C
C7M,x.3.2.4.1.0,1,1,34,5,1,1,4,1,4,3,True,False,x,,3,C,2,E,4,B,1,C,0,E
C7M,x.3.2.4.5.x,1,1,35,4,2,0,4,2,5,3,True,False,x,,3,C,2,E,4,B,5,E,x,
C7M,x.x.10.9.8.7,1,1,36,4,2,0,4,7,10,3,True,False,x,,x,,10,C,9,E,8,G,7,B
C7M,x.x.22.21.20.19,1,1,37,4,2,0,4,19,22,3,True,False,x,,x,,22,C,21,E,20,G,19,B
C7M,x.3.5.5.5.7,1,1,38,5,1,0,5,3,7,4,True,False,x,,3,C,5,G,5,C,5,E,7,B
C7M,8.x.10.0.12.0,1,1,39,5,1,2,3,8,12,4,True,True,8,C,x,,10,C,0,G,12,B,0,E
C7M(8),8.x.9.9.8.x,12,1,1,4,2,0,4,8,9,1,True,False,8,C,x,,9,B,9,E,8,G,x,
C7M-,x.2.x.0.0.0,2,1,1,4,2,3,1,2,2,0,True,False,x,,2,B,x,,0,G,0,B,0,E
C7M/5+,x.3.2.1.0.x,2,1,1,4,2,1,3,1,3,2,True,False,x,,3,C,2,E,1,G#,0,B,x,
C7M/5+/D,x.17.14.16.13.16,1,1,1,5,1,0,5,13,17,4,True,False,x,,17,D,14,E,16,B,13,C,16,G#
C7M/5-,x.9.10.9.12.x,1,1,1,4,2,0,4,9,12,3,True,False,x,,9,F#,10,C,9,E,12,B,x,
C7M/5-/A,x.0.4.5.0.0,1,1,1,5,1,3,2,4,5,1,True,False,x,,0,A,4,F#,5,C,0,B,0,E
C7M/5-/D,x.5.4.5.5.7,1,1,1,5,1,0,5,4,7,3,True,False,x,,5,D,4,F#,5,C,5,E,7,B
C7M/C#,x.4.x.0.0.3,2,1,1,4,2,2,2,3,4,1,True,False,x,,4,C#,x,,0,G,0,B,3,G
C7M/D,x.x.0.5.5.7,2,2,1,4,2,1,3,5,7,2,True,False,x,,x,,0,D,5,C,5,E,7,B
C7M/G,3.3.2.0.0.0,19,4,1,6,0,3,3,2,3,1,True,False,3,G,3,C,2,E,0,G,0,B,0,E
C7M9,x.3.2.4.3.0,5,2,1,5,1,1,4,2,4,2,True,False,x,,3,C,2,E,4,B,3,D,0,E
C7M9,x.3.0.0.0.0,2,1,2,5,1,4,1,3,3,0,True,False,x,,3,C,0,D,0,G,0,B,0,E
C7M9,x.3.5.7.0.0,1,1,3,5,1,2,3,3,7,4,True,False,x,,3,C,5,G,7,D,0,B,0,E
C7M9/A,5.5.5.5.5.7,1,1,1,6,0,0,6,5,7,2,True,False,5,A,5,D,5,G,5,C,5,E,7,B
C7M9/B,7.5.5.5.5.x,3,1,1,5,1,0,5,5,7,2,True,False,7,B,5,D,5,G,5,C,5,E,x,
C7sus2,3.3.5.3.3.3,4,2,1,6,0,0,6,3,5,2,True,False,3,G,3,C,5,G,3,A#,3,D,3,G
C7sus2,x.3.x.3.3.3,3,1,2,4,2,0,4,3,3,0,True,False,x,,3,C,x,,3,A#,3,D,3,G
C7Sus4,3.3.5.3.6.3,1,1,1,6,0,0,6,3,6,3,True,False,3,G,3,C,5,G,3,A#,6,F,3,G
C7sus4,x.3.5.3.6.3,8,2,1,5,1,0,5,3,6,3,True,False,x,,3,C,5,G,3,A#,6,F,3,G
C7sus4,3.3.5.3.6.3,3,2,2,6,0,0,6,3,6,3,True,False,3,G,3,C,5,G,3,A#,6,F,3,G
C7sus4,x.x.3.3.1.x,2,2,3,3,3,0,3,1,3,2,True,False,x,,x,,3,F,3,A#,1,C,x,
C7sus4,x.3.3.3.x.3,1,1,4,4,2,0,4,3,3,0,True,False,x,,3,C,3,F,3,A#,x,,3,G
C7sus4,x.5.7.7.0.0,1,1,5,5,1,2,3,5,7,2,True,False,x,,5,D,7,A,7,D,0,B,0,E
C7sus4,x.3.5.3.6.x,1,1,6,4,2,0,4,3,6,3,True,False,x,,3,C,5,G,3,A#,6,F,x,
C7sus4add9-/5+,x.3.6.6.6.6,2,1,1,5,1,0,5,3,6,3,True,False,x,,3,C,6,G#,6,C#,6,F,6,A#
C9,3.3.2.3.3.3,16,2,1,6,0,0,6,2,3,1,True,False,3,G,3,C,2,E,3,A#,3,D,3,G
C9,x.3.2.3.3.x,15,9,2,4,2,0,4,2,3,1,True,False,x,,3,C,2,E,3,A#,3,D,x,
C9,x.3.2.x.3.x,11,1,3,3,3,0,3,2,3,1,True,False,x,,3,C,2,E,x,,3,D,x,
C9,8.10.8.9.8.10,10,1,4,6,0,0,6,8,10,2,True,False,8,C,10,G,8,A#,9,E,8,G,10,D
C9,x.3.2.3.3.3,6,5,5,5,1,0,5,2,3,1,True,False,x,,3,C,2,E,3,A#,3,D,3,G
C9,0.3.2.3.3.0,5,1,6,6,0,2,4,2,3,1,True,False,0,E,3,C,2,E,3,A#,3,D,0,E
C9,x.3.0.3.5.3,4,3,7,5,1,1,4,3,5,2,True,False,x,,3,C,0,D,3,A#,5,E,3,G
C9,x.3.x.3.3.0,2,1,8,4,2,1,3,3,3,0,True,False,x,,3,C,x,,3,A#,3,D,0,E
C9,0.3.2.3.3.x,2,1,9,5,1,1,4,2,3,1,True,False,0,E,3,C,2,E,3,A#,3,D,x,
C9,3.3.2.3.3.x,1,1,10,5,1,0,5,2,3,1,True,False,3,G,3,C,2,E,3,A#,3,D,x,
C9,8.x.8.7.8.x,1,1,11,4,2,0,4,7,8,1,True,False,8,C,x,,8,A#,7,D,8,G,x,
C9,x.7.8.7.8.8,1,1,12,5,1,0,5,7,8,1,True,False,x,,7,E,8,A#,7,D,8,G,8,C
C9 Aberto,x.3.2.0.3.3,36,2,1,5,1,1,4,2,3,1,True,False,x,,3,C,2,E,0,G,3,D,3,G
C9 Fechado,x.3.2.0.3.0,36,2,1,5,1,2,3,2,3,1,True,False,x,,3,C,2,E,0,G,3,D,0,E
C9-,x.3.2.3.2.x,10,2,1,4,2,0,4,2,3,1,True,False,x,,3,C,2,E,3,A#,2,C#,x,
C9-,6.3.5.6.5.x,7,1,2,5,1,0,5,3,6,3,True,False,6,A#,3,C,5,G,6,C#,5,E,x,
C9-,3.3.2.3.2.x,1,1,3,5,1,0,5,2,3,1,True,False,3,G,3,C,2,E,3,A#,2,C#,x,
C9-,x.3.2.3.2.3,1,1,4,5,1,0,5,2,3,1,True,False,x,,3,C,2,E,3,A#,2,C#,3,G
C9/G,3.x.2.3.3.x,2,1,1,4,2,0,4,2,3,1,True,False,3,G,x,,2,E,3,A#,3,D,x,
C9sus4,3.x.x.2.1.3,1,1,1,4,2,0,4,1,3,2,True,False,3,G,x,,x,,2,A,1,C,3,G
Cadd#11/E,0.3.4.0.x.x,3,1,1,4,2,2,2,3,4,1,True,False,0,E,3,C,4,F#,0,G,x,,x,
Cadd11,x.3.2.0.1.1,12,3,1,5,1,1,4,1,3,2,True,False,x,,3,C,2,E,0,G,1,C,1,F
Cadd11,x.3.3.0.1.0,9,3,2,5,1,2,3,1,3,2,True,False,x,,3,C,3,F,0,G,1,C,0,E
Cadd11,8.8.10.9.8.8,6,2,3,6,0,0,6,8,10,2,True,False,8,C,8,F,10,C,9,E,8,G,8,C
Cadd11,3.x.2.x.1.1,1,1,4,4,2,0,4,1,3,2,True,False,3,G,x,,2,E,x,,1,C,1,F
Cadd11,x.3.5.5.5.1,1,1,5,5,1,0,5,1,5,4,True,False,x,,3,C,5,G,5,C,5,E,1,F
Cadd11 (Gadd11),3.2.0.0.1.3,32,1,1,6,0,2,4,1,3,2,True,False,3,G,2,B,0,D,0,G,1,C,3,G
Cadd11+,x.3.2.0.1.2,2,1,1,5,1,1,4,1,3,2,True,False,x,,3,C,2,E,0,G,1,C,2,F#
Cadd11/F,1.3.3.0.1.0,9,1,1,6,0,2,4,1,3,2,True,False,1,F,3,C,3,F,0,G,1,C,0,E
Cadd2,x.3.2.0.3.0,2,1,1,5,1,2,3,2,3,1,True,False,x,,3,C,2,E,0,G,3,D,0,E
Cadd9,x.3.2.0.3.3,267,32,1,5,1,1,4,2,3,1,True,False,x,,3,C,2,E,0,G,3,D,3,G
cadd9,x.5.4.x.5.x,10,1,1,3,3,0,3,4,5,1,True,False,x,,5,D,4,F#,x,,5,E,x,
Cadd9,x.3.2.0.3.0,266,39,2,5,1,2,3,2,3,1,True,False,x,,3,C,2,E,0,G,3,D,0,E
Cadd9,x.3.2.0.3.x,82,21,3,4,2,1,3,2,3,1,True,False,x,,3,C,2,E,0,G,3,D,x,
Cadd9,x.3.0.0.1.0,74,15,4,5,1,3,2,1,3,2,True,False,x,,3,C,0,D,0,G,1,C,0,E
Cadd9,x.3.2.x.3.x,61,3,5,3,3,0,3,2,3,1,True,False,x,,3,C,2,E,x,,3,D,x,
Cadd9,0.3.5.5.3.3,25,1,6,6,0,1,5,3,5,2,True,False,0,E,3,C,5,G,5,C,3,D,3,G
Cadd9,x.3.0.0.3.0,12,2,7,5,1,3,2,3,3,0,True,False,x,,3,C,0,D,0,G,3,D,0,E
Cadd9,x.3.x.0.3.0,6,3,8,4,2,2,2,3,3,0,True,False,x,,3,C,x,,0,G,3,D,0,E
Cadd9,0.3.2.0.3.3,6,1,9,6,0,2,4,2,3,1,True,False,0,E,3,C,2,E,0,G,3,D,3,G
Cadd9,0.3.2.0.3.x,6,3,10,5,1,2,3,2,3,1,True,False,0,E,3,C,2,E,0,G,3,D,x,
Cadd9,x.3.x.x.3.0,4,1,11,3,3,1,2,3,3,0,True,False,x,,3,C,x,,x,,3,D,0,E
Cadd9,3.3.2.0.3.x,4,1,12,5,1,1,4,2,3,1,True,False,3,G,3,C,2,E,0,G,3,D,x,
Cadd9,x.3.2.0.x.3,4,2,13,4,2,1,3,2,3,1,True,False,x,,3,C,2,E,0,G,x,,3,G
Cadd9,x.3.2.0.1.0,3,1,14,5,1,2,3,1,3,2,True,False,x,,3,C,2,E,0,G,1,C,0,E
Cadd9,8.x.10.9.8.10,3,1,15,5,1,0,5,8,10,2,True,False,8,C,x,,10,C,9,E,8,G,10,D
Cadd9,8.10.x.9.8.10,2,1,16,5,1,0,5,8,10,2,True,False,8,C,10,G,x,,9,E,8,G,10,D
Cadd9,x.3.2.x.3.0,1,1,17,4,2,1,3,2,3,1,True,False,x,,3,C,2,E,x,,3,D,0,E
Cadd9,x.3.2.x.3.3,1,1,18,4,2,0,4,2,3,1,True,False,x,,3,C,2,E,x,,3,D,3,G
Cadd9,3.5.5.5.5.x,1,1,19,5,1,0,5,3,5,2,True,False,3,G,5,D,5,G,5,C,5,E,x,
Cadd9,x.3.5.7.5.3,1,1,20,5,1,0,5,3,7,4,True,False,x,,3,C,5,G,7,D,5,E,3,G
Cadd9 (type 2),x.x.10.9.8.10,2,1,1,4,2,0,4,8,10,2,True,False,x,,x,,10,C,9,E,8,G,10,D
Cadd9+,x.3.2.x.4.0,4,1,1,4,2,1,3,2,4,2,True,False,x,,3,C,2,E,x,,4,D#,0,E
Cadd9+/5-/A,x.0.4.5.4.0,1,1,1,5,1,2,3,4,5,1,True,False,x,,0,A,4,F#,5,C,4,D#,0,E
Cadd9-/5-/D,x.5.4.5.2.0,1,1,1,5,1,1,4,2,5,3,True,False,x,,5,D,4,F#,5,C,2,C#,0,E
Cadd9/B,x.2.0.0.1.0,6,3,1,5,1,3,2,1,2,1,True,False,x,,2,B,0,D,0,G,1,C,0,E
Cadd9/C,x.3.2.0.3.x,16,2,1,4,2,1,3,2,3,1,True,False,x,,3,C,2,E,0,G,3,D,x,
Cadd9/E,0.x.2.0.3.x,16,2,1,4,2,2,2,2,3,1,True,False,0,E,x,,2,E,0,G,3,D,x,
Cadd9/E,0.3.x.0.3.x,2,1,2,4,2,2,2,3,3,0,True,False,0,E,3,C,x,,0,G,3,D,x,
Cadd9/E,x.7.10.7.8.x,1,1,3,4,2,0,4,7,10,3,True,False,x,,7,E,10,C,7,D,8,G,x,
Cadd9/G,3.3.2.0.3.0,2,1,1,6,0,2,4,2,3,1,True,False,3,G,3,C,2,E,0,G,3,D,0,E
Cadd9/G,3.5.5.5.5.x,1,1,2,5,1,0,5,3,5,2,True,False,3,G,5,D,5,G,5,C,5,E,x,
Caug,8.11.10.9.x.x,4,1,1,4,2,0,4,8,11,3,True,False,8,C,11,G#,10,C,9,E,x,,x,
Caug,x.3.2.1.1.x,2,1,2,4,2,0,4,1,3,2,True,False,x,,3,C,2,E,1,G#,1,C,x,
Caug,x.3.2.1.x.x,1,1,3,3,3,0,3,1,3,2,True,False,x,,3,C,2,E,1,G#,x,,x,
Caug,x.x.6.5.5.4,1,1,4,4,2,0,4,4,6,2,True,False,x,,x,,6,G#,5,C,5,E,4,G#
Cb,x.x.4.4.4.2,2,1,1,4,2,0,4,2,4,2,True,False,x,,x,,4,F#,4,B,4,D#,2,F#
Cbmaj7,x.2.4.3.4.x,1,1,1,4,2,0,4,2,4,2,True,False,x,,2,B,4,F#,3,A#,4,D#,x,
Cdim,x.x.4.5.4.5,17,8,1,4,2,0,4,4,5,1,True,False,x,,x,,4,F#,5,C,4,D#,5,A
Cdim,x.x.10.11.10.11,9,7,2,4,2,0,4,10,11,1,True,False,x,,x,,10,C,11,F#,10,A,11,D#
Cdim,x.3.1.2.1.2,4,2,3,5,1,0,5,1,3,2,True,False,x,,3,C,1,D#,2,A,1,C,2,F#
Cdim,x.6.4.5.4.x,3,1,4,4,2,0,4,4,6,2,True,False,x,,6,D#,4,F#,5,C,4,D#,x,
Cdim,x.9.10.8.10.x,2,1,5,4,2,0,4,8,10,2,True,False,x,,9,F#,10,C,8,D#,10,A,x,
Cdim,x.0.4.5.4.5,1,1,6,5,1,1,4,4,5,1,True,False,x,,0,A,4,F#,5,C,4,D#,5,A
Cdim,8.0.7.8.7.8,1,1,7,6,0,1,5,7,8,1,True,True,8,C,0,A,7,A,8,D#,7,F#,8,C
Cdim,x.x.7.8.7.8,1,1,8,4,2,0,4,7,8,1,True,False,x,,x,,7,A,8,D#,7,F#,8,C
Cdim,2.3.1.2.x.x,1,1,9,4,2,0,4,1,3,2,True,False,2,F#,3,C,1,D#,2,A,x,,x,
Cdim,2.3.4.2.4.0,1,1,10,6,0,1,5,2,4,2,True,False,2,F#,3,C,4,F#,2,A,4,D#,0,E
Cdim,2.3.4.2.4.2,1,1,11,6,0,0,6,2,4,2,True,False,2,F#,3,C,4,F#,2,A,4,D#,2,F#
Cdim,2.3.4.2.4.x,1,1,12,5,1,0,5,2,4,2,True,False,2,F#,3,C,4,F#,2,A,4,D#,x,
Cdim,x.3.4.2.4.x,1,1,13,4,2,0,4,2,4,2,True,False,x,,3,C,4,F#,2,A,4,D#,x,
Cdim7,x.x.10.8.7.0,2,1,1,4,2,1,3,7,10,3,True,True,x,,x,,10,C,8,D#,7,F#,0,E
CG,3.x.2.0.1.x,1,1,1,4,2,1,3,1,3,2,True,False,3,G,x,,2,E,0,G,1,C,x,
CIII,x.3.5.5.5.x,72,2,1,4,2,0,4,3,5,2,True,False,x,,3,C,5,G,5,C,5,E,x,
Cis,0.4.6.6.6.4,11,1,1,6,0,1,5,4,6,2,True,False,0,E,4,C#,6,G#,6,C#,6,F,4,G#
Cis7,0.4.6.4.6.4,3,1,1,6,0,1,5,4,6,2,True,False,0,E,4,C#,6,G#,4,B,6,F,4,G#
CLEAN,x.x.x.4.x.x,1,1,1,1,5,0,1,4,4,0,True,False,x,,x,,x,,4,B,x,,x,
Cm,x.3.5.5.4.3,395,58,1,5,1,0,5,3,5,2,True,False,x,,3,C,5,G,5,C,4,D#,3,G
Cm,x.3.1.0.1.3,246,8,2,5,1,1,4,1,3,2,True,False,x,,3,C,1,D#,0,G,1,C,3,G
Cm,x.x.x.5.4.3,80,7,3,3,3,0,3,3,5,2,True,False,x,,x,,x,,5,C,4,D#,3,G
Cm,x.3.5.5.4.x,69,5,4,4,2,0,4,3,5,2,True,False,x,,3,C,5,G,5,C,4,D#,x,
Cm,3.3.5.5.4.3,61,10,5,6,0,0,6,3,5,2,True,False,3,G,3,C,5,G,5,C,4,D#,3,G
Cm,x.x.5.5.4.x,26,4,6,3,3,0,3,4,5,1,True,False,x,,x,,5,G,5,C,4,D#,x,
Cm,8.10.10.8.8.8,24,12,7,6,0,0,6,8,10,2,True,False,8,C,10,G,10,C,8,D#,8,G,8,C
Cm,3.3.5.5.4.x,15,3,8,5,1,0,5,3,5,2,True,False,3,G,3,C,5,G,5,C,4,D#,x,
Cm,x.x.5.5.4.3,15,2,9,4,2,0,4,3,5,2,True,False,x,,x,,5,G,5,C,4,D#,3,G
Cm,3.x.5.5.4.3,12,1,10,5,1,0,5,3,5,2,True,False,3,G,x,,5,G,5,C,4,D#,3,G
Cm,x.3.1.x.x.x,8,2,11,2,4,0,2,1,3,2,True,False,x,,3,C,1,D#,x,,x,,x,
Cm,0.2.2.0.0.0,6,2,12,6,0,4,2,2,2,0,True,False,0,E,2,B,2,E,0,G,0,B,0,E
Cm,x.3.1.0.x.x,6,1,13,3,3,1,2,1,3,2,True,False,x,,3,C,1,D#,0,G,x,,x,
Cm,x.3.x.x.4.x,5,2,14,2,4,0,2,3,4,1,True,False,x,,3,C,x,,x,,4,D#,x,
Cm,x.x.10.8.8.8,5,1,15,4,2,0,4,8,10,2,True,False,x,,x,,10,C,8,D#,8,G,8,C
Cm,x.3.x.5.4.3,4,2,16,4,2,0,4,3,5,2,True,False,x,,3,C,x,,5,C,4,D#,3,G
Cm,x.x.1.0.1.x,3,2,17,3,3,1,2,1,1,0,True,False,x,,x,,1,D#,0,G,1,C,x,
Cm,x.3.x.0.4.3,3,1,18,4,2,1,3,3,4,1,True,False,x,,3,C,x,,0,G,4,D#,3,G
Cm,x.3.1.x.4.x,3,3,19,3,3,0,3,1,4,3,True,False,x,,3,C,1,D#,x,,4,D#,x,
Cm,x.0.2.2.1.0,2,1,20,5,1,2,3,1,2,1,True,False,x,,0,A,2,E,2,A,1,C,0,E
Cm,3.x.1.0.1.x,2,1,21,4,2,1,3,1,3,2,True,False,3,G,x,,1,D#,0,G,1,C,x,
Cm,x.x.1.0.1.3,2,1,22,4,2,1,3,1,3,2,True,False,x,,x,,1,D#,0,G,1,C,3,G
Cm,x.x.1.x.1.3,2,2,23,3,3,0,3,1,3,2,True,False,x,,x,,1,D#,x,,1,C,3,G
Cm,8.x.x.8.8.8,1,1,24,4,2,0,4,8,8,0,True,False,8,C,x,,x,,8,D#,8,G,8,C
Cm,8.x.x.8.x.x,1,1,25,2,4,0,2,8,8,0,True,False,8,C,x,,x,,8,D#,x,,x,
Cm,x.x.x.8.8.8,1,1,26,3,3,0,3,8,8,0,True,False,x,,x,,x,,8,D#,8,G,8,C
Cm,x.3.x.0.4.x,1,1,27,3,3,1,2,3,4,1,True,False,x,,3,C,x,,0,G,4,D#,x,
Cm,x.3.1.0.1.x,1,1,28,4,2,1,3,1,3,2,True,False,x,,3,C,1,D#,0,G,1,C,x,
Cm,3.3.5.x.4.x,1,1,29,4,2,0,4,3,5,2,True,False,3,G,3,C,5,G,x,,4,D#,x,
Cm,x.3.x.5.x.x,1,1,30,2,4,0,2,3,5,2,True,False,x,,3,C,x,,5,C,x,,x,
Cm,1.3.1.0.4.3,1,1,31,6,0,1,5,1,4,3,True,False,1,F,3,C,1,D#,0,G,4,D#,3,G
Cm,8.10.10.8.8.11,1,1,32,6,0,0,6,8,11,3,True,False,8,C,10,G,10,C,8,D#,8,G,11,D#
Cm,8.x.x.8.8.11,1,1,33,4,2,0,4,8,11,3,True,False,8,C,x,,x,,8,D#,8,G,11,D#
Cm,x.x.10.12.13.11,1,1,34,4,2,0,4,10,13,3,True,False,x,,x,,10,C,12,G,13,C,11,D#
Cm,x.x.1.5.x.x,1,1,35,2,4,0,2,1,5,4,True,False,x,,x,,1,D#,5,C,x,,x,
Cm (normal tune),x.3.5.5.4.3,4,1,1,5,1,0,5,3,5,2,True,False,x,,3,C,5,G,5,C,4,D#,3,G
Cm/5+,4.3.1.1.1.4,1,1,1,6,0,0,6,1,4,3,True,False,4,G#,3,C,1,D#,1,G#,1,C,4,G#
Cm/5-,8.x.x.8.7.8,3,1,1,4,2,0,4,7,8,1,True,False,8,C,x,,x,,8,D#,7,F#,8,C
Cm/5-,x.6.4.5.4.x,1,1,2,4,2,0,4,4,6,2,True,False,x,,6,D#,4,F#,5,C,4,D#,x,
Cm/5-,x.6.4.5.x.x,1,1,3,3,3,0,3,4,6,2,True,False,x,,6,D#,4,F#,5,C,x,,x,
Cm/5-,x.x.x.5.4.2,1,1,4,3,3,0,3,2,5,3,True,False,x,,x,,x,,5,C,4,D#,2,F#
Cm/A,x.x.7.5.4.3,3,1,1,4,2,0,4,3,7,4,True,False,x,,x,,7,A,5,C,4,D#,3,G
Cm/A,x.0.5.5.4.x,1,1,2,4,2,1,3,4,5,1,True,False,x,,0,A,5,G,5,C,4,D#,x,
Cm/A,5.0.5.5.4.3,1,1,3,6,0,1,5,3,5,2,True,False,5,A,0,A,5,G,5,C,4,D#,3,G
Cm/Bb,6.x.5.5.4.x,1,1,1,4,2,0,4,4,6,2,True,False,6,A#,x,,5,G,5,C,4,D#,x,
Cm/G,3.3.5.5.4.3,15,3,1,6,0,0,6,3,5,2,True,False,3,G,3,C,5,G,5,C,4,D#,3,G
Cm/G#,4.x.5.5.4.x,1,1,1,4,2,0,4,4,5,1,True,False,4,G#,x,,5,G,5,C,4,D#,x,
Cm13,x.3.5.3.4.5,2,1,1,5,1,0,5,3,5,2,True,False,x,,3,C,5,G,3,A#,4,D#,5,A
Cm6,x.3.1.2.1.3,55,2,1,5,1,0,5,1,3,2,True,False,x,,3,C,1,D#,2,A,1,C,3,G
Cm6,x.x.7.8.8.8,3,1,2,4,2,0,4,7,8,1,True,False,x,,x,,7,A,8,D#,8,G,8,C
Cm6,3.3.5.x.4.5,2,1,3,5,1,0,5,3,5,2,True,False,3,G,3,C,5,G,x,,4,D#,5,A
Cm6,x.3.x.2.4.3,1,1,4,4,2,0,4,2,4,2,True,False,x,,3,C,x,,2,A,4,D#,3,G
Cm6,x.3.x.0.4.5,1,1,5,4,2,1,3,3,5,2,True,False,x,,3,C,x,,0,G,4,D#,5,A
Cm6/5+,x.3.x.2.4.4,1,1,1,4,2,0,4,2,4,2,True,False,x,,3,C,x,,2,A,4,D#,4,G#
Cm6/A,x.x.7.8.8.8,1,1,1,4,2,0,4,7,8,1,True,False,x,,x,,7,A,8,D#,8,G,8,C
CM7,x.3.2.0.0.0,4,1,1,5,1,3,2,2,3,1,True,False,x,,3,C,2,E,0,G,0,B,0,E
Cm7,x.3.5.3.4.3,84,12,1,5,1,0,5,3,5,2,True,False,x,,3,C,5,G,3,A#,4,D#,3,G
Cm7,x.3.1.3.1.3,48,8,2,5,1,0,5,1,3,2,True,False,x,,3,C,1,D#,3,A#,1,C,3,G
Cm7,x.x.5.3.4.3,18,2,3,4,2,0,4,3,5,2,True,False,x,,x,,5,G,3,A#,4,D#,3,G
Cm7,8.x.8.8.8.x,15,3,4,4,2,0,4,8,8,0,True,False,8,C,x,,8,A#,8,D#,8,G,x,
Cm7,x.3.5.3.4.x,9,3,5,4,2,0,4,3,5,2,True,False,x,,3,C,5,G,3,A#,4,D#,x,
Cm7,x.x.8.8.8.8,5,2,6,4,2,0,4,8,8,0,True,False,x,,x,,8,A#,8,D#,8,G,8,C
Cm7,x.3.x.3.4.3,4,3,7,4,2,0,4,3,4,1,True,False,x,,3,C,x,,3,A#,4,D#,3,G
Cm7,8.10.8.8.8.8,3,2,8,6,0,0,6,8,10,2,True,False,8,C,10,G,8,A#,8,D#,8,G,8,C
Cm7,x.3.1.3.4.x,3,1,9,4,2,0,4,1,4,3,True,False,x,,3,C,1,D#,3,A#,4,D#,x,
Cm7,x.3.x.3.4.x,1,1,10,3,3,0,3,3,4,1,True,False,x,,3,C,x,,3,A#,4,D#,x,
Cm7,3.3.5.3.4.3,1,1,11,6,0,0,6,3,5,2,True,False,3,G,3,C,5,G,3,A#,4,D#,3,G
Cm7,x.x.x.5.4.6,1,1,12,3,3,0,3,4,6,2,True,False,x,,x,,x,,5,C,4,D#,6,A#
Cm7(5-),x.3.4.3.4.x,2,1,1,4,2,0,4,3,4,1,True,False,x,,3,C,4,F#,3,A#,4,D#,x,
Cm7/5+,4.x.1.3.1.x,1,1,1,4,2,0,4,1,4,3,True,False,4,G#,x,,1,D#,3,A#,1,C,x,
Cm7/5+,x.3.6.3.4.3,1,1,2,5,1,0,5,3,6,3,True,False,x,,3,C,6,G#,3,A#,4,D#,3,G
Cm7/5-,x.3.1.3.1.2,6,3,1,5,1,0,5,1,3,2,True,False,x,,3,C,1,D#,3,A#,1,C,2,F#
Cm7/5-,x.3.4.3.4.x,5,2,2,4,2,0,4,3,4,1,True,False,x,,3,C,4,F#,3,A#,4,D#,x,
Cm7/5-,x.3.x.3.4.2,1,1,3,4,2,0,4,2,4,2,True,False,x,,3,C,x,,3,A#,4,D#,2,F#
Cm7/G,3.3.5.3.4.3,12,2,1,6,0,0,6,3,5,2,True,False,3,G,3,C,5,G,3,A#,4,D#,3,G
Cm7/G,3.x.1.3.x.x,1,1,2,3,3,0,3,1,3,2,True,False,3,G,x,,1,D#,3,A#,x,,x,
Cm7M,x.x.9.8.8.8,3,1,1,4,2,0,4,8,9,1,True,False,x,,x,,9,B,8,D#,8,G,8,C
Cm7M,x.6.x.x.0.8,1,1,2,3,3,1,2,6,8,2,True,True,x,,6,D#,x,,x,,0,B,8,C
Cm7M/5-,8.9.10.8.7.7,1,1,1,6,0,0,6,7,10,3,True,False,8,C,9,F#,10,C,8,D#,7,F#,7,B
Cm9,x.3.0.3.4.3,2,1,1,5,1,1,4,3,4,1,True,False,x,,3,C,0,D,3,A#,4,D#,3,G
Cm9,x.3.1.3.3.x,1,1,2,4,2,0,4,1,3,2,True,False,x,,3,C,1,D#,3,A#,3,D,x,
Cm9,x.3.5.3.3.3,1,1,3,5,1,0,5,3,5,2,True,False,x,,3,C,5,G,3,A#,3,D,3,G
Cm9,8.x.8.7.4.x,1,1,4,4,2,0,4,4,8,4,True,False,8,C,x,,8,A#,7,D,4,D#,x,
Cm9/G,3.x.1.3.3.x,1,1,1,4,2,0,4,1,3,2,True,False,3,G,x,,1,D#,3,A#,3,D,x,
Cmadd13-,x.3.x.0.4.4,1,1,1,4,2,1,3,3,4,1,True,False,x,,3,C,x,,0,G,4,D#,4,G#
Cmadd9,x.x.10.8.8.10,3,2,1,4,2,0,4,8,10,2,True,False,x,,x,,10,C,8,D#,8,G,10,D
Cmadd9,x.3.1.0.3.3,1,1,2,5,1,1,4,1,3,2,True,False,x,,3,C,1,D#,0,G,3,D,3,G
Cmadd9,x.3.5.7.4.3,1,1,3,5,1,0,5,3,7,4,True,False,x,,3,C,5,G,7,D,4,D#,3,G
Cmaj7,x.3.2.0.0.0,32,7,1,5,1,3,2,2,3,1,True,False,x,,3,C,2,E,0,G,0,B,0,E
Cmaj7,x.3.5.5.0.x,2,1,2,4,2,1,3,3,5,2,True,False,x,,3,C,5,G,5,C,0,B,x,
Cmaj7,x.3.x.0.0.0,1,1,3,4,2,3,1,3,3,0,True,False,x,,3,C,x,,0,G,0,B,0,E
Cmaj7,8.7.9.0.x.x,1,1,4,4,2,1,3,7,9,2,True,True,8,C,7,E,9,B,0,G,x,,x,
Cmaj7/E,0.x.5.5.5.7,1,1,1,5,1,1,4,5,7,2,True,False,0,E,x,,5,G,5,C,5,E,7,B
ConBb,6.x.5.5.5.x,8,2,1,4,2,0,4,5,6,1,True,False,6,A#,x,,5,G,5,C,5,E,x,
Csus,3.3.3.5.6.x,2,1,1,5,1,0,5,3,6,3,True,False,3,G,3,C,3,F,5,C,6,F,x,
Csus2,x.3.5.5.3.3,78,15,1,5,1,0,5,3,5,2,True,False,x,,3,C,5,G,5,C,3,D,3,G
Csus2,x.3.5.5.3.x,23,3,2,4,2,0,4,3,5,2,True,False,x,,3,C,5,G,5,C,3,D,x,
Csus2,x.3.0.0.3.x,16,5,3,4,2,2,2,3,3,0,True,False,x,,3,C,0,D,0,G,3,D,x,
Csus2,x.3.x.x.3.x,13,1,4,2,4,0,2,3,3,0,True,False,x,,3,C,x,,x,,3,D,x,
Csus2,x.3.0.x.x.x,12,1,5,2,4,1,1,3,3,0,True,False,x,,3,C,0,D,x,,x,,x,
Csus2,x.3.x.0.3.x,12,7,6,3,3,1,2,3,3,0,True,False,x,,3,C,x,,0,G,3,D,x,
Csus2,x.3.0.0.3.3,9,2,7,5,1,2,3,3,3,0,True,False,x,,3,C,0,D,0,G,3,D,3,G
Csus2,x.3.0.0.1.x,6,4,8,4,2,2,2,1,3,2,True,False,x,,3,C,0,D,0,G,1,C,x,
Csus2,8.x.0.7.8.10,6,1,9,5,1,1,4,7,10,3,True,True,8,C,x,,0,D,7,D,8,G,10,D
Csus2,x.3.0.0.1.3,5,2,10,5,1,2,3,1,3,2,True,False,x,,3,C,0,D,0,G,1,C,3,G
Csus2,x.x.0.5.3.3,4,1,11,4,2,1,3,3,5,2,True,False,x,,x,,0,D,5,C,3,D,3,G
Csus2,x.3.x.0.3.3,3,2,12,4,2,1,3,3,3,0,True,False,x,,3,C,x,,0,G,3,D,3,G
Csus2,x.3.x.x.3.3,3,2,13,3,3,0,3,3,3,0,True,False,x,,3,C,x,,x,,3,D,3,G
Csus2,3.x.0.0.1.x,1,1,14,4,2,2,2,1,3,2,True,False,3,G,x,,0,D,0,G,1,C,x,
Csus2,3.3.5.5.3.3,1,1,15,6,0,0,6,3,5,2,True,False,3,G,3,C,5,G,5,C,3,D,3,G
Csus2,3.3.5.5.3.x,1,1,16,5,1,0,5,3,5,2,True,False,3,G,3,C,5,G,5,C,3,D,x,
Csus2,3.5.5.5.x.3,1,1,17,5,1,0,5,3,5,2,True,False,3,G,5,D,5,G,5,C,x,,3,G
Csus2,x.x.x.5.3.3,1,1,18,3,3,0,3,3,5,2,True,False,x,,x,,x,,5,C,3,D,3,G
Csus2 (type 2),x.x.10.7.8.10,1,1,1,4,2,0,4,7,10,3,True,False,x,,x,,10,C,7,D,8,G,10,D
Csus2/B,x.2.0.x.1.x,17,1,1,3,3,1,2,1,2,1,True,False,x,,2,B,0,D,x,,1,C,x,
Csus2/F,1.3.0.0.x.x,27,2,1,4,2,2,2,1,3,2,True,False,1,F,3,C,0,D,0,G,x,,x,
Csus2add11+,x.3.4.0.3.x,1,1,1,4,2,1,3,3,4,1,True,False,x,,3,C,4,F#,0,G,3,D,x,
Csus2add13,x.x.7.7.8.8,2,1,1,4,2,0,4,7,8,1,True,False,x,,x,,7,A,7,D,8,G,8,C
Csus4,x.3.3.0.1.x,8,6,1,4,2,1,3,1,3,2,True,False,x,,3,C,3,F,0,G,1,C,x,
Csus4,x.x.x.5.6.3,7,1,2,3,3,0,3,3,6,3,True,False,x,,x,,x,,5,C,6,F,3,G
Csus4,8.8.10.10.8.8,4,1,3,6,0,0,6,8,10,2,True,False,8,C,8,F,10,C,10,F,8,G,8,C
Csus4,x.3.3.0.1.1,3,2,4,5,1,1,4,1,3,2,True,False,x,,3,C,3,F,0,G,1,C,1,F
Csus4,x.3.x.x.1.1,3,1,5,3,3,0,3,1,3,2,True,False,x,,3,C,x,,x,,1,C,1,F
Csus4,x.x.5.5.6.x,2,2,6,3,3,0,3,5,6,1,True,False,x,,x,,5,G,5,C,6,F,x,
Csus4,x.3.3.0.1.0,2,1,7,5,1,2,3,1,3,2,True,False,x,,3,C,3,F,0,G,1,C,0,E
Csus4,x.3.x.0.1.1,2,1,8,4,2,1,3,1,3,2,True,False,x,,3,C,x,,0,G,1,C,1,F
Csus4,8.10.10.10.8.8,2,1,9,6,0,0,6,8,10,2,True,False,8,C,10,G,10,C,10,F,8,G,8,C
Csus4,x.3.3.0.x.x,1,1,10,3,3,1,2,3,3,0,True,False,x,,3,C,3,F,0,G,x,,x,
Csus4,8.8.5.5.x.x,1,1,11,4,2,0,4,5,8,3,True,False,8,C,8,F,5,G,5,C,x,,x,
Csus4,x.3.5.5.1.1,1,1,12,5,1,0,5,1,5,4,True,False,x,,3,C,5,G,5,C,1,C,1,F
Csus4/G,3.3.5.5.6.3,4,1,1,6,0,0,6,3,6,3,True,False,3,G,3,C,5,G,5,C,6,F,3,G
Csus4add13/D,x.5.7.5.6.x,2,1,1,4,2,0,4,5,7,2,True,False,x,,5,D,7,A,5,C,6,F,x,
Csus4add9,x.3.3.x.3.x,18,1,1,3,3,0,3,3,3,0,True,False,x,,3,C,3,F,x,,3,D,x,
Csus4add9,x.3.0.0.1.1,5,1,2,5,1,2,3,1,3,2,True,False,x,,3,C,0,D,0,G,1,C,1,F
D,x.x.0.2.3.2,6252,641,1,4,2,1,3,2,3,1,True,False,x,,x,,0,D,2,A,3,D,2,F#
D,x.5.7.7.7.5,719,97,2,5,1,0,5,5,7,2,True,False,x,,5,D,7,A,7,D,7,F#,5,A
D,x.0.0.2.3.2,279,37,3,5,1,2,3,2,3,1,True,False,x,,0,A,0,D,2,A,3,D,2,F#
D,x.x.x.2.3.2,273,34,4,3,3,0,3,2,3,1,True,False,x,,x,,x,,2,A,3,D,2,F#
D,x.5.7.7.7.x,193,39,5,4,2,0,4,5,7,2,True,False,x,,5,D,7,A,7,D,7,F#,x,
D,x.x.0.7.7.5,109,20,6,4,2,1,3,5,7,2,True,False,x,,x,,0,D,7,D,7,F#,5,A
D,2.0.0.2.3.2,73,12,7,6,0,2,4,2,3,1,True,False,2,F#,0,A,0,D,2,A,3,D,2,F#
D,x.0.4.2.3.x,56,3,8,4,2,1,3,2,4,2,True,False,x,,0,A,4,F#,2,A,3,D,x,
D,10.12.12.11.x.x,56,3,9,4,2,0,4,10,12,2,True,False,10,D,12,A,12,D,11,F#,x,,x,
D,x.5.4.2.3.2,43,10,10,5,1,0,5,2,5,3,True,False,x,,5,D,4,F#,2,A,3,D,2,F#
D,2.x.0.2.3.2,40,12,11,5,1,1,4,2,3,1,True,False,2,F#,x,,0,D,2,A,3,D,2,F#
D,2.x.0.2.3.x,34,12,12,4,2,1,3,2,3,1,True,False,2,F#,x,,0,D,2,A,3,D,x,
D,10.12.12.11.10.10,34,14,13,6,0,0,6,10,12,2,True,False,10,D,12,A,12,D,11,F#,10,A,10,D
D,x.0.0.2.3.x,32,9,14,4,2,2,2,2,3,1,True,False,x,,0,A,0,D,2,A,3,D,x,
D,x.0.7.7.7.x,28,2,15,4,2,1,3,7,7,0,True,True,x,,0,A,7,A,7,D,7,F#,x,
D,x.x.0.11.10.10,28,3,16,4,2,1,3,10,11,1,True,True,x,,x,,0,D,11,F#,10,A,10,D
D,2.0.0.2.3.x,26,7,17,5,1,2,3,2,3,1,True,False,2,F#,0,A,0,D,2,A,3,D,x,
D,2.x.x.2.3.x,24,9,18,3,3,0,3,2,3,1,True,False,2,F#,x,,x,,2,A,3,D,x,
D,x.6.8.8.8.6,24,2,19,5,1,0,5,6,8,2,True,False,x,,6,D#,8,A#,8,D#,8,G,6,A#
D,x.x.12.11.10.10,24,5,20,4,2,0,4,10,12,2,True,False,x,,x,,12,D,11,F#,10,A,10,D
D,0.0.0.2.3.2,23,9,21,6,0,3,3,2,3,1,True,False,0,E,0,A,0,D,2,A,3,D,2,F#
D,x.5.4.x.x.x,23,2,22,2,4,0,2,4,5,1,True,False,x,,5,D,4,F#,x,,x,,x,
D,x.x.0.7.7.10,23,9,23,4,2,1,3,7,10,3,True,True,x,,x,,0,D,7,D,7,F#,10,D
D,x.x.x.7.7.5,22,9,24,3,3,0,3,5,7,2,True,False,x,,x,,x,,7,D,7,F#,5,A
D,2.5.4.2.3.2,21,5,25,6,0,0,6,2,5,3,True,False,2,F#,5,D,4,F#,2,A,3,D,2,F#
D,x.5.4.2.x.x,21,6,26,3,3,0,3,2,5,3,True,False,x,,5,D,4,F#,2,A,x,,x,
D,x.x.7.7.7.x,20,6,27,3,3,0,3,7,7,0,True,False,x,,x,,7,A,7,D,7,F#,x,
D,5.5.4.x.x.x,19,1,28,3,3,0,3,4,5,1,True,False,5,A,5,D,4,F#,x,,x,,x,
D,x.x.7.7.x.x,16,2,29,2,4,0,2,7,7,0,True,False,x,,x,,7,A,7,D,x,,x,
D,x.5.4.2.3.x,16,12,30,4,2,0,4,2,5,3,True,False,x,,5,D,4,F#,2,A,3,D,x,
D,x.x.4.2.3.2,14,5,31,4,2,0,4,2,4,2,True,False,x,,x,,4,F#,2,A,3,D,2,F#
D,5.5.7.x.x.x,13,4,32,3,3,0,3,5,7,2,True,False,5,A,5,D,7,A,x,,x,,x,
D,5.5.7.7.7.5,12,4,33,6,0,0,6,5,7,2,True,False,5,A,5,D,7,A,7,D,7,F#,5,A
D,x.5.7.7.x.x,12,2,34,3,3,0,3,5,7,2,True,False,x,,5,D,7,A,7,D,x,,x,
D,x.x.0.2.3.5,11,6,35,4,2,1,3,2,5,3,True,False,x,,x,,0,D,2,A,3,D,5,A
D,x.x.x.x.10.10,10,1,36,2,4,0,2,10,10,0,True,False,x,,x,,x,,x,,10,A,10,D
D,3.2.0.0.3.3,10,2,37,6,0,2,4,2,3,1,True,False,3,G,2,B,0,D,0,G,3,D,3,G
D,x.x.4.2.3.x,10,6,38,3,3,0,3,2,4,2,True,False,x,,x,,4,F#,2,A,3,D,x,
D,x.0.0.7.7.5,10,7,39,5,1,2,3,5,7,2,True,False,x,,0,A,0,D,7,D,7,F#,5,A
D,2.5.4.2.x.x,10,1,40,4,2,0,4,2,5,3,True,False,2,F#,5,D,4,F#,2,A,x,,x,
D,10.9.0.7.10.10,10,1,41,6,0,1,5,7,10,3,True,True,10,D,9,F#,0,D,7,D,10,A,10,D
D,x.0.0.2.x.x,9,2,42,3,3,2,1,2,2,0,True,False,x,,0,A,0,D,2,A,x,,x,
D,x.0.x.2.3.2,9,1,43,4,2,1,3,2,3,1,True,False,x,,0,A,x,,2,A,3,D,2,F#
D,x.x.0.2.3.x,9,2,44,3,3,1,2,2,3,1,True,False,x,,x,,0,D,2,A,3,D,x,
D,x.x.x.11.10.10,9,3,45,3,3,0,3,10,11,1,True,False,x,,x,,x,,11,F#,10,A,10,D
D,x.0.4.2.3.2,9,2,46,5,1,1,4,2,4,2,True,False,x,,0,A,4,F#,2,A,3,D,2,F#
D,7.7.x.x.x.x,8,1,47,2,4,0,2,7,7,0,True,False,7,B,7,E,x,,x,,x,,x,
D,x.x.7.7.7.5,8,6,48,4,2,0,4,5,7,2,True,False,x,,x,,7,A,7,D,7,F#,5,A
D,10.9.7.7.7.10,8,1,49,6,0,0,6,7,10,3,True,False,10,D,9,F#,7,A,7,D,7,F#,10,D
D,5.5.7.7.7.x,7,1,50,5,1,0,5,5,7,2,True,False,5,A,5,D,7,A,7,D,7,F#,x,
D,x.5.7.x.7.x,7,2,51,3,3,0,3,5,7,2,True,False,x,,5,D,7,A,x,,7,F#,x,
D,5.5.x.x.x.x,6,1,52,2,4,0,2,5,5,0,True,False,5,A,5,D,x,,x,,x,,x,
D,x.x.x.2.3.x,6,4,53,2,4,0,2,2,3,1,True,False,x,,x,,x,,2,A,3,D,x,
D,0.x.0.2.3.2,5,1,54,5,1,2,3,2,3,1,True,False,0,E,x,,0,D,2,A,3,D,2,F#
D,x.x.0.x.3.2,5,4,55,3,3,1,2,2,3,1,True,False,x,,x,,0,D,x,,3,D,2,F#
D,x.5.4.x.3.5,5,1,56,4,2,0,4,3,5,2,True,False,x,,5,D,4,F#,x,,3,D,5,A
D,x.x.12.11.10.x,5,2,57,3,3,0,3,10,12,2,True,False,x,,x,,12,D,11,F#,10,A,x,
D,0.0.0.2.3.5,5,1,58,6,0,3,3,2,5,3,True,False,0,E,0,A,0,D,2,A,3,D,5,A
D,x.0.0.x.x.x,4,1,59,2,4,2,0,0,0,0,True,False,x,,0,A,0,D,x,,x,,x,
D,0.2.2.0.0.x,4,1,60,5,1,3,2,2,2,0,True,False,0,E,2,B,2,E,0,G,0,B,x,
D,x.x.0.2.x.2,4,3,61,3,3,1,2,2,2,0,True,False,x,,x,,0,D,2,A,x,,2,F#
D,0.x.4.2.3.x,4,2,62,4,2,1,3,2,4,2,True,False,0,E,x,,4,F#,2,A,3,D,x,
D,5.x.x.7.7.x,4,1,63,3,3,0,3,5,7,2,True,False,5,A,x,,x,,7,D,7,F#,x,
D,2.x.x.2.3.5,4,1,64,4,2,0,4,2,5,3,True,False,2,F#,x,,x,,2,A,3,D,5,A
D,10.9.7.7.x.x,4,1,65,4,2,0,4,7,10,3,True,False,10,D,9,F#,7,A,7,D,x,,x,
D,2.0.0.2.x.2,3,3,66,5,1,2,3,2,2,0,True,False,2,F#,0,A,0,D,2,A,x,,2,F#
D,2.x.0.2.x.x,3,2,67,3,3,1,2,2,2,0,True,False,2,F#,x,,0,D,2,A,x,,x,
D,x.x.0.x.x.2,3,2,68,2,4,1,1,2,2,0,True,False,x,,x,,0,D,x,,x,,2,F#
D,x.9.0.x.10.10,3,1,69,4,2,1,3,9,10,1,True,True,x,,9,F#,0,D,x,,10,A,10,D
D,x.12.12.11.x.x,3,2,70,3,3,0,3,11,12,1,True,False,x,,12,A,12,D,11,F#,x,,x,
D,0.0.4.2.3.2,3,1,71,6,0,2,4,2,4,2,True,False,0,E,0,A,4,F#,2,A,3,D,2,F#
D,x.x.4.x.3.5,3,2,72,3,3,0,3,3,5,2,True,False,x,,x,,4,F#,x,,3,D,5,A
D,5.5.7.7.x.x,3,3,73,4,2,0,4,5,7,2,True,False,5,A,5,D,7,A,7,D,x,,x,
D,x.9.7.7.7.x,3,2,74,4,2,0,4,7,9,2,True,False,x,,9,F#,7,A,7,D,7,F#,x,
D,0.5.4.2.3.2,3,1,75,6,0,1,5,2,5,3,True,False,0,E,5,D,4,F#,2,A,3,D,2,F#
D,x.0.x.2.3.5,3,2,76,4,2,1,3,2,5,3,True,False,x,,0,A,x,,2,A,3,D,5,A
D,x.x.0.x.x.x,2,2,77,1,5,1,0,0,0,0,True,False,x,,x,,0,D,x,,x,,x,
D,0.0.0.2.3.x,2,1,78,5,1,3,2,2,3,1,True,False,0,E,0,A,0,D,2,A,3,D,x,
D,x.0.x.2.3.x,2,1,79,3,3,1,2,2,3,1,True,False,x,,0,A,x,,2,A,3,D,x,
D,x.x.x.x.3.2,2,2,80,2,4,0,2,2,3,1,True,False,x,,x,,x,,x,,3,D,2,F#
D,10.x.x.11.10.10,2,1,81,4,2,0,4,10,11,1,True,False,10,D,x,,x,,11,F#,10,A,10,D
D,x.x.0.11.x.10,2,1,82,3,3,1,2,10,11,1,True,True,x,,x,,0,D,11,F#,x,,10,D
D,x.0.4.2.x.x,2,1,83,3,3,1,2,2,4,2,True,False,x,,0,A,4,F#,2,A,x,,x,
D,x.x.0.x.7.5,2,1,84,3,3,1,2,5,7,2,True,False,x,,x,,0,D,x,,7,F#,5,A
D,10.x.12.11.x.x,2,2,85,3,3,0,3,10,12,2,True,False,10,D,x,,12,D,11,F#,x,,x,
D,2.5.4.x.x.x,2,2,86,3,3,0,3,2,5,3,True,False,2,F#,5,D,4,F#,x,,x,,x,
D,5.5.4.2.x.x,2,1,87,4,2,0,4,2,5,3,True,False,5,A,5,D,4,F#,2,A,x,,x,
D,x.5.4.x.7.5,2,1,88,4,2,0,4,4,7,3,True,False,x,,5,D,4,F#,x,,7,F#,5,A
D,10.9.7.x.x.10,2,1,89,4,2,0,4,7,10,3,True,False,10,D,9,F#,7,A,x,,x,,10,D
D,x.0.7.7.7.10,2,1,90,5,1,1,4,7,10,3,True,True,x,,0,A,7,A,7,D,7,F#,10,D
D,x.x.0.x.7.10,2,2,91,3,3,1,2,7,10,3,True,True,x,,x,,0,D,x,,7,F#,10,D
D,x.x.7.7.7.10,2,2,92,4,2,0,4,7,10,3,True,False,x,,x,,7,A,7,D,7,F#,10,D
D,3.x.0.0.0.3,1,1,93,5,1,3,2,3,3,0,True,False,3,G,x,,0,D,0,G,0,B,3,G
D,x.0.x.x.3.x,1,1,94,2,4,1,1,3,3,0,True,False,x,,0,A,x,,x,,3,D,x,
D,x.x.0.7.7.x,1,1,95,3,3,1,2,7,7,0,True,True,x,,x,,0,D,7,D,7,F#,x,
D,x.x.0.x.7.x,1,1,96,2,4,1,1,7,7,0,True,True,x,,x,,0,D,x,,7,F#,x,
D,x.x.0.14.x.14,1,1,97,3,3,1,2,14,14,0,True,True,x,,x,,0,D,14,A,x,,14,F#
D,0.x.x.2.3.x,1,1,98,3,3,1,2,2,3,1,True,False,0,E,x,,x,,2,A,3,D,x,
D,2.0.x.2.3.2,1,1,99,5,1,1,4,2,3,1,True,False,2,F#,0,A,x,,2,A,3,D,2,F#
D,x.x.4.x.3.x,1,1,100,2,4,0,2,3,4,1,True,False,x,,x,,4,F#,x,,3,D,x,
D,x.9.x.x.10.10,1,1,101,3,3,0,3,9,10,1,True,False,x,,9,F#,x,,x,,10,A,10,D
D,0.0.0.11.10.10,1,1,102,6,0,3,3,10,11,1,True,True,0,E,0,A,0,D,11,F#,10,A,10,D
D,x.x.0.11.10.x,1,1,103,3,3,1,2,10,11,1,True,True,x,,x,,0,D,11,F#,10,A,x,
D,x.x.0.14.15.14,1,1,104,4,2,1,3,14,15,1,True,True,x,,x,,0,D,14,A,15,D,14,F#
D,x.x.3.2.3.1,1,1,105,4,2,0,4,1,3,2,True,False,x,,x,,3,F,2,A,3,D,1,F
D,0.2.4.2.3.2,1,1,106,6,0,1,5,2,4,2,True,False,0,E,2,B,4,F#,2,A,3,D,2,F#
D,0.2.4.2.3.x,1,1,107,5,1,1,4,2,4,2,True,False,0,E,2,B,4,F#,2,A,3,D,x,
D,0.x.4.2.3.2,1,1,108,5,1,1,4,2,4,2,True,False,0,E,x,,4,F#,2,A,3,D,2,F#
D,2.0.4.2.3.2,1,1,109,6,0,1,5,2,4,2,True,False,2,F#,0,A,4,F#,2,A,3,D,2,F#
D,2.x.4.2.3.x,1,1,110,4,2,0,4,2,4,2,True,False,2,F#,x,,4,F#,2,A,3,D,x,
D,x.0.4.x.3.2,1,1,111,4,2,1,3,2,4,2,True,False,x,,0,A,4,F#,x,,3,D,2,F#
D,x.x.4.x.3.2,1,1,112,3,3,0,3,2,4,2,True,False,x,,x,,4,F#,x,,3,D,2,F#
D,x.5.x.x.3.x,1,1,113,2,4,0,2,3,5,2,True,False,x,,5,D,x,,x,,3,D,x,
D,0.0.0.x.7.5,1,1,114,5,1,3,2,5,7,2,True,False,0,E,0,A,0,D,x,,7,F#,5,A
D,0.x.x.x.7.5,1,1,115,3,3,1,2,5,7,2,True,False,0,E,x,,x,,x,,7,F#,5,A
D,x.5.7.6.7.5,1,1,116,5,1,0,5,5,7,2,True,False,x,,5,D,7,A,6,C#,7,F#,5,A
D,x.x.5.7.7.x,1,1,117,3,3,0,3,5,7,2,True,False,x,,x,,5,G,7,D,7,F#,x,
D,10.12.12.11.10.x,1,1,118,5,1,0,5,10,12,2,True,False,10,D,12,A,12,D,11,F#,10,A,x,
D,10.12.12.11.x.10,1,1,119,5,1,0,5,10,12,2,True,False,10,D,12,A,12,D,11,F#,x,,10,D
D,10.x.12.11.x.10,1,1,120,4,2,0,4,10,12,2,True,False,10,D,x,,12,D,11,F#,x,,10,D
D,x.12.x.11.x.10,1,1,121,3,3,0,3,10,12,2,True,False,x,,12,A,x,,11,F#,x,,10,D
D,x.x.12.11.x.10,1,1,122,3,3,0,3,10,12,2,True,False,x,,x,,12,D,11,F#,x,,10,D
D,0.5.4.2.3.x,1,1,123,5,1,1,4,2,5,3,True,False,0,E,5,D,4,F#,2,A,3,D,x,
D,2.5.x.2.3.x,1,1,124,4,2,0,4,2,5,3,True,False,2,F#,5,D,x,,2,A,3,D,x,
D,2.x.0.2.x.5,1,1,125,4,2,1,3,2,5,3,True,False,2,F#,x,,0,D,2,A,x,,5,A
D,2.x.4.2.3.5,1,1,126,5,1,0,5,2,5,3,True,False,2,F#,x,,4,F#,2,A,3,D,5,A
D,x.0.4.2.3.5,1,1,127,5,1,1,4,2,5,3,True,False,x,,0,A,4,F#,2,A,3,D,5,A
D,x.5.4.2.2.2,1,1,128,5,1,0,5,2,5,3,True,False,x,,5,D,4,F#,2,A,2,C#,2,F#
D,x.x.4.2.3.5,1,1,129,4,2,0,4,2,5,3,True,False,x,,x,,4,F#,2,A,3,D,5,A
D,x.5.4.7.7.5,1,1,130,5,1,0,5,4,7,3,True,False,x,,5,D,4,F#,7,D,7,F#,5,A
D,x.x.4.7.7.x,1,1,131,3,3,0,3,4,7,3,True,False,x,,x,,4,F#,7,D,7,F#,x,
D,10.0.7.7.7.10,1,1,132,6,0,1,5,7,10,3,True,True,10,D,0,A,7,A,7,D,7,F#,10,D
D,10.9.7.7.10.10,1,1,133,6,0,0,6,7,10,3,True,False,10,D,9,F#,7,A,7,D,10,A,10,D
D,x.0.0.7.7.10,1,1,134,5,1,2,3,7,10,3,True,True,x,,0,A,0,D,7,D,7,F#,10,D
D (A),x.0.2.2.2.0,10,1,1,5,1,2,3,2,2,0,True,False,x,,0,A,2,E,2,A,2,C#,0,E
D (h),x.x.x.7.7.5,1,1,1,3,3,0,3,5,7,2,True,False,x,,x,,x,,7,D,7,F#,5,A
D (no3),x.x.0.2.3.5,2,1,1,4,2,1,3,2,5,3,True,False,x,,x,,0,D,2,A,3,D,5,A
D 4/2,x.x.0.0.3.0,1,1,1,4,2,3,1,3,3,0,True,False,x,,x,,0,D,0,G,3,D,0,E
D n°3,x.0.0.2.3.5,12,2,1,5,1,2,3,2,5,3,True,False,x,,0,A,0,D,2,A,3,D,5,A
D sus4,x.x.0.2.3.3,1,1,1,4,2,1,3,2,3,1,True,False,x,,x,,0,D,2,A,3,D,3,G
D#,x.6.8.8.8.6,116,18,1,5,1,0,5,6,8,2,True,False,x,,6,D#,8,A#,8,D#,8,G,6,A#
D#,x.6.5.3.4.3,102,9,2,5,1,0,5,3,6,3,True,False,x,,6,D#,5,G,3,A#,4,D#,3,G
D#,x.7.9.9.9.7,37,1,3,5,1,0,5,7,9,2,True,False,x,,7,E,9,B,9,E,9,G#,7,B
D#,6.6.8.8.8.6,36,2,4,6,0,0,6,6,8,2,True,False,6,A#,6,D#,8,A#,8,D#,8,G,6,A#
D#,x.1.1.x.x.x,32,2,5,2,4,0,2,1,1,0,True,False,x,,1,A#,1,D#,x,,x,,x,
D#,x.x.1.3.4.3,32,5,6,4,2,0,4,1,4,3,True,False,x,,x,,1,D#,3,A#,4,D#,3,G
D#,x.x.x.3.4.3,14,2,7,3,3,0,3,3,4,1,True,False,x,,x,,x,,3,A#,4,D#,3,G
D#,x.6.8.8.8.x,12,2,8,4,2,0,4,6,8,2,True,False,x,,6,D#,8,A#,8,D#,8,G,x,
D#,x.x.5.3.4.x,9,1,9,3,3,0,3,3,5,2,True,False,x,,x,,5,G,3,A#,4,D#,x,
D#,x.6.5.3.4.x,9,5,10,4,2,0,4,3,6,3,True,False,x,,6,D#,5,G,3,A#,4,D#,x,
D#,1.3.3.2.1.x,8,4,11,5,1,0,5,1,3,2,True,False,1,F,3,C,3,F,2,A,1,C,x,
D#,x.x.x.8.8.6,8,4,12,3,3,0,3,6,8,2,True,False,x,,x,,x,,8,D#,8,G,6,A#
D#,x.x.13.12.11.11,8,1,13,4,2,0,4,11,13,2,True,False,x,,x,,13,D#,12,G,11,A#,11,D#
D#,11.13.13.12.11.11,7,2,14,6,0,0,6,11,13,2,True,False,11,D#,13,A#,13,D#,12,G,11,A#,11,D#
D#,x.6.5.3.x.x,7,1,15,3,3,0,3,3,6,3,True,False,x,,6,D#,5,G,3,A#,x,,x,
D#,x.x.x.3.4.6,7,1,16,3,3,0,3,3,6,3,True,False,x,,x,,x,,3,A#,4,D#,6,A#
D#,3.6.5.3.4.3,5,1,17,6,0,0,6,3,6,3,True,False,3,G,6,D#,5,G,3,A#,4,D#,3,G
D#,3.x.5.3.4.3,4,2,18,5,1,0,5,3,5,2,True,False,3,G,x,,5,G,3,A#,4,D#,3,G
D#,6.6.8.x.x.x,4,1,19,3,3,0,3,6,8,2,True,False,6,A#,6,D#,8,A#,x,,x,,x,
D#,11.10.8.8.8.11,4,1,20,6,0,0,6,8,11,3,True,False,11,D#,10,G,8,A#,8,D#,8,G,11,D#
D#,6.6.x.x.x.x,3,3,21,2,4,0,2,6,6,0,True,False,6,A#,6,D#,x,,x,,x,,x,
D#,x.6.x.8.8.x,3,1,22,3,3,0,3,6,8,2,True,False,x,,6,D#,x,,8,D#,8,G,x,
D#,x.x.13.12.11.x,3,1,23,3,3,0,3,11,13,2,True,False,x,,x,,13,D#,12,G,11,A#,x,
D#,6.6.x.0.4.x,2,1,24,4,2,1,3,4,6,2,True,False,6,A#,6,D#,x,,0,G,4,D#,x,
D#,x.6.8.8.x.x,2,1,25,3,3,0,3,6,8,2,True,False,x,,6,D#,8,A#,8,D#,x,,x,
D#,x.6.x.0.8.x,2,1,26,3,3,1,2,6,8,2,True,True,x,,6,D#,x,,0,G,8,G,x,
D#,x.13.13.12.11.x,2,1,27,4,2,0,4,11,13,2,True,False,x,,13,A#,13,D#,12,G,11,A#,x,
D#,x.x.1.0.4.x,2,1,28,3,3,1,2,1,4,3,True,False,x,,x,,1,D#,0,G,4,D#,x,
D#,x.x.1.0.x.x,1,1,29,2,4,1,1,1,1,0,True,False,x,,x,,1,D#,0,G,x,,x,
D#,x.x.8.8.8.x,1,1,30,3,3,0,3,8,8,0,True,False,x,,x,,8,A#,8,D#,8,G,x,
D#,3.2.0.0.0.3,1,1,31,6,0,3,3,2,3,1,True,False,3,G,2,B,0,D,0,G,0,B,3,G
D#,x.x.1.3.x.3,1,1,32,3,3,0,3,1,3,2,True,False,x,,x,,1,D#,3,A#,x,,3,G
D#,x.x.5.3.4.3,1,1,33,4,2,0,4,3,5,2,True,False,x,,x,,5,G,3,A#,4,D#,3,G
D#,6.6.5.x.4.x,1,1,34,4,2,0,4,4,6,2,True,False,6,A#,6,D#,5,G,x,,4,D#,x,
D#,x.6.x.8.8.6,1,1,35,4,2,0,4,6,8,2,True,False,x,,6,D#,x,,8,D#,8,G,6,A#
D#,x.10.8.8.8.x,1,1,36,4,2,0,4,8,10,2,True,False,x,,10,G,8,A#,8,D#,8,G,x,
D#,x.x.17.15.16.x,1,1,37,3,3,0,3,15,17,2,True,False,x,,x,,17,G,15,A#,16,D#,x,
D#,x.x.20.20.20.18,1,1,38,4,2,0,4,18,20,2,True,False,x,,x,,20,A#,20,D#,20,G,18,A#
D#,x.1.1.3.4.x,1,1,39,4,2,0,4,1,4,3,True,False,x,,1,A#,1,D#,3,A#,4,D#,x,
D#,x.1.x.3.4.3,1,1,40,4,2,0,4,1,4,3,True,False,x,,1,A#,x,,3,A#,4,D#,3,G
D#,6.x.5.3.4.3,1,1,41,5,1,0,5,3,6,3,True,False,6,A#,x,,5,G,3,A#,4,D#,3,G
D#,x.6.5.3.x.3,1,1,42,4,2,0,4,3,6,3,True,False,x,,6,D#,5,G,3,A#,x,,3,G
D#-7b5,x.6.x.6.7.5,5,1,1,4,2,0,4,5,7,2,True,False,x,,6,D#,x,,6,C#,7,F#,5,A
D#-7b5,x.x.1.2.2.2,1,1,2,4,2,0,4,1,2,1,True,False,x,,x,,1,D#,2,A,2,C#,2,F#
D#-7b5,x.6.7.6.7.5,1,1,3,5,1,0,5,5,7,2,True,False,x,,6,D#,7,A,6,C#,7,F#,5,A
D#/5+,x.x.2.5.x.x,1,1,1,2,4,0,2,2,5,3,True,False,x,,x,,2,E,5,C,x,,x,
D#/5-/F,x.8.7.8.8.x,4,1,1,4,2,0,4,7,8,1,True,False,x,,8,F,7,A,8,D#,8,G,x,
D#/5th,6.6.8.8.8.x,1,1,1,5,1,0,5,6,8,2,True,False,6,A#,6,D#,8,A#,8,D#,8,G,x,
D#/A#,x.x.8.8.8.11,1,1,1,4,2,0,4,8,11,3,True,False,x,,x,,8,A#,8,D#,8,G,11,D#
D#/C,x.3.5.3.4.3,4,1,1,5,1,0,5,3,5,2,True,False,x,,3,C,5,G,3,A#,4,D#,3,G
D#/C,x.3.x.3.4.3,3,1,2,4,2,0,4,3,4,1,True,False,x,,3,C,x,,3,A#,4,D#,3,G
D#/C,8.x.8.8.8.x,1,1,3,4,2,0,4,8,8,0,True,False,8,C,x,,8,A#,8,D#,8,G,x,
D#/C,x.3.5.3.4.x,1,1,4,4,2,0,4,3,5,2,True,False,x,,3,C,5,G,3,A#,4,D#,x,
D#/C,x.x.10.12.11.11,1,1,5,4,2,0,4,10,12,2,True,False,x,,x,,10,C,12,G,11,A#,11,D#
D#/G,x.x.5.3.4.3,5,2,1,4,2,0,4,3,5,2,True,False,x,,x,,5,G,3,A#,4,D#,3,G
D#/G,x.x.x.12.11.11,2,1,2,3,3,0,3,11,12,1,True,False,x,,x,,x,,12,G,11,A#,11,D#
D#/G#,x.x.6.3.4.3,1,1,1,4,2,0,4,3,6,3,True,False,x,,x,,6,G#,3,A#,4,D#,3,G
D#5,x.6.8.8.x.x,114,19,1,3,3,0,3,6,8,2,True,False,x,,6,D#,8,A#,8,D#,x,,x,
D#5,x.6.8.x.x.x,79,14,2,2,4,0,2,6,8,2,True,False,x,,6,D#,8,A#,x,,x,,x,
D#5,x.7.9.9.x.x,30,4,3,3,3,0,3,7,9,2,True,False,x,,7,E,9,B,9,E,x,,x,
D#5,0.2.2.x.x.x,21,3,4,3,3,1,2,2,2,0,True,False,0,E,2,B,2,E,x,,x,,x,
D#5,x.x.2.4.5.x,21,2,5,3,3,0,3,2,5,3,True,False,x,,x,,2,E,4,B,5,E,x,
D#5,11.13.13.x.x.x,19,1,6,3,3,0,3,11,13,2,True,False,11,D#,13,A#,13,D#,x,,x,,x,
D#5,1.1.1.x.x.x,14,2,7,3,3,0,3,1,1,0,True,False,1,F,1,A#,1,D#,x,,x,,x,
D#5,x.x.1.3.x.x,13,3,8,2,4,0,2,1,3,2,True,False,x,,x,,1,D#,3,A#,x,,x,
D#5,3.x.0.0.3.3,5,2,9,5,1,2,3,3,3,0,True,False,3,G,x,,0,D,0,G,3,D,3,G
D#5,3.5.5.x.x.x,5,1,10,3,3,0,3,3,5,2,True,False,3,G,5,D,5,G,x,,x,,x,
D#5,x.x.1.3.4.x,4,3,11,3,3,0,3,1,4,3,True,False,x,,x,,1,D#,3,A#,4,D#,x,
D#5,1.1.x.x.x.x,2,1,12,2,4,0,2,1,1,0,True,False,1,F,1,A#,x,,x,,x,,x,
D#5,0.2.x.x.x.x,2,1,13,2,4,1,1,2,2,0,True,False,0,E,2,B,x,,x,,x,,x,
D#5,x.x.2.4.x.x,1,1,14,2,4,0,2,2,4,2,True,False,x,,x,,2,E,4,B,x,,x,
D#6,3.3.5.3.4.3,7,1,1,6,0,0,6,3,5,2,True,False,3,G,3,C,5,G,3,A#,4,D#,3,G
D#6,3.3.5.3.4.x,3,1,2,5,1,0,5,3,5,2,True,False,3,G,3,C,5,G,3,A#,4,D#,x,
D#6,3.3.5.3.4.6,2,1,3,6,0,0,6,3,6,3,True,False,3,G,3,C,5,G,3,A#,4,D#,6,A#
D#6,x.x.1.3.1.x,1,1,4,3,3,0,3,1,3,2,True,False,x,,x,,1,D#,3,A#,1,C,x,
D#6,x.3.5.5.4.6,1,1,5,5,1,0,5,3,6,3,True,False,x,,3,C,5,G,5,C,4,D#,6,A#
D#6,x.3.x.5.4.6,1,1,6,4,2,0,4,3,6,3,True,False,x,,3,C,x,,5,C,4,D#,6,A#
D#6/5-,x.0.1.2.1.x,4,1,1,4,2,1,3,1,2,1,True,False,x,,0,A,1,D#,2,A,1,C,x,
D#6/9,x.6.5.5.6.6,1,1,1,5,1,0,5,5,6,1,True,False,x,,6,D#,5,G,5,C,6,F,6,A#
D#7,x.6.5.6.4.x,25,3,1,4,2,0,4,4,6,2,True,False,x,,6,D#,5,G,6,C#,4,D#,x,
D#7,6.6.8.6.8.6,7,1,2,6,0,0,6,6,8,2,True,False,6,A#,6,D#,8,A#,6,C#,8,G,6,A#
D#7,x.6.8.6.8.6,5,4,3,5,1,0,5,6,8,2,True,False,x,,6,D#,8,A#,6,C#,8,G,6,A#
D#7,x.x.1.3.2.3,3,1,4,4,2,0,4,1,3,2,True,False,x,,x,,1,D#,3,A#,2,C#,3,G
D#7,x.6.8.6.8.x,2,1,5,4,2,0,4,6,8,2,True,False,x,,6,D#,8,A#,6,C#,8,G,x,
D#7,x.6.8.0.8.9,2,1,6,5,1,1,4,6,9,3,True,True,x,,6,D#,8,A#,0,G,8,G,9,C#
D#7,x.x.1.3.2.x,1,1,7,3,3,0,3,1,3,2,True,False,x,,x,,1,D#,3,A#,2,C#,x,
D#7/G#,4.4.5.x.4.x,3,1,1,4,2,0,4,4,5,1,True,False,4,G#,4,C#,5,G,x,,4,D#,x,
D#7M,11.10.8.8.8.10,32,1,1,6,0,0,6,8,11,3,True,False,11,D#,10,G,8,A#,8,D#,8,G,10,D
D#7M,x.6.8.7.8.x,4,2,2,4,2,0,4,6,8,2,True,False,x,,6,D#,8,A#,7,D,8,G,x,
D#7M,x.x.1.3.3.3,3,3,3,4,2,0,4,1,3,2,True,False,x,,x,,1,D#,3,A#,3,D,3,G
D#7M,3.6.5.3.3.3,1,1,4,6,0,0,6,3,6,3,True,False,3,G,6,D#,5,G,3,A#,3,D,3,G
D#7M/F,x.8.x.8.8.10,1,1,1,4,2,0,4,8,10,2,True,False,x,,8,F,x,,8,D#,8,G,10,D
D#7M9-/5-,5.5.5.8.5.5,1,1,1,6,0,0,6,5,8,3,True,False,5,A,5,D,5,G,8,D#,5,E,5,A
D#9,x.6.5.6.6.x,1,1,1,4,2,0,4,5,6,1,True,False,x,,6,D#,5,G,6,C#,6,F,x,
D#9-,6.6.5.6.5.x,2,1,1,5,1,0,5,5,6,1,True,False,6,A#,6,D#,5,G,6,C#,5,E,x,
D#9-/5-,0.0.5.6.4.0,1,1,1,6,0,3,3,4,6,2,True,False,0,E,0,A,5,G,6,C#,4,D#,0,E
D#9-/5-/F#,2.0.1.0.2.0,1,1,1,6,0,3,3,1,2,1,True,False,2,F#,0,A,1,D#,0,G,2,C#,0,E
D#add11+,x.6.8.8.10.x,7,1,1,4,2,0,4,6,10,4,True,False,x,,6,D#,8,A#,8,D#,10,A,x,
D#add9,6.8.8.8.8.x,4,1,1,5,1,0,5,6,8,2,True,False,6,A#,8,F,8,A#,8,D#,8,G,x,
D#add9,x.6.x.0.6.6,2,1,2,4,2,1,3,6,6,0,True,True,x,,6,D#,x,,0,G,6,F,6,A#
D#add9,x.6.8.10.8.6,1,1,3,5,1,0,5,6,10,4,True,False,x,,6,D#,8,A#,10,F,8,G,6,A#
D#aug,11.14.13.12.x.x,1,1,1,4,2,0,4,11,14,3,True,False,11,D#,14,B,13,D#,12,G,x,,x,
D#dim,x.x.1.2.1.2,20,8,1,4,2,0,4,1,2,1,True,False,x,,x,,1,D#,2,A,1,C,2,F#
D#dim,x.6.7.5.7.5,12,2,2,5,1,0,5,5,7,2,True,False,x,,6,D#,7,A,5,C,7,F#,5,A
D#dim,x.6.x.8.10.x,3,1,3,3,3,0,3,6,10,4,True,False,x,,6,D#,x,,8,D#,10,A,x,
D#dim,x.6.7.5.7.x,2,1,4,4,2,0,4,5,7,2,True,False,x,,6,D#,7,A,5,C,7,F#,x,
D#dim,x.x.1.2.x.2,1,1,5,3,3,0,3,1,2,1,True,False,x,,x,,1,D#,2,A,x,,2,F#
D#dim,x.x.4.5.4.5,1,1,6,4,2,0,4,4,5,1,True,False,x,,x,,4,F#,5,C,4,D#,5,A
D#dim,5.6.7.5.7.5,1,1,7,6,0,0,6,5,7,2,True,False,5,A,6,D#,7,A,5,C,7,F#,5,A
D#m,x.6.8.8.7.6,110,4,1,5,1,0,5,6,8,2,True,False,x,,6,D#,8,A#,8,D#,7,F#,6,A#
D#m,x.x.1.3.4.2,20,2,2,4,2,0,4,1,4,3,True,False,x,,x,,1,D#,3,A#,4,D#,2,F#
D#m,6.6.8.8.7.6,7,3,3,6,0,0,6,6,8,2,True,False,6,A#,6,D#,8,A#,8,D#,7,F#,6,A#
D#m,x.6.4.3.x.x,7,1,4,3,3,0,3,3,6,3,True,False,x,,6,D#,4,F#,3,A#,x,,x,
D#m,x.6.4.x.x.x,5,1,5,2,4,0,2,4,6,2,True,False,x,,6,D#,4,F#,x,,x,,x,
D#m,0.2.2.0.0.0,4,1,6,6,0,4,2,2,2,0,True,False,0,E,2,B,2,E,0,G,0,B,0,E
D#m,x.7.9.9.8.7,4,1,7,5,1,0,5,7,9,2,True,False,x,,7,E,9,B,9,E,8,G,7,B
D#m,x.9.8.8.x.x,2,1,8,3,3,0,3,8,9,1,True,False,x,,9,F#,8,A#,8,D#,x,,x,
D#m,2.x.4.x.4.x,2,1,9,3,3,0,3,2,4,2,True,False,2,F#,x,,4,F#,x,,4,D#,x,
D#m,x.6.8.8.7.x,2,2,10,4,2,0,4,6,8,2,True,False,x,,6,D#,8,A#,8,D#,7,F#,x,
D#m,x.6.8.x.7.x,1,1,11,3,3,0,3,6,8,2,True,False,x,,6,D#,8,A#,x,,7,F#,x,
D#m,5.x.2.0.0.x,1,1,12,4,2,2,2,2,5,3,True,False,5,A,x,,2,E,0,G,0,B,x,
D#m/5-,x.x.7.8.7.5,2,1,1,4,2,0,4,5,8,3,True,False,x,,x,,7,A,8,D#,7,F#,5,A
D#m/5-,x.x.x.2.4.2,1,1,2,3,3,0,3,2,4,2,True,False,x,,x,,x,,2,A,4,D#,2,F#
D#m/5-,x.9.7.8.x.x,1,1,3,3,3,0,3,7,9,2,True,False,x,,9,F#,7,A,8,D#,x,,x,
D#m/5-,x.x.x.8.7.5,1,1,4,3,3,0,3,5,8,3,True,False,x,,x,,x,,8,D#,7,F#,5,A
D#m/5-/F,x.8.7.8.7.x,2,1,1,4,2,0,4,7,8,1,True,False,x,,8,F,7,A,8,D#,7,F#,x,
D#m/A#,x.x.8.8.7.6,2,1,1,4,2,0,4,6,8,2,True,False,x,,x,,8,A#,8,D#,7,F#,6,A#
D#m/A#,x.x.8.8.7.x,1,1,2,3,3,0,3,7,8,1,True,False,x,,x,,8,A#,8,D#,7,F#,x,
D#m6,2.1.1.3.1.2,3,1,1,6,0,0,6,1,3,2,True,False,2,F#,1,A#,1,D#,3,A#,1,C,2,F#
D#m6,x.x.1.3.1.2,3,1,2,4,2,0,4,1,3,2,True,False,x,,x,,1,D#,3,A#,1,C,2,F#
D#m7,x.x.1.3.2.2,9,1,1,4,2,0,4,1,3,2,True,False,x,,x,,1,D#,3,A#,2,C#,2,F#
D#m7,x.6.8.6.7.x,3,2,2,4,2,0,4,6,8,2,True,False,x,,6,D#,8,A#,6,C#,7,F#,x,
D#m7M,x.x.1.3.3.2,2,1,1,4,2,0,4,1,3,2,True,False,x,,x,,1,D#,3,A#,3,D,2,F#
D#m9,x.5.4.0.3.0,8,2,1,5,1,2,3,3,5,2,True,False,x,,5,D,4,F#,0,G,3,D,0,E
D#madd9-,2.x.4.x.4.0,2,1,1,4,2,1,3,2,4,2,True,False,2,F#,x,,4,F#,x,,4,D#,0,E
D#madd9-/5-,x.6.7.8.7.0,1,1,1,5,1,1,4,6,8,2,True,True,x,,6,D#,7,A,8,D#,7,F#,0,E
D#maj7,8.10.8.8.11.10,1,1,1,6,0,0,6,8,11,3,True,False,8,C,10,G,8,A#,8,D#,11,A#,10,D
D#sus2,x.x.x.8.6.6,2,1,1,3,3,0,3,6,8,2,True,False,x,,x,,x,,8,D#,6,F,6,A#
D#sus2,x.6.8.8.6.6,1,1,2,5,1,0,5,6,8,2,True,False,x,,6,D#,8,A#,8,D#,6,F,6,A#
D#sus2,1.x.x.x.4.x,1,1,3,2,4,0,2,1,4,3,True,False,1,F,x,,x,,x,,4,D#,x,
D#sus2/A#,x.x.8.8.6.x,5,1,1,3,3,0,3,6,8,2,True,False,x,,x,,8,A#,8,D#,6,F,x,
D#sus4,x.6.8.x.9.6,1,1,1,4,2,0,4,6,9,3,True,False,x,,6,D#,8,A#,x,,9,G#,6,A#
D#sus4,x.x.x.8.9.6,1,1,2,3,3,0,3,6,9,3,True,False,x,,x,,x,,8,D#,9,G#,6,A#
D#sus4/5-,x.x.1.2.x.4,1,1,1,3,3,0,3,1,4,3,True,False,x,,x,,1,D#,2,A,x,,4,G#
D#sus4/5-,x.6.7.8.9.x,1,1,2,4,2,0,4,6,9,3,True,False,x,,6,D#,7,A,8,D#,9,G#,x,
D#sus4/F#,x.9.8.8.9.x,2,1,1,4,2,0,4,8,9,1,True,False,x,,9,F#,8,A#,8,D#,9,G#,x,
D#º,x.x.1.2.1.2,6,1,1,4,2,0,4,1,2,1,True,False,x,,x,,1,D#,2,A,1,C,2,F#
D(add9),x.x.0.2.3.2,3,2,1,4,2,1,3,2,3,1,True,False,x,,x,,0,D,2,A,3,D,2,F#
D/5+,x.x.0.3.3.2,1,1,1,4,2,1,3,2,3,1,True,False,x,,x,,0,D,3,A#,3,D,2,F#
D/5-,4.x.x.x.3.4,1,1,1,3,3,0,3,3,4,1,True,False,4,G#,x,,x,,x,,3,D,4,G#
D/5-,x.x.x.1.3.x,1,1,2,2,4,0,2,1,3,2,True,False,x,,x,,x,,1,G#,3,D,x,
D/5-,x.x.x.7.9.10,1,1,3,3,3,0,3,7,10,3,True,False,x,,x,,x,,7,D,9,G#,10,D
D/5-/A,x.0.0.7.7.4,2,1,1,5,1,2,3,4,7,3,True,False,x,,0,A,0,D,7,D,7,F#,4,G#
D/5-/B,x.x.x.4.3.4,1,1,1,3,3,0,3,3,4,1,True,False,x,,x,,x,,4,B,3,D,4,G#
D/5-/E,0.x.x.1.3.2,2,2,1,4,2,1,3,1,3,2,True,False,0,E,x,,x,,1,G#,3,D,2,F#
D/5-/G#,x.x.x.1.3.2,2,2,1,3,3,0,3,1,3,2,True,False,x,,x,,x,,1,G#,3,D,2,F#
D/A,x.0.4.2.3.x,146,9,1,4,2,1,3,2,4,2,True,False,x,,0,A,4,F#,2,A,3,D,x,
D/A,x.0.0.2.3.2,98,23,2,5,1,2,3,2,3,1,True,False,x,,0,A,0,D,2,A,3,D,2,F#
D/A,x.0.0.2.3.x,19,7,3,4,2,2,2,2,3,1,True,False,x,,0,A,0,D,2,A,3,D,x,
D/A,x.0.7.7.7.10,14,1,4,5,1,1,4,7,10,3,True,True,x,,0,A,7,A,7,D,7,F#,10,D
D/A,x.0.4.2.3.5,8,2,5,5,1,1,4,2,5,3,True,False,x,,0,A,4,F#,2,A,3,D,5,A
D/A,x.x.x.2.3.2,7,3,6,3,3,0,3,2,3,1,True,False,x,,x,,x,,2,A,3,D,2,F#
D/A,5.5.7.7.7.x,6,1,7,5,1,0,5,5,7,2,True,False,5,A,5,D,7,A,7,D,7,F#,x,
D/A,x.0.4.2.3.2,5,3,8,5,1,1,4,2,4,2,True,False,x,,0,A,4,F#,2,A,3,D,2,F#
D/A,x.0.4.2.x.x,2,1,9,3,3,1,2,2,4,2,True,False,x,,0,A,4,F#,2,A,x,,x,
D/A,5.x.4.2.3.x,2,1,10,4,2,0,4,2,5,3,True,False,5,A,x,,4,F#,2,A,3,D,x,
D/A,5.5.9.9.9.x,2,1,11,5,1,0,5,5,9,4,True,False,5,A,5,D,9,B,9,E,9,G#,x,
D/A,x.0.7.7.x.x,1,1,12,3,3,1,2,7,7,0,True,True,x,,0,A,7,A,7,D,x,,x,
D/A,x.0.0.x.3.2,1,1,13,4,2,2,2,2,3,1,True,False,x,,0,A,0,D,x,,3,D,2,F#
D/A,x.0.x.2.3.2,1,1,14,4,2,1,3,2,3,1,True,False,x,,0,A,x,,2,A,3,D,2,F#
D/A,10.10.9.0.0.10,1,1,15,6,0,2,4,9,10,1,True,True,10,D,10,G,9,B,0,G,0,B,10,D
D/A,x.x.4.2.3.x,1,1,16,3,3,0,3,2,4,2,True,False,x,,x,,4,F#,2,A,3,D,x,
D/A#,x.x.x.3.3.5,5,3,1,3,3,0,3,3,5,2,True,False,x,,x,,x,,3,A#,3,D,5,A
D/A#,x.x.x.3.3.2,3,1,2,3,3,0,3,2,3,1,True,False,x,,x,,x,,3,A#,3,D,2,F#
D/B,x.2.0.2.3.2,21,4,1,5,1,1,4,2,3,1,True,False,x,,2,B,0,D,2,A,3,D,2,F#
D/B,x.2.4.2.3.2,15,6,2,5,1,0,5,2,4,2,True,False,x,,2,B,4,F#,2,A,3,D,2,F#
D/B,7.x.7.7.7.x,6,2,3,4,2,0,4,7,7,0,True,False,7,B,x,,7,A,7,D,7,F#,x,
D/B,x.x.9.x.10.10,6,2,4,3,3,0,3,9,10,1,True,False,x,,x,,9,B,x,,10,A,10,D
D/B,x.2.x.2.3.2,5,4,5,4,2,0,4,2,3,1,True,False,x,,2,B,x,,2,A,3,D,2,F#
D/B,x.2.4.2.3.x,5,2,6,4,2,0,4,2,4,2,True,False,x,,2,B,4,F#,2,A,3,D,x,
D/B,x.2.0.2.3.x,4,3,7,4,2,1,3,2,3,1,True,False,x,,2,B,0,D,2,A,3,D,x,
D/B,x.x.x.4.3.2,3,1,8,3,3,0,3,2,4,2,True,False,x,,x,,x,,4,B,3,D,2,F#
D/B,x.x.x.4.3.5,3,1,9,3,3,0,3,3,5,2,True,False,x,,x,,x,,4,B,3,D,5,A
D/B,7.x.7.7.x.x,1,1,10,3,3,0,3,7,7,0,True,False,7,B,x,,7,A,7,D,x,,x,
D/B,7.9.x.7.10.x,1,1,11,4,2,0,4,7,10,3,True,False,7,B,9,F#,x,,7,D,10,A,x,
D/B,7.x.x.x.10.10,1,1,12,3,3,0,3,7,10,3,True,False,7,B,x,,x,,x,,10,A,10,D
D/C,x.3.0.2.3.2,28,6,1,5,1,1,4,2,3,1,True,False,x,,3,C,0,D,2,A,3,D,2,F#
D/C,x.x.x.5.3.2,4,2,2,3,3,0,3,2,5,3,True,False,x,,x,,x,,5,C,3,D,2,F#
D/C,x.3.0.2.3.x,2,1,3,4,2,1,3,2,3,1,True,False,x,,3,C,0,D,2,A,3,D,x,
D/C,x.3.x.2.3.2,2,2,4,4,2,0,4,2,3,1,True,False,x,,3,C,x,,2,A,3,D,2,F#
D/C,x.x.10.11.10.10,1,1,5,4,2,0,4,10,11,1,True,False,x,,x,,10,C,11,F#,10,A,10,D
D/C,x.x.x.5.3.5,1,1,6,3,3,0,3,3,5,2,True,False,x,,x,,x,,5,C,3,D,5,A
D/C#,x.4.0.2.3.2,3,2,1,5,1,1,4,2,4,2,True,False,x,,4,C#,0,D,2,A,3,D,2,F#
D/C#,x.4.x.2.3.2,2,1,2,4,2,0,4,2,4,2,True,False,x,,4,C#,x,,2,A,3,D,2,F#
D/C#,9.9.7.7.x.x,2,1,3,4,2,0,4,7,9,2,True,False,9,C#,9,F#,7,A,7,D,x,,x,
D/C#,x.4.0.2.x.2,1,1,4,4,2,1,3,2,4,2,True,False,x,,4,C#,0,D,2,A,x,,2,F#
D/C#,x.4.x.2.3.x,1,1,5,3,3,0,3,2,4,2,True,False,x,,4,C#,x,,2,A,3,D,x,
D/E,0.0.0.2.3.2,17,7,1,6,0,3,3,2,3,1,True,False,0,E,0,A,0,D,2,A,3,D,2,F#
D/E,x.7.7.7.7.x,6,1,2,4,2,0,4,7,7,0,True,False,x,,7,E,7,A,7,D,7,F#,x,
D/E,0.0.4.2.3.x,3,1,3,5,1,2,3,2,4,2,True,False,0,E,0,A,4,F#,2,A,3,D,x,
D/E,0.x.x.7.7.5,3,1,4,4,2,1,3,5,7,2,True,False,0,E,x,,x,,7,D,7,F#,5,A
D/E,0.5.4.2.x.x,3,1,5,4,2,1,3,2,5,3,True,False,0,E,5,D,4,F#,2,A,x,,x,
D/E,0.x.x.2.3.2,2,2,6,4,2,1,3,2,3,1,True,False,0,E,x,,x,,2,A,3,D,2,F#
D/E,x.x.2.x.3.2,2,2,7,3,3,0,3,2,3,1,True,False,x,,x,,2,E,x,,3,D,2,F#
D/E,0.x.4.2.3.2,2,1,8,5,1,1,4,2,4,2,True,False,0,E,x,,4,F#,2,A,3,D,2,F#
D/E,0.5.7.7.7.5,2,1,9,6,0,1,5,5,7,2,True,False,0,E,5,D,7,A,7,D,7,F#,5,A
D/E,0.0.x.7.7.10,2,1,10,5,1,2,3,7,10,3,True,True,0,E,0,A,x,,7,D,7,F#,10,D
D/E,x.x.7.7.7.x,1,1,11,3,3,0,3,7,7,0,True,False,x,,x,,7,A,7,D,7,F#,x,
D/E,0.x.4.2.3.x,1,1,12,4,2,1,3,2,4,2,True,False,0,E,x,,4,F#,2,A,3,D,x,
D/E,x.7.x.7.7.5,1,1,13,4,2,0,4,5,7,2,True,False,x,,7,E,x,,7,D,7,F#,5,A
D/F#,2.x.0.2.3.x,174,17,1,4,2,1,3,2,3,1,True,False,2,F#,x,,0,D,2,A,3,D,x,
D/F#,2.0.0.2.3.2,74,14,2,6,0,2,4,2,3,1,True,False,2,F#,0,A,0,D,2,A,3,D,2,F#
D/F#,x.x.4.2.3.x,41,3,3,3,3,0,3,2,4,2,True,False,x,,x,,4,F#,2,A,3,D,x,
D/F#,2.x.0.2.3.2,28,7,4,5,1,1,4,2,3,1,True,False,2,F#,x,,0,D,2,A,3,D,2,F#
D/F#,x.x.4.2.3.2,24,5,5,4,2,0,4,2,4,2,True,False,x,,x,,4,F#,2,A,3,D,2,F#
D/F#,2.0.0.2.3.x,17,5,6,5,1,2,3,2,3,1,True,False,2,F#,0,A,0,D,2,A,3,D,x,
D/F#,2.x.4.2.3.2,12,1,7,5,1,0,5,2,4,2,True,False,2,F#,x,,4,F#,2,A,3,D,2,F#
D/F#,2.x.x.2.3.2,6,2,8,4,2,0,4,2,3,1,True,False,2,F#,x,,x,,2,A,3,D,2,F#
D/F#,2.0.0.2.3.0,4,1,9,6,0,3,3,2,3,1,True,False,2,F#,0,A,0,D,2,A,3,D,0,E
D/F#,x.9.7.7.7.x,4,1,10,4,2,0,4,7,9,2,True,False,x,,9,F#,7,A,7,D,7,F#,x,
D/F#,2.x.0.2.x.x,3,3,11,3,3,1,2,2,2,0,True,False,2,F#,x,,0,D,2,A,x,,x,
D/F#,2.0.x.2.3.x,3,1,12,4,2,1,3,2,3,1,True,False,2,F#,0,A,x,,2,A,3,D,x,
D/F#,2.x.x.2.3.x,2,1,13,3,3,0,3,2,3,1,True,False,2,F#,x,,x,,2,A,3,D,x,
D/F#,2.x.x.x.3.x,2,2,14,2,4,0,2,2,3,1,True,False,2,F#,x,,x,,x,,3,D,x,
D/F#,x.x.0.2.3.2,2,2,15,4,2,1,3,2,3,1,True,False,x,,x,,0,D,2,A,3,D,2,F#
D/F#,x.9.x.x.x.10,2,2,16,2,4,0,2,9,10,1,True,False,x,,9,F#,x,,x,,x,,10,D
D/F#,x.x.x.11.10.10,2,2,17,3,3,0,3,10,11,1,True,False,x,,x,,x,,11,F#,10,A,10,D
D/F#,x.9.12.11.x.10,2,2,18,4,2,0,4,9,12,3,True,False,x,,9,F#,12,D,11,F#,x,,10,D
D/F#,3.x.0.3.4.3,1,1,19,5,1,1,4,3,4,1,True,False,3,G,x,,0,D,3,A#,4,D#,3,G
D/F#,2.x.4.2.3.x,1,1,20,4,2,0,4,2,4,2,True,False,2,F#,x,,4,F#,2,A,3,D,x,
D/F6,2.x.0.2.3.x,2,1,1,4,2,1,3,2,3,1,True,False,2,F#,x,,0,D,2,A,3,D,x,
D/G,x.x.0.2.3.3,34,1,1,4,2,1,3,2,3,1,True,False,x,,x,,0,D,2,A,3,D,3,G
D/G,x.x.0.0.3.2,2,1,2,4,2,2,2,2,3,1,True,False,x,,x,,0,D,0,G,3,D,2,F#
D/G,x.x.x.0.3.2,1,1,3,3,3,1,2,2,3,1,True,False,x,,x,,x,,0,G,3,D,2,F#
D/G,x.10.7.7.7.x,1,1,4,4,2,0,4,7,10,3,True,False,x,,10,G,7,A,7,D,7,F#,x,
D/G#,x.x.x.1.3.2,2,2,1,3,3,0,3,1,3,2,True,False,x,,x,,x,,1,G#,3,D,2,F#
D11,5.5.4.0.3.0,10,1,1,6,0,2,4,3,5,2,True,False,5,A,5,D,4,F#,0,G,3,D,0,E
D11,x.5.4.0.5.0,2,2,2,5,1,2,3,4,5,1,True,False,x,,5,D,4,F#,0,G,5,E,0,E
D11,x.0.4.0.3.0,1,1,3,5,1,3,2,3,4,1,True,False,x,,0,A,4,F#,0,G,3,D,0,E
D11/A,5.5.4.0.3.0,14,3,1,6,0,2,4,3,5,2,True,False,5,A,5,D,4,F#,0,G,3,D,0,E
D13,x.5.7.4.x.x,3,1,1,3,3,0,3,4,7,3,True,False,x,,5,D,7,A,4,B,x,,x,
D13,10.x.10.11.12.12,2,1,2,5,1,0,5,10,12,2,True,False,10,D,x,,10,C,11,F#,12,B,12,E
D13/9-,x.5.4.5.4.7,3,2,1,5,1,0,5,4,7,3,True,False,x,,5,D,4,F#,5,C,4,D#,7,B
D13b/C,x.x.10.11.11.10,1,1,1,4,2,0,4,10,11,1,True,False,x,,x,,10,C,11,F#,11,A#,10,D
D4,x.0.4.x.3.5,1,1,1,4,2,1,3,3,5,2,True,False,x,,0,A,4,F#,x,,3,D,5,A
D5,x.5.7.7.x.x,974,130,1,3,3,0,3,5,7,2,True,False,x,,5,D,7,A,7,D,x,,x,
D5,x.x.0.2.3.x,378,78,2,3,3,1,2,2,3,1,True,False,x,,x,,0,D,2,A,3,D,x,
D5,x.5.7.x.x.x,245,36,3,2,4,0,2,5,7,2,True,False,x,,5,D,7,A,x,,x,,x,
D5,x.x.0.2.x.x,156,13,4,2,4,1,1,2,2,0,True,False,x,,x,,0,D,2,A,x,,x,
D5,5.x.7.7.x.5,44,1,5,4,2,0,4,5,7,2,True,False,5,A,x,,7,A,7,D,x,,5,A
D5,10.12.12.x.x.x,33,3,6,3,3,0,3,10,12,2,True,False,10,D,12,A,12,D,x,,x,,x,
D5,3.5.5.x.x.x,24,4,7,3,3,0,3,3,5,2,True,False,3,G,5,D,5,G,x,,x,,x,
D5,10.12.x.x.x.x,24,5,8,2,4,0,2,10,12,2,True,False,10,D,12,A,x,,x,,x,,x,
D5,x.x.0.2.3.5,23,10,9,4,2,1,3,2,5,3,True,False,x,,x,,0,D,2,A,3,D,5,A
D5,x.5.7.7.7.x,16,1,10,4,2,0,4,5,7,2,True,False,x,,5,D,7,A,7,D,7,F#,x,
D5,12.12.12.x.x.x,12,1,11,3,3,0,3,12,12,0,True,False,12,E,12,A,12,D,x,,x,,x,
D5,0.0.0.2.3.x,10,1,12,5,1,3,2,2,3,1,True,False,0,E,0,A,0,D,2,A,3,D,x,
D5,x.17.19.19.x.x,9,1,13,3,3,0,3,17,19,2,True,False,x,,17,D,19,A,19,D,x,,x,
D5,7.x.x.x.x.x,8,1,14,1,5,0,1,7,7,0,True,False,7,B,x,,x,,x,,x,,x,
D5,0.0.0.x.x.x,6,3,15,3,3,3,0,0,0,0,True,False,0,E,0,A,0,D,x,,x,,x,
D5,1.1.1.x.x.x,5,2,16,3,3,0,3,1,1,0,True,False,1,F,1,A#,1,D#,x,,x,,x,
D5,x.6.8.8.x.x,5,2,17,3,3,0,3,6,8,2,True,False,x,,6,D#,8,A#,8,D#,x,,x,
D5,x.x.x.x.3.5,4,2,18,2,4,0,2,3,5,2,True,False,x,,x,,x,,x,,3,D,5,A
D5,x.x.7.7.10.x,4,1,19,3,3,0,3,7,10,3,True,False,x,,x,,7,A,7,D,10,A,x,
D5,x.x.12.14.15.x,3,3,20,3,3,0,3,12,15,3,True,False,x,,x,,12,D,14,A,15,D,x,
D5,x.x.0.x.3.5,2,2,21,3,3,1,2,3,5,2,True,False,x,,x,,0,D,x,,3,D,5,A
D5,x.x.x.7.10.10,2,1,22,3,3,0,3,7,10,3,True,False,x,,x,,x,,7,D,10,A,10,D
D5,0.2.2.x.x.x,1,1,23,3,3,1,2,2,2,0,True,False,0,E,2,B,2,E,x,,x,,x,
D5,x.x.0.3.3.x,1,1,24,3,3,1,2,3,3,0,True,False,x,,x,,0,D,3,A#,3,D,x,
D5,x.5.x.x.x.5,1,1,25,2,4,0,2,5,5,0,True,False,x,,5,D,x,,x,,x,,5,A
D5,7.7.x.x.x.x,1,1,26,2,4,0,2,7,7,0,True,False,7,B,7,E,x,,x,,x,,x,
D5,x.x.0.14.x.x,1,1,27,2,4,1,1,14,14,0,True,True,x,,x,,0,D,14,A,x,,x,
D5,x.x.0.7.x.5,1,1,28,3,3,1,2,5,7,2,True,False,x,,x,,0,D,7,D,x,,5,A
D5,12.12.12.x.10.x,1,1,29,4,2,0,4,10,12,2,True,False,12,E,12,A,12,D,x,,10,A,x,
D5,0.0.0.2.3.5,1,1,30,6,0,3,3,2,5,3,True,False,0,E,0,A,0,D,2,A,3,D,5,A
D5+,x.x.x.3.3.x,2,1,1,2,4,0,2,3,3,0,True,False,x,,x,,x,,3,A#,3,D,x,
D5/E,x.x.2.2.3.x,1,1,1,3,3,0,3,2,3,1,True,False,x,,x,,2,E,2,A,3,D,x,
D5/F#,2.x.0.2.3.x,4,1,1,4,2,1,3,2,3,1,True,False,2,F#,x,,0,D,2,A,3,D,x,
D6,x.x.0.4.x.x,46,1,1,2,4,1,1,4,4,0,True,False,x,,x,,0,D,4,B,x,,x,
D6,x.x.0.2.0.2,31,9,2,4,2,2,2,2,2,0,True,False,x,,x,,0,D,2,A,0,B,2,F#
D6,10.9.7.7.x.7,10,1,3,5,1,0,5,7,10,3,True,False,10,D,9,F#,7,A,7,D,x,,7,B
D6,x.x.7.7.7.7,5,2,4,4,2,0,4,7,7,0,True,False,x,,x,,7,A,7,D,7,F#,7,B
D6,2.x.0.2.0.x,4,3,5,4,2,2,2,2,2,0,True,False,2,F#,x,,0,D,2,A,0,B,x,
D6,x.5.4.4.3.x,4,1,6,4,2,0,4,3,5,2,True,False,x,,5,D,4,F#,4,B,3,D,x,
D6,x.x.0.7.7.7,3,1,7,4,2,1,3,7,7,0,True,True,x,,x,,0,D,7,D,7,F#,7,B
D6,x.2.0.2.0.x,2,1,8,4,2,2,2,2,2,0,True,False,x,,2,B,0,D,2,A,0,B,x,
D6,x.x.0.2.0.x,2,1,9,3,3,2,1,2,2,0,True,False,x,,x,,0,D,2,A,0,B,x,
D6,x.0.x.x.12.10,2,2,10,3,3,1,2,10,12,2,True,True,x,,0,A,x,,x,,12,B,10,D
D6,x.0.0.7.7.7,1,1,11,5,1,2,3,7,7,0,True,True,x,,0,A,0,D,7,D,7,F#,7,B
D6,x.0.7.7.7.7,1,1,12,5,1,1,4,7,7,0,True,True,x,,0,A,7,A,7,D,7,F#,7,B
D6,x.x.0.x.7.7,1,1,13,3,3,1,2,7,7,0,True,True,x,,x,,0,D,x,,7,F#,7,B
D6,x.2.0.2.3.2,1,1,14,5,1,1,4,2,3,1,True,False,x,,2,B,0,D,2,A,3,D,2,F#
D6,x.2.x.2.3.x,1,1,15,3,3,0,3,2,3,1,True,False,x,,2,B,x,,2,A,3,D,x,
D6,0.0.0.4.3.x,1,1,16,5,1,3,2,3,4,1,True,False,0,E,0,A,0,D,4,B,3,D,x,
D6,x.0.4.4.3.x,1,1,17,4,2,1,3,3,4,1,True,False,x,,0,A,4,F#,4,B,3,D,x,
D6,x.2.0.4.3.2,1,1,18,5,1,1,4,2,4,2,True,False,x,,2,B,0,D,4,B,3,D,2,F#
D6,x.x.0.4.3.2,1,1,19,4,2,1,3,2,4,2,True,False,x,,x,,0,D,4,B,3,D,2,F#
D6,x.x.0.4.3.5,1,1,20,4,2,1,3,3,5,2,True,False,x,,x,,0,D,4,B,3,D,5,A
D6,0.5.4.2.0.x,1,1,21,5,1,2,3,2,5,3,True,False,0,E,5,D,4,F#,2,A,0,B,x,
D6,x.5.4.2.0.x,1,1,22,4,2,1,3,2,5,3,True,False,x,,5,D,4,F#,2,A,0,B,x,
D6,x.5.7.4.x.x,1,1,23,3,3,0,3,4,7,3,True,False,x,,5,D,7,A,4,B,x,,x,
D6,7.x.9.7.10.7,1,1,24,5,1,0,5,7,10,3,True,False,7,B,x,,9,B,7,D,10,A,7,B
D6,x.x.0.7.10.7,1,1,25,4,2,1,3,7,10,3,True,True,x,,x,,0,D,7,D,10,A,7,B
D6,x.x.x.7.10.7,1,1,26,3,3,0,3,7,10,3,True,False,x,,x,,x,,7,D,10,A,7,B
D6(add2),10.12.12.11.0.0,3,1,1,6,0,2,4,10,12,2,True,True,10,D,12,A,12,D,11,F#,0,B,0,E
D6(add2),x.5.7.7.7.x,2,1,2,4,2,0,4,5,7,2,True,False,x,,5,D,7,A,7,D,7,F#,x,
D6(add2)/E,0.12.12.11.0.0,13,1,1,6,0,3,3,11,12,1,True,True,0,E,12,A,12,D,11,F#,0,B,0,E
D6(NoRoot),2.x.x.2.0.x,3,1,1,3,3,1,2,2,2,0,True,False,2,F#,x,,x,,2,A,0,B,x,
D6/A,x.0.4.4.3.x,3,1,1,4,2,1,3,3,4,1,True,False,x,,0,A,4,F#,4,B,3,D,x,
D6/A,x.0.4.4.x.x,1,1,2,3,3,1,2,4,4,0,True,False,x,,0,A,4,F#,4,B,x,,x,
D6/F#,2.0.0.2.0.x,1,1,1,5,1,3,2,2,2,0,True,False,2,F#,0,A,0,D,2,A,0,B,x,
D6/F#,2.x.0.2.0.2,1,1,2,5,1,2,3,2,2,0,True,False,2,F#,x,,0,D,2,A,0,B,2,F#
D6/F#,2.x.0.2.0.x,1,1,3,4,2,2,2,2,2,0,True,False,2,F#,x,,0,D,2,A,0,B,x,
D69,x.5.4.4.5.x,1,1,1,4,2,0,4,4,5,1,True,False,x,,5,D,4,F#,4,B,5,E,x,
D69,10.x.9.11.12.12,1,1,2,5,1,0,5,9,12,3,True,False,10,D,x,,9,B,11,F#,12,B,12,E
D69#11,x.5.4.4.5.4,1,1,1,5,1,0,5,4,5,1,True,False,x,,5,D,4,F#,4,B,5,E,4,G#
D6add9,x.0.4.4.3.0,44,2,1,5,1,2,3,3,4,1,True,False,x,,0,A,4,F#,4,B,3,D,0,E
D6add9,10.12.12.11.0.0,16,1,2,6,0,2,4,10,12,2,True,True,10,D,12,A,12,D,11,F#,0,B,0,E
D6add9,x.5.4.4.5.x,15,2,3,4,2,0,4,4,5,1,True,False,x,,5,D,4,F#,4,B,5,E,x,
D6add9,7.7.7.7.7.7,1,1,4,6,0,0,6,7,7,0,True,False,7,B,7,E,7,A,7,D,7,F#,7,B
D6add9,0.5.4.4.5.5,1,1,5,6,0,1,5,4,5,1,True,False,0,E,5,D,4,F#,4,B,5,E,5,A
D6add9,x.5.4.2.0.0,1,1,6,5,1,2,3,2,5,3,True,False,x,,5,D,4,F#,2,A,0,B,0,E
D6add9/5+,x.5.4.4.5.6,2,1,1,5,1,0,5,4,6,2,True,False,x,,5,D,4,F#,4,B,5,E,6,A#
D6add9/5-,x.5.4.4.5.4,1,1,1,5,1,0,5,4,5,1,True,False,x,,5,D,4,F#,4,B,5,E,4,G#
D6add9/F#,2.x.0.2.0.0,1,1,1,5,1,3,2,2,2,0,True,False,2,F#,x,,0,D,2,A,0,B,0,E
D7,x.x.0.2.1.2,611,118,1,4,2,1,3,1,2,1,True,False,x,,x,,0,D,2,A,1,C,2,F#
D7,x.5.7.5.7.5,148,22,2,5,1,0,5,5,7,2,True,False,x,,5,D,7,A,5,C,7,F#,5,A
D7,x.5.4.5.3.x,74,33,3,4,2,0,4,3,5,2,True,False,x,,5,D,4,F#,5,C,3,D,x,
D7,10.12.10.11.13.10,41,2,4,6,0,0,6,10,13,3,True,False,10,D,12,A,10,C,11,F#,13,C,10,D
D7,x.5.7.5.7.x,29,8,5,4,2,0,4,5,7,2,True,False,x,,5,D,7,A,5,C,7,F#,x,
D7,5.5.7.5.7.5,22,7,6,6,0,0,6,5,7,2,True,False,5,A,5,D,7,A,5,C,7,F#,5,A
D7,2.x.0.2.1.x,19,10,7,4,2,1,3,1,2,1,True,False,2,F#,x,,0,D,2,A,1,C,x,
D7,x.0.0.2.1.2,13,6,8,5,1,2,3,1,2,1,True,False,x,,0,A,0,D,2,A,1,C,2,F#
D7,2.x.0.x.1.x,12,1,9,3,3,1,2,1,2,1,True,False,2,F#,x,,0,D,x,,1,C,x,
D7,x.x.0.5.7.5,9,3,10,4,2,1,3,5,7,2,True,False,x,,x,,0,D,5,C,7,F#,5,A
D7,2.x.0.2.1.2,6,3,11,5,1,1,4,1,2,1,True,False,2,F#,x,,0,D,2,A,1,C,2,F#
D7,x.x.0.2.1.x,5,4,12,3,3,1,2,1,2,1,True,False,x,,x,,0,D,2,A,1,C,x,
D7,x.x.7.7.7.8,5,4,13,4,2,0,4,7,8,1,True,False,x,,x,,7,A,7,D,7,F#,8,C
D7,2.0.0.2.1.x,4,3,14,5,1,2,3,1,2,1,True,False,2,F#,0,A,0,D,2,A,1,C,x,
D7,5.5.4.5.3.5,3,1,15,6,0,0,6,3,5,2,True,False,5,A,5,D,4,F#,5,C,3,D,5,A
D7,x.5.7.7.7.8,3,1,16,5,1,0,5,5,8,3,True,False,x,,5,D,7,A,7,D,7,F#,8,C
D7,x.x.0.x.1.x,2,1,17,2,4,1,1,1,1,0,True,False,x,,x,,0,D,x,,1,C,x,
D7,0.0.0.2.1.2,2,1,18,6,0,3,3,1,2,1,True,False,0,E,0,A,0,D,2,A,1,C,2,F#
D7,2.x.x.2.1.x,2,1,19,3,3,0,3,1,2,1,True,False,2,F#,x,,x,,2,A,1,C,x,
D7,x.0.0.2.1.x,2,1,20,4,2,2,2,1,2,1,True,False,x,,0,A,0,D,2,A,1,C,x,
D7,x.x.0.2.3.2,2,1,21,4,2,1,3,2,3,1,True,False,x,,x,,0,D,2,A,3,D,2,F#
D7,x.5.4.5.x.x,2,2,22,3,3,0,3,4,5,1,True,False,x,,5,D,4,F#,5,C,x,,x,
D7,x.x.10.11.10.10,2,1,23,4,2,0,4,10,11,1,True,False,x,,x,,10,C,11,F#,10,A,10,D
D7,x.3.4.2.3.x,2,1,24,4,2,0,4,2,4,2,True,False,x,,3,C,4,F#,2,A,3,D,x,
D7,5.x.4.5.3.x,2,2,25,4,2,0,4,3,5,2,True,False,5,A,x,,4,F#,5,C,3,D,x,
D7,10.12.10.11.10.10,2,2,26,6,0,0,6,10,12,2,True,False,10,D,12,A,10,C,11,F#,10,A,10,D
D7,x.x.0.5.7.8,2,1,27,4,2,1,3,5,8,3,True,False,x,,x,,0,D,5,C,7,F#,8,C
D7,2.0.0.2.x.2,1,1,28,5,1,2,3,2,2,0,True,False,2,F#,0,A,0,D,2,A,x,,2,F#
D7,2.0.0.x.x.2,1,1,29,4,2,2,2,2,2,0,True,False,2,F#,0,A,0,D,x,,x,,2,F#
D7,x.x.0.2.x.x,1,1,30,2,4,1,1,2,2,0,True,False,x,,x,,0,D,2,A,x,,x,
D7,2.0.0.2.1.2,1,1,31,6,0,2,4,1,2,1,True,False,2,F#,0,A,0,D,2,A,1,C,2,F#
D7,2.x.x.2.1.2,1,1,32,4,2,0,4,1,2,1,True,False,2,F#,x,,x,,2,A,1,C,2,F#
D7,2.x.0.2.3.x,1,1,33,4,2,1,3,2,3,1,True,False,2,F#,x,,0,D,2,A,3,D,x,
D7,x.x.x.7.7.8,1,1,34,3,3,0,3,7,8,1,True,False,x,,x,,x,,7,D,7,F#,8,C
D7,2.3.0.2.1.x,1,1,35,5,1,1,4,1,3,2,True,False,2,F#,3,C,0,D,2,A,1,C,x,
D7,5.5.4.5.3.x,1,1,36,5,1,0,5,3,5,2,True,False,5,A,5,D,4,F#,5,C,3,D,x,
D7,x.5.4.5.3.0,1,1,37,5,1,1,4,3,5,2,True,False,x,,5,D,4,F#,5,C,3,D,0,E
D7,5.5.7.5.7.x,1,1,38,5,1,0,5,5,7,2,True,False,5,A,5,D,7,A,5,C,7,F#,x,
D7,x.5.x.5.7.5,1,1,39,4,2,0,4,5,7,2,True,False,x,,5,D,x,,5,C,7,F#,5,A
D7,x.x.5.6.3.6,1,1,40,4,2,0,4,3,6,3,True,False,x,,x,,5,G,6,C#,3,D,6,A#
D7,x.5.7.5.7.8,1,1,41,5,1,0,5,5,8,3,True,False,x,,5,D,7,A,5,C,7,F#,8,C
D7,x.x.x.7.10.8,1,1,42,3,3,0,3,7,10,3,True,False,x,,x,,x,,7,D,10,A,8,C
D7 (normal tune),0.0.0.2.1.2,2,1,1,6,0,3,3,1,2,1,True,False,0,E,0,A,0,D,2,A,1,C,2,F#
D7 (pouce),2.x.0.2.1.2,1,1,1,5,1,1,4,1,2,1,True,False,2,F#,x,,0,D,2,A,1,C,2,F#
D7(#9),x.5.4.5.6.x,2,1,1,4,2,0,4,4,6,2,True,False,x,,5,D,4,F#,5,C,6,F,x,
D7(9),x.5.4.5.5.x,1,1,1,4,2,0,4,4,5,1,True,False,x,,5,D,4,F#,5,C,5,E,x,
D7(9-),x.5.4.5.4.x,3,1,1,4,2,0,4,4,5,1,True,False,x,,5,D,4,F#,5,C,4,D#,x,
D7/5+,x.x.0.3.1.2,3,2,1,4,2,1,3,1,3,2,True,False,x,,x,,0,D,3,A#,1,C,2,F#
D7/5-,4.x.4.5.3.x,3,1,1,4,2,0,4,3,5,2,True,False,4,G#,x,,4,F#,5,C,3,D,x,
D7/5-,x.5.0.5.7.4,1,1,2,5,1,1,4,4,7,3,True,False,x,,5,D,0,D,5,C,7,F#,4,G#
D7/5-/G#,4.x.4.5.3.x,1,1,1,4,2,0,4,3,5,2,True,False,4,G#,x,,4,F#,5,C,3,D,x,
D7/9,x.5.4.5.5.x,10,1,1,4,2,0,4,4,5,1,True,False,x,,5,D,4,F#,5,C,5,E,x,
D7/A,x.0.0.2.1.2,2,1,1,5,1,2,3,1,2,1,True,False,x,,0,A,0,D,2,A,1,C,2,F#
D7/A,x.0.x.7.10.8,2,1,2,4,2,1,3,7,10,3,True,True,x,,0,A,x,,7,D,10,A,8,C
D7/A,x.0.0.2.3.2,1,1,3,5,1,2,3,2,3,1,True,False,x,,0,A,0,D,2,A,3,D,2,F#
D7/A,5.x.4.5.x.x,1,1,4,3,3,0,3,4,5,1,True,False,5,A,x,,4,F#,5,C,x,,x,
D7/A,x.0.x.7.7.8,1,1,5,4,2,1,3,7,8,1,True,True,x,,0,A,x,,7,D,7,F#,8,C
D7/C,x.3.0.2.3.x,1,1,1,4,2,1,3,2,3,1,True,False,x,,3,C,0,D,2,A,3,D,x,
D7/C,x.3.x.2.3.2,1,1,2,4,2,0,4,2,3,1,True,False,x,,3,C,x,,2,A,3,D,2,F#
D7/F,2.0.0.2.1.2,8,2,1,6,0,2,4,1,2,1,True,False,2,F#,0,A,0,D,2,A,1,C,2,F#
D7/F#,2.x.0.2.1.x,7,1,1,4,2,1,3,1,2,1,True,False,2,F#,x,,0,D,2,A,1,C,x,
D7/F#,2.x.0.2.1.2,6,2,2,5,1,1,4,1,2,1,True,False,2,F#,x,,0,D,2,A,1,C,2,F#
D7/F#,2.0.0.2.1.x,5,2,3,5,1,2,3,1,2,1,True,False,2,F#,0,A,0,D,2,A,1,C,x,
D7/F#,2.x.0.x.1.2,2,1,4,4,2,1,3,1,2,1,True,False,2,F#,x,,0,D,x,,1,C,2,F#
D7/F#,2.0.0.2.1.2,1,1,5,6,0,2,4,1,2,1,True,False,2,F#,0,A,0,D,2,A,1,C,2,F#
D74(9),x.5.5.5.5.x,2,1,1,4,2,0,4,5,5,0,True,False,x,,5,D,5,G,5,C,5,E,x,
D79,x.5.7.5.7.0,6,3,1,5,1,1,4,5,7,2,True,False,x,,5,D,7,A,5,C,7,F#,0,E
D79+,x.5.4.5.6.5,2,1,1,5,1,0,5,4,6,2,True,False,x,,5,D,4,F#,5,C,6,F,5,A
D79b,x.5.4.5.4.x,1,1,1,4,2,0,4,4,5,1,True,False,x,,5,D,4,F#,5,C,4,D#,x,
D7add13,x.x.10.11.12.10,9,1,1,4,2,0,4,10,12,2,True,False,x,,x,,10,C,11,F#,12,B,10,D
D7add13,x.0.10.11.12.10,2,1,2,5,1,1,4,10,12,2,True,True,x,,0,A,10,C,11,F#,12,B,10,D
D7add13,5.5.4.5.0.x,1,1,3,5,1,1,4,4,5,1,True,False,5,A,5,D,4,F#,5,C,0,B,x,
D7add13,x.0.0.5.7.7,1,1,4,5,1,2,3,5,7,2,True,False,x,,0,A,0,D,5,C,7,F#,7,B
D7add13,x.x.0.5.7.7,1,1,5,4,2,1,3,5,7,2,True,False,x,,x,,0,D,5,C,7,F#,7,B
D7add13,10.x.10.11.12.x,1,1,6,4,2,0,4,10,12,2,True,False,10,D,x,,10,C,11,F#,12,B,x,
D7add13,x.5.4.5.7.7,1,1,7,5,1,0,5,4,7,3,True,False,x,,5,D,4,F#,5,C,7,F#,7,B
D7alt,x.5.4.5.6.x,2,1,1,4,2,0,4,4,6,2,True,False,x,,5,D,4,F#,5,C,6,F,x,
D7alt,x.5.4.5.4.x,1,1,2,4,2,0,4,4,5,1,True,False,x,,5,D,4,F#,5,C,4,D#,x,
D7alt,x.x.0.5.6.6,1,1,3,4,2,1,3,5,6,1,True,False,x,,x,,0,D,5,C,6,F,6,A#
D7b9,x.6.4.x.3.x,6,1,1,3,3,0,3,3,6,3,True,False,x,,6,D#,4,F#,x,,3,D,x,
D7M,x.x.0.2.2.2,46,12,1,4,2,1,3,2,2,0,True,False,x,,x,,0,D,2,A,2,C#,2,F#
D7M,x.5.7.6.7.x,18,10,2,4,2,0,4,5,7,2,True,False,x,,5,D,7,A,6,C#,7,F#,x,
D7M,x.5.7.6.7.5,10,5,3,5,1,0,5,5,7,2,True,False,x,,5,D,7,A,6,C#,7,F#,5,A
D7M,x.x.0.6.7.5,8,1,4,4,2,1,3,5,7,2,True,False,x,,x,,0,D,6,C#,7,F#,5,A
D7M,0.0.0.2.2.2,5,2,5,6,0,3,3,2,2,0,True,False,0,E,0,A,0,D,2,A,2,C#,2,F#
D7M,x.x.x.7.7.9,5,1,6,3,3,0,3,7,9,2,True,False,x,,x,,x,,7,D,7,F#,9,C#
D7M,x.x.0.7.7.9,4,2,7,4,2,1,3,7,9,2,True,True,x,,x,,0,D,7,D,7,F#,9,C#
D7M,x.x.7.7.7.9,4,3,8,4,2,0,4,7,9,2,True,False,x,,x,,7,A,7,D,7,F#,9,C#
D7M,x.5.4.2.2.2,4,2,9,5,1,0,5,2,5,3,True,False,x,,5,D,4,F#,2,A,2,C#,2,F#
D7M,x.x.0.6.x.x,3,1,10,2,4,1,1,6,6,0,True,True,x,,x,,0,D,6,C#,x,,x,
D7M,x.4.0.2.3.2,3,1,11,5,1,1,4,2,4,2,True,False,x,,4,C#,0,D,2,A,3,D,2,F#
D7M,0.x.0.x.2.2,2,1,12,4,2,2,2,2,2,0,True,False,0,E,x,,0,D,x,,2,C#,2,F#
D7M,5.5.7.6.7.x,2,1,13,5,1,0,5,5,7,2,True,False,5,A,5,D,7,A,6,C#,7,F#,x,
D7M,x.x.0.7.10.9,2,2,14,4,2,1,3,7,10,3,True,True,x,,x,,0,D,7,D,10,A,9,C#
D7M,x.5.7.7.7.9,2,1,15,5,1,0,5,5,9,4,True,False,x,,5,D,7,A,7,D,7,F#,9,C#
D7M,x.x.0.6.7.x,1,1,16,3,3,1,2,6,7,1,True,True,x,,x,,0,D,6,C#,7,F#,x,
D7M,x.4.0.2.2.2,1,1,17,5,1,1,4,2,4,2,True,False,x,,4,C#,0,D,2,A,2,C#,2,F#
D7M,x.0.0.7.7.9,1,1,18,5,1,2,3,7,9,2,True,True,x,,0,A,0,D,7,D,7,F#,9,C#
D7M,x.0.x.7.7.9,1,1,19,4,2,1,3,7,9,2,True,True,x,,0,A,x,,7,D,7,F#,9,C#
D7M,x.5.4.x.2.2,1,1,20,4,2,0,4,2,5,3,True,False,x,,5,D,4,F#,x,,2,C#,2,F#
D7M,x.x.0.2.2.5,1,1,21,4,2,1,3,2,5,3,True,False,x,,x,,0,D,2,A,2,C#,5,A
D7M,x.5.4.6.7.x,1,1,22,4,2,0,4,4,7,3,True,False,x,,5,D,4,F#,6,C#,7,F#,x,
D7M/5+,x.5.4.3.2.2,1,1,1,5,1,0,5,2,5,3,True,False,x,,5,D,4,F#,3,A#,2,C#,2,F#
D7M/A,x.0.x.2.2.2,1,1,1,4,2,1,3,2,2,0,True,False,x,,0,A,x,,2,A,2,C#,2,F#
D7M/A,x.0.x.7.7.9,1,1,2,4,2,1,3,7,9,2,True,True,x,,0,A,x,,7,D,7,F#,9,C#
D7M/B,x.2.0.2.2.x,1,1,1,4,2,1,3,2,2,0,True,False,x,,2,B,0,D,2,A,2,C#,x,
D7M/C#,x.4.x.2.3.2,1,1,1,4,2,0,4,2,4,2,True,False,x,,4,C#,x,,2,A,3,D,2,F#
D7M/E,0.x.7.7.7.9,1,1,1,5,1,1,4,7,9,2,True,True,0,E,x,,7,A,7,D,7,F#,9,C#
D7M/F#,2.x.0.2.2.x,1,1,1,4,2,1,3,2,2,0,True,False,2,F#,x,,0,D,2,A,2,C#,x,
D7M/F#,2.4.0.2.x.x,1,1,2,4,2,1,3,2,4,2,True,False,2,F#,4,C#,0,D,2,A,x,,x,
D7M9,2.0.0.2.2.0,1,1,1,6,0,3,3,2,2,0,True,False,2,F#,0,A,0,D,2,A,2,C#,0,E
D7sus2,x.3.0.2.3.0,23,2,1,5,1,2,3,2,3,1,True,False,x,,3,C,0,D,2,A,3,D,0,E
D7sus2,x.x.0.2.1.0,5,2,2,4,2,2,2,1,2,1,True,False,x,,x,,0,D,2,A,1,C,0,E
D7sus2,x.3.2.2.3.x,4,1,3,4,2,0,4,2,3,1,True,False,x,,3,C,2,E,2,A,3,D,x,
D7sus2,x.5.7.7.5.8,4,1,4,5,1,0,5,5,8,3,True,False,x,,5,D,7,A,7,D,5,E,8,C
D7sus2,0.3.2.2.3.0,2,1,5,6,0,2,4,2,3,1,True,False,0,E,3,C,2,E,2,A,3,D,0,E
D7sus2,x.0.2.5.3.0,2,1,6,5,1,2,3,2,5,3,True,False,x,,0,A,2,E,5,C,3,D,0,E
D7sus2,0.0.0.5.5.5,1,1,7,6,0,3,3,5,5,0,True,False,0,E,0,A,0,D,5,C,5,E,5,A
D7sus2,0.3.0.2.3.0,1,1,8,6,0,3,3,2,3,1,True,False,0,E,3,C,0,D,2,A,3,D,0,E
D7sus2,x.x.3.5.5.0,1,1,9,4,2,1,3,3,5,2,True,False,x,,x,,3,F,5,C,5,E,0,E
D7sus2,5.5.7.5.5.5,1,1,10,6,0,0,6,5,7,2,True,False,5,A,5,D,7,A,5,C,5,E,5,A
D7sus2,x.5.7.5.5.0,1,1,11,5,1,1,4,5,7,2,True,False,x,,5,D,7,A,5,C,5,E,0,E
D7sus2/F#,2.x.0.2.1.0,1,1,1,5,1,2,3,1,2,1,True,False,2,F#,x,,0,D,2,A,1,C,0,E
D7sus2add13,x.x.0.5.5.7,1,1,1,4,2,1,3,5,7,2,True,False,x,,x,,0,D,5,C,5,E,7,B
D7Sus4,x.5.7.5.8.x,1,1,1,4,2,0,4,5,8,3,True,False,x,,5,D,7,A,5,C,8,G,x,
D7sus4,x.x.0.2.1.3,42,14,1,4,2,1,3,1,3,2,True,False,x,,x,,0,D,2,A,1,C,3,G
D7sus4,10.x.10.12.10.x,16,1,2,4,2,0,4,10,12,2,True,False,10,D,x,,10,C,12,G,10,A,x,
D7sus4,x.x.0.5.8.x,12,1,3,3,3,1,2,5,8,3,True,False,x,,x,,0,D,5,C,8,G,x,
D7sus4,x.0.0.2.1.3,2,1,4,5,1,2,3,1,3,2,True,False,x,,0,A,0,D,2,A,1,C,3,G
D7sus4,5.5.7.5.8.5,2,1,5,6,0,0,6,5,8,3,True,False,5,A,5,D,7,A,5,C,8,G,5,A
D7sus4,x.5.7.5.8.5,2,1,6,5,1,0,5,5,8,3,True,False,x,,5,D,7,A,5,C,8,G,5,A
D7sus4,x.x.0.7.8.8,1,1,7,4,2,1,3,7,8,1,True,True,x,,x,,0,D,7,D,8,G,8,C
D7sus4,x.5.5.5.3.x,1,1,8,4,2,0,4,3,5,2,True,False,x,,5,D,5,G,5,C,3,D,x,
D7sus4,5.5.7.5.8.x,1,1,9,5,1,0,5,5,8,3,True,False,5,A,5,D,7,A,5,C,8,G,x,
D7sus4add13,x.5.5.5.8.7,2,1,1,5,1,0,5,5,8,3,True,False,x,,5,D,5,G,5,C,8,G,7,B
D7sus4add13-,3.3.5.3.3.5,1,1,1,6,0,0,6,3,5,2,True,False,3,G,3,C,5,G,3,A#,3,D,5,A
D7sus4add13-/G,3.3.5.3.3.5,1,1,1,6,0,0,6,3,5,2,True,False,3,G,3,C,5,G,3,A#,3,D,5,A
D7sus4add9,x.x.0.2.3.3,2,2,1,4,2,1,3,2,3,1,True,False,x,,x,,0,D,2,A,3,D,3,G
D9,5.5.4.5.5.5,40,3,1,6,0,0,6,4,5,1,True,False,5,A,5,D,4,F#,5,C,5,E,5,A
D9,x.5.4.5.5.x,33,10,2,4,2,0,4,4,5,1,True,False,x,,5,D,4,F#,5,C,5,E,x,
D9,x.x.0.2.3.x,21,2,3,3,3,1,2,2,3,1,True,False,x,,x,,0,D,2,A,3,D,x,
D9,x.5.7.5.7.0,19,4,4,5,1,1,4,5,7,2,True,False,x,,5,D,7,A,5,C,7,F#,0,E
D9,x.5.4.5.5.5,15,4,5,5,1,0,5,4,5,1,True,False,x,,5,D,4,F#,5,C,5,E,5,A
D9,x.x.0.2.3.0,13,2,6,4,2,2,2,2,3,1,True,False,x,,x,,0,D,2,A,3,D,0,E
D9,x.5.4.5.3.0,11,5,7,5,1,1,4,3,5,2,True,False,x,,5,D,4,F#,5,C,3,D,0,E
D9,2.0.0.2.1.0,8,2,8,6,0,3,3,1,2,1,True,False,2,F#,0,A,0,D,2,A,1,C,0,E
D9,2.x.0.x.1.0,7,2,9,4,2,2,2,1,2,1,True,False,2,F#,x,,0,D,x,,1,C,0,E
D9,x.x.0.2.1.x,6,2,10,3,3,1,2,1,2,1,True,False,x,,x,,0,D,2,A,1,C,x,
D9,x.x.4.5.5.5,6,1,11,4,2,0,4,4,5,1,True,False,x,,x,,4,F#,5,C,5,E,5,A
D9,0.5.4.5.5.0,5,1,12,6,0,2,4,4,5,1,True,False,0,E,5,D,4,F#,5,C,5,E,0,E
D9,2.x.0.2.1.0,3,2,13,5,1,2,3,1,2,1,True,False,2,F#,x,,0,D,2,A,1,C,0,E
D9,0.0.0.2.3.0,2,1,14,6,0,4,2,2,3,1,True,False,0,E,0,A,0,D,2,A,3,D,0,E
D9,5.5.4.5.3.0,2,2,15,6,0,1,5,3,5,2,True,False,5,A,5,D,4,F#,5,C,3,D,0,E
D9,x.x.4.5.3.0,2,2,16,4,2,1,3,3,5,2,True,False,x,,x,,4,F#,5,C,3,D,0,E
D9,x.x.10.9.7.10,2,1,17,4,2,0,4,7,10,3,True,False,x,,x,,10,C,9,E,7,F#,10,D
D9,x.x.0.x.1.0,1,1,18,3,3,2,1,1,1,0,True,False,x,,x,,0,D,x,,1,C,0,E
D9,x.x.x.5.5.5,1,1,19,3,3,0,3,5,5,0,True,False,x,,x,,x,,5,C,5,E,5,A
D9,x.x.0.2.1.0,1,1,20,4,2,2,2,1,2,1,True,False,x,,x,,0,D,2,A,1,C,0,E
D9,x.x.x.2.1.x,1,1,21,2,4,0,2,1,2,1,True,False,x,,x,,x,,2,A,1,C,x,
D9,x.0.0.2.3.0,1,1,22,5,1,3,2,2,3,1,True,False,x,,0,A,0,D,2,A,3,D,0,E
D9,x.x.x.2.3.x,1,1,23,2,4,0,2,2,3,1,True,False,x,,x,,x,,2,A,3,D,x,
D9,x.5.4.5.5.0,1,1,24,5,1,1,4,4,5,1,True,False,x,,5,D,4,F#,5,C,5,E,0,E
D9,10.9.10.9.10.x,1,1,25,5,1,0,5,9,10,1,True,False,10,D,9,F#,10,C,9,E,10,A,x,
D9(no5),x.5.4.5.5.x,3,1,1,4,2,0,4,4,5,1,True,False,x,,5,D,4,F#,5,C,5,E,x,
D9+,x.5.4.5.6.x,47,5,1,4,2,0,4,4,6,2,True,False,x,,5,D,4,F#,5,C,6,F,x,
D9+,0.5.4.5.6.x,44,1,2,5,1,1,4,4,6,2,True,False,0,E,5,D,4,F#,5,C,6,F,x,
D9+,x.5.4.5.6.5,2,1,3,5,1,0,5,4,6,2,True,False,x,,5,D,4,F#,5,C,6,F,5,A
D9+,x.17.16.14.13.13,1,1,4,5,1,0,5,13,17,4,True,False,x,,17,D,16,F#,14,A,13,C,13,F
D9-,x.5.4.5.4.x,8,4,1,4,2,0,4,4,5,1,True,False,x,,5,D,4,F#,5,C,4,D#,x,
D9-,x.x.x.5.4.5,1,1,2,3,3,0,3,4,5,1,True,False,x,,x,,x,,5,C,4,D#,5,A
D9-/5+,x.x.x.5.4.6,1,1,1,3,3,0,3,4,6,2,True,False,x,,x,,x,,5,C,4,D#,6,A#
D9/6,5.5.4.5.5.7,1,1,1,6,0,0,6,4,7,3,True,False,5,A,5,D,4,F#,5,C,5,E,7,B
D9/A,5.x.4.5.5.x,1,1,1,4,2,0,4,4,5,1,True,False,5,A,x,,4,F#,5,C,5,E,x,
D9/A,x.0.10.9.7.10,1,1,2,5,1,1,4,7,10,3,True,True,x,,0,A,10,C,9,E,7,F#,10,D
D9/F#,2.0.0.2.1.0,2,2,1,6,0,3,3,1,2,1,True,False,2,F#,0,A,0,D,2,A,1,C,0,E
D9sus,x.x.0.2.3.0,1,1,1,4,2,2,2,2,3,1,True,False,x,,x,,0,D,2,A,3,D,0,E
D_7/C,x.3.0.2.1.1,1,1,1,5,1,1,4,1,3,2,True,False,x,,3,C,0,D,2,A,1,C,1,F
Dadd11,x.x.4.0.3.5,35,1,1,4,2,1,3,3,5,2,True,False,x,,x,,4,F#,0,G,3,D,5,A
Dadd11,x.5.4.0.3.x,15,4,2,4,2,1,3,3,5,2,True,False,x,,5,D,4,F#,0,G,3,D,x,
Dadd11,x.5.4.0.3.5,5,2,3,5,1,1,4,3,5,2,True,False,x,,5,D,4,F#,0,G,3,D,5,A
Dadd11,2.0.0.0.3.x,4,1,4,5,1,3,2,2,3,1,True,False,2,F#,0,A,0,D,0,G,3,D,x,
Dadd11,x.x.4.0.3.x,4,1,5,3,3,1,2,3,4,1,True,False,x,,x,,4,F#,0,G,3,D,x,
Dadd11,x.0.4.0.3.5,4,1,6,5,1,2,3,3,5,2,True,False,x,,0,A,4,F#,0,G,3,D,5,A
Dadd11,x.0.4.0.3.x,1,1,7,4,2,2,2,3,4,1,True,False,x,,0,A,4,F#,0,G,3,D,x,
Dadd11,x.0.0.0.7.5,1,1,8,5,1,3,2,5,7,2,True,False,x,,0,A,0,D,0,G,7,F#,5,A
Dadd11+,x.x.0.2.3.4,1,1,1,4,2,1,3,2,4,2,True,False,x,,x,,0,D,2,A,3,D,4,G#
Dadd11+,5.5.7.7.9.5,1,1,2,6,0,0,6,5,9,4,True,False,5,A,5,D,7,A,7,D,9,G#,5,A
Dadd2,x.x.0.2.3.0,1,1,1,4,2,2,2,2,3,1,True,False,x,,x,,0,D,2,A,3,D,0,E
Dadd4,x.x.4.0.3.x,2,1,1,3,3,1,2,3,4,1,True,False,x,,x,,4,F#,0,G,3,D,x,
Dadd9,0.0.7.7.7.0,39,2,1,6,0,3,3,7,7,0,True,True,0,E,0,A,7,A,7,D,7,F#,0,E
Dadd9,2.x.0.2.3.0,21,5,2,5,1,2,3,2,3,1,True,False,2,F#,x,,0,D,2,A,3,D,0,E
Dadd9,2.0.0.2.3.0,15,4,3,6,0,3,3,2,3,1,True,False,2,F#,0,A,0,D,2,A,3,D,0,E
Dadd9,x.x.0.2.3.x,7,1,4,3,3,1,2,2,3,1,True,False,x,,x,,0,D,2,A,3,D,x,
Dadd9,0.7.x.7.7.x,6,1,5,4,2,1,3,7,7,0,True,True,0,E,7,E,x,,7,D,7,F#,x,
Dadd9,2.x.x.2.3.0,3,2,6,4,2,1,3,2,3,1,True,False,2,F#,x,,x,,2,A,3,D,0,E
Dadd9,x.9.7.9.7.x,3,1,7,4,2,0,4,7,9,2,True,False,x,,9,F#,7,A,9,E,7,F#,x,
Dadd9,0.7.0.7.7.0,2,2,8,6,0,3,3,7,7,0,True,True,0,E,7,E,0,D,7,D,7,F#,0,E
Dadd9,x.x.0.7.7.0,2,2,9,4,2,2,2,7,7,0,True,True,x,,x,,0,D,7,D,7,F#,0,E
Dadd9,x.x.x.2.3.x,2,2,10,2,4,0,2,2,3,1,True,False,x,,x,,x,,2,A,3,D,x,
Dadd9,2.x.0.2.x.0,1,1,11,4,2,2,2,2,2,0,True,False,2,F#,x,,0,D,2,A,x,,0,E
Dadd9,0.x.0.2.3.2,1,1,12,5,1,2,3,2,3,1,True,False,0,E,x,,0,D,2,A,3,D,2,F#
Dadd9,2.x.4.x.3.0,1,1,13,4,2,1,3,2,4,2,True,False,2,F#,x,,4,F#,x,,3,D,0,E
Dadd9,x.x.4.2.3.0,1,1,14,4,2,1,3,2,4,2,True,False,x,,x,,4,F#,2,A,3,D,0,E
Dadd9,x.5.7.7.7.0,1,1,15,5,1,1,4,5,7,2,True,False,x,,5,D,7,A,7,D,7,F#,0,E
Dadd9,x.0.12.11.10.0,1,1,16,5,1,2,3,10,12,2,True,True,x,,0,A,12,D,11,F#,10,A,0,E
Dadd9,x.x.0.9.7.10,1,1,17,4,2,1,3,7,10,3,True,True,x,,x,,0,D,9,E,7,F#,10,D
Dadd9,x.5.7.9.7.5,1,1,18,5,1,0,5,5,9,4,True,False,x,,5,D,7,A,9,E,7,F#,5,A
Dadd9/5-,4.7.4.7.7.4,1,1,1,6,0,0,6,4,7,3,True,False,4,G#,7,E,4,F#,7,D,7,F#,4,G#
Dadd9/B,x.2.4.2.3.0,2,1,1,5,1,1,4,2,4,2,True,False,x,,2,B,4,F#,2,A,3,D,0,E
Dadd9/F#,2.x.0.2.3.0,2,2,1,5,1,2,3,2,3,1,True,False,2,F#,x,,0,D,2,A,3,D,0,E
Dadd9/F#,x.x.4.2.3.0,1,1,2,4,2,1,3,2,4,2,True,False,x,,x,,4,F#,2,A,3,D,0,E
Dadd9/F#,x.9.7.9.10.10,1,1,3,5,1,0,5,7,10,3,True,False,x,,9,F#,7,A,9,E,10,A,10,D
Dadded F#,2.x.4.2.3.x,1,1,1,4,2,0,4,2,4,2,True,False,2,F#,x,,4,F#,2,A,3,D,x,
Daug,x.x.0.3.3.2,11,3,1,4,2,1,3,2,3,1,True,False,x,,x,,0,D,3,A#,3,D,2,F#
Daug,10.13.12.11.x.x,5,2,2,4,2,0,4,10,13,3,True,False,10,D,13,A#,12,D,11,F#,x,,x,
Daug,x.5.4.3.3.x,1,1,3,4,2,0,4,3,5,2,True,False,x,,5,D,4,F#,3,A#,3,D,x,
Daug,x.9.8.7.7.x,1,1,4,4,2,0,4,7,9,2,True,False,x,,9,F#,8,A#,7,D,7,F#,x,
Daug,6.9.8.7.x.x,1,1,5,4,2,0,4,6,9,3,True,False,6,A#,9,F#,8,A#,7,D,x,,x,
Db,x.4.6.6.6.4,28,1,1,5,1,0,5,4,6,2,True,False,x,,4,C#,6,G#,6,C#,6,F,4,G#
Db,9.11.11.10.x.x,18,3,2,4,2,0,4,9,11,2,True,False,9,C#,11,G#,11,C#,10,F,x,,x,
Db,x.4.6.6.6.x,16,4,3,4,2,0,4,4,6,2,True,False,x,,4,C#,6,G#,6,C#,6,F,x,
Db,x.4.3.1.2.1,8,2,4,5,1,0,5,1,4,3,True,False,x,,4,C#,3,F,1,G#,2,C#,1,F
Db,x.4.3.1.x.x,6,1,5,3,3,0,3,1,4,3,True,False,x,,4,C#,3,F,1,G#,x,,x,
Db,x.4.3.x.2.4,5,1,6,4,2,0,4,2,4,2,True,False,x,,4,C#,3,F,x,,2,C#,4,G#
Db,x.x.0.2.3.2,4,1,7,4,2,1,3,2,3,1,True,False,x,,x,,0,D,2,A,3,D,2,F#
Db,1.1.3.3.3.1,3,1,8,6,0,0,6,1,3,2,True,False,1,F,1,A#,3,F,3,A#,3,D,1,F
Db,x.x.3.1.2.1,2,1,9,4,2,0,4,1,3,2,True,False,x,,x,,3,F,1,G#,2,C#,1,F
Db/5+,x.4.x.2.2.1,5,1,1,4,2,0,4,1,4,3,True,False,x,,4,C#,x,,2,A,2,C#,1,F
Db/Eb,x.6.6.6.9.x,1,1,1,4,2,0,4,6,9,3,True,False,x,,6,D#,6,G#,6,C#,9,G#,x,
Db5,9.11.11.x.x.x,43,3,1,3,3,0,3,9,11,2,True,False,9,C#,11,G#,11,C#,x,,x,,x,
Db6,x.4.3.3.6.4,2,2,1,5,1,0,5,3,6,3,True,False,x,,4,C#,3,F,3,A#,6,F,4,G#
Db7,x.4.6.4.6.4,8,2,1,5,1,0,5,4,6,2,True,False,x,,4,C#,6,G#,4,B,6,F,4,G#
Db7,x.4.3.1.0.1,5,1,2,5,1,1,4,1,4,3,True,False,x,,4,C#,3,F,1,G#,0,B,1,F
Db7M,x.4.3.1.1.1,4,2,1,5,1,0,5,1,4,3,True,False,x,,4,C#,3,F,1,G#,1,C,1,F
Db7M,x.4.6.5.6.4,2,1,2,5,1,0,5,4,6,2,True,False,x,,4,C#,6,G#,5,C,6,F,4,G#
Db7M,x.4.6.5.6.x,2,1,3,4,2,0,4,4,6,2,True,False,x,,4,C#,6,G#,5,C,6,F,x,
Db7M,x.4.x.x.x.x,1,1,4,1,5,0,1,4,4,0,True,False,x,,4,C#,x,,x,,x,,x,
Db7M,x.x.6.5.6.x,1,1,5,3,3,0,3,5,6,1,True,False,x,,x,,6,G#,5,C,6,F,x,
Db7M,x.x.6.6.6.8,1,1,6,4,2,0,4,6,8,2,True,False,x,,x,,6,G#,6,C#,6,F,8,C
Db7M,x.4.3.5.6.x,1,1,7,4,2,0,4,3,6,3,True,False,x,,4,C#,3,F,5,C,6,F,x,
Db7M,x.4.6.6.6.8,1,1,8,5,1,0,5,4,8,4,True,False,x,,4,C#,6,G#,6,C#,6,F,8,C
Db7M9,x.4.6.5.4.4,1,1,1,5,1,0,5,4,6,2,True,False,x,,4,C#,6,G#,5,C,4,D#,4,G#
Db7sus4,x.4.6.4.7.4,4,1,1,5,1,0,5,4,7,3,True,False,x,,4,C#,6,G#,4,B,7,F#,4,G#
Db9,x.4.3.4.4.0,5,1,1,5,1,1,4,3,4,1,True,False,x,,4,C#,3,F,4,B,4,D#,0,E
Db9,x.x.3.4.4.4,3,1,2,4,2,0,4,3,4,1,True,False,x,,x,,3,F,4,B,4,D#,4,G#
Db9,x.4.3.4.4.x,2,2,3,4,2,0,4,3,4,1,True,False,x,,4,C#,3,F,4,B,4,D#,x,
Db9,x.4.x.x.x.x,1,1,4,1,5,0,1,4,4,0,True,False,x,,4,C#,x,,x,,x,,x,
Db9,x.x.x.4.4.4,1,1,5,3,3,0,3,4,4,0,True,False,x,,x,,x,,4,B,4,D#,4,G#
Db9/6,4.4.3.4.4.6,1,1,1,6,0,0,6,3,6,3,True,False,4,G#,4,C#,3,F,4,B,4,D#,6,A#
Dbadd9,x.4.1.1.2.1,2,1,1,5,1,0,5,1,4,3,True,False,x,,4,C#,1,D#,1,G#,2,C#,1,F
Dbdim,x.4.5.3.5.3,3,1,1,5,1,0,5,3,5,2,True,False,x,,4,C#,5,G,3,A#,5,E,3,G
Dbdim,x.4.5.3.5.x,1,1,2,4,2,0,4,3,5,2,True,False,x,,4,C#,5,G,3,A#,5,E,x,
Dbm,x.4.6.6.5.4,14,1,1,5,1,0,5,4,6,2,True,False,x,,4,C#,6,G#,6,C#,5,E,4,G#
Dbm,x.4.x.1.5.4,12,1,2,4,2,0,4,1,5,4,True,False,x,,4,C#,x,,1,G#,5,E,4,G#
Dbm/5-,x.4.2.0.x.x,1,1,1,3,3,1,2,2,4,2,True,False,x,,4,C#,2,E,0,G,x,,x,
Dbm6,x.4.2.3.2.4,3,1,1,5,1,0,5,2,4,2,True,False,x,,4,C#,2,E,3,A#,2,C#,4,G#
Dbm7,x.4.2.1.0.0,1,1,1,5,1,2,3,1,4,3,True,False,x,,4,C#,2,E,1,G#,0,B,0,E
Dbm9,x.4.1.1.0.0,2,1,1,5,1,2,3,1,4,3,True,False,x,,4,C#,1,D#,1,G#,0,B,0,E
Dbsus2,x.4.6.6.4.x,1,1,1,4,2,0,4,4,6,2,True,False,x,,4,C#,6,G#,6,C#,4,D#,x,
Ddim,x.x.0.1.0.1,44,2,1,4,2,2,2,1,1,0,True,False,x,,x,,0,D,1,G#,0,B,1,F
Ddim,x.x.0.4.6.4,2,2,2,4,2,1,3,4,6,2,True,False,x,,x,,0,D,4,B,6,F,4,G#
Ddim,x.x.6.7.6.7,1,1,3,4,2,0,4,6,7,1,True,False,x,,x,,6,G#,7,D,6,F,7,B
Ddim,10.x.9.10.9.x,1,1,4,4,2,0,4,9,10,1,True,False,10,D,x,,9,B,10,F,9,G#,x,
Ddim,4.5.6.4.6.4,1,1,5,6,0,0,6,4,6,2,True,False,4,G#,5,D,6,G#,4,B,6,F,4,G#
Ddim7,x.x.12.10.9.0,2,1,1,4,2,1,3,9,12,3,True,True,x,,x,,12,D,10,F,9,G#,0,E
Ddim7,x.5.6.4.6.x,1,1,2,4,2,0,4,4,6,2,True,False,x,,5,D,6,G#,4,B,6,F,x,
Distortion Metal,x.2.x.x.x.x,2,2,1,1,5,0,1,2,2,0,True,False,x,,2,B,x,,x,,x,,x,
Dm,x.x.0.2.3.1,2314,270,1,4,2,1,3,1,3,2,True,False,x,,x,,0,D,2,A,3,D,1,F
Dm,x.5.7.7.6.5,793,76,2,5,1,0,5,5,7,2,True,False,x,,5,D,7,A,7,D,6,F,5,A
Dm,10.8.7.7.10.10,179,1,3,6,0,0,6,7,10,3,True,False,10,D,8,F,7,A,7,D,10,A,10,D
Dm,x.0.0.2.3.1,98,17,4,5,1,2,3,1,3,2,True,False,x,,0,A,0,D,2,A,3,D,1,F
Dm,x.x.x.2.3.1,82,16,5,3,3,0,3,1,3,2,True,False,x,,x,,x,,2,A,3,D,1,F
Dm,5.5.7.7.6.5,75,15,6,6,0,0,6,5,7,2,True,False,5,A,5,D,7,A,7,D,6,F,5,A
Dm,x.x.0.2.1.3,33,1,7,4,2,1,3,1,3,2,True,False,x,,x,,0,D,2,A,1,C,3,G
Dm,x.x.12.10.10.10,31,8,8,4,2,0,4,10,12,2,True,False,x,,x,,12,D,10,F,10,A,10,D
Dm,x.x.7.7.6.5,26,4,9,4,2,0,4,5,7,2,True,False,x,,x,,7,A,7,D,6,F,5,A
Dm,x.x.3.2.3.x,25,5,10,3,3,0,3,2,3,1,True,False,x,,x,,3,F,2,A,3,D,x,
Dm,0.0.0.2.3.1,24,7,11,6,0,3,3,1,3,2,True,False,0,E,0,A,0,D,2,A,3,D,1,F
Dm,1.x.3.2.3.1,24,1,12,5,1,0,5,1,3,2,True,False,1,F,x,,3,F,2,A,3,D,1,F
Dm,x.5.7.7.6.x,24,16,13,4,2,0,4,5,7,2,True,False,x,,5,D,7,A,7,D,6,F,x,
Dm,x.x.x.7.6.5,24,6,14,3,3,0,3,5,7,2,True,False,x,,x,,x,,7,D,6,F,5,A
Dm,7.7.6.5.x.x,23,1,15,4,2,0,4,5,7,2,True,False,7,B,7,E,6,G#,5,C,x,,x,
Dm,x.x.0.7.6.5,17,5,16,4,2,1,3,5,7,2,True,False,x,,x,,0,D,7,D,6,F,5,A
Dm,x.x.3.2.3.1,13,6,17,4,2,0,4,1,3,2,True,False,x,,x,,3,F,2,A,3,D,1,F
Dm,x.x.12.10.10.x,13,2,18,3,3,0,3,10,12,2,True,False,x,,x,,12,D,10,F,10,A,x,
Dm,10.8.7.7.x.x,11,1,19,4,2,0,4,7,10,3,True,False,10,D,8,F,7,A,7,D,x,,x,
Dm,10.12.12.10.10.10,10,4,20,6,0,0,6,10,12,2,True,False,10,D,12,A,12,D,10,F,10,A,10,D
Dm,x.x.7.7.6.x,7,1,21,3,3,0,3,6,7,1,True,False,x,,x,,7,A,7,D,6,F,x,
Dm,1.0.0.2.3.1,7,2,22,6,0,2,4,1,3,2,True,False,1,F,0,A,0,D,2,A,3,D,1,F
Dm,x.x.x.10.10.10,6,3,23,3,3,0,3,10,10,0,True,False,x,,x,,x,,10,F,10,A,10,D
Dm,1.x.x.x.3.x,6,3,24,2,4,0,2,1,3,2,True,False,1,F,x,,x,,x,,3,D,x,
Dm,x.x.x.x.3.1,5,1,25,2,4,0,2,1,3,2,True,False,x,,x,,x,,x,,3,D,1,F
Dm,x.5.3.2.3.x,5,5,26,4,2,0,4,2,5,3,True,False,x,,5,D,3,F,2,A,3,D,x,
Dm,x.x.0.x.x.1,4,1,27,2,4,1,1,1,1,0,True,False,x,,x,,0,D,x,,x,,1,F
Dm,x.0.0.10.10.10,4,1,28,5,1,2,3,10,10,0,True,True,x,,0,A,0,D,10,F,10,A,10,D
Dm,x.x.0.10.10.x,4,1,29,3,3,1,2,10,10,0,True,True,x,,x,,0,D,10,F,10,A,x,
Dm,x.x.0.2.x.1,4,2,30,3,3,1,2,1,2,1,True,False,x,,x,,0,D,2,A,x,,1,F
Dm,x.x.3.x.3.1,4,1,31,3,3,0,3,1,3,2,True,False,x,,x,,3,F,x,,3,D,1,F
Dm,x.x.x.4.5.3,4,2,32,3,3,0,3,3,5,2,True,False,x,,x,,x,,4,B,5,E,3,G
Dm,5.5.7.7.6.0,4,1,33,6,0,1,5,5,7,2,True,False,5,A,5,D,7,A,7,D,6,F,0,E
Dm,x.12.12.10.x.x,4,1,34,3,3,0,3,10,12,2,True,False,x,,12,A,12,D,10,F,x,,x,
Dm,x.5.3.2.x.x,4,2,35,3,3,0,3,2,5,3,True,False,x,,5,D,3,F,2,A,x,,x,
Dm,x.0.3.2.3.x,3,3,36,4,2,1,3,2,3,1,True,False,x,,0,A,3,F,2,A,3,D,x,
Dm,x.x.0.2.3.x,3,1,37,3,3,1,2,2,3,1,True,False,x,,x,,0,D,2,A,3,D,x,
Dm,x.5.x.x.6.x,3,1,38,2,4,0,2,5,6,1,True,False,x,,5,D,x,,x,,6,F,x,
Dm,0.2.3.1.x.x,3,1,39,4,2,1,3,1,3,2,True,False,0,E,2,B,3,F,1,G#,x,,x,
Dm,1.x.3.2.3.x,3,2,40,4,2,0,4,1,3,2,True,False,1,F,x,,3,F,2,A,3,D,x,
Dm,x.0.3.2.3.1,3,3,41,5,1,1,4,1,3,2,True,False,x,,0,A,3,F,2,A,3,D,1,F
Dm,5.5.7.7.6.x,3,3,42,5,1,0,5,5,7,2,True,False,5,A,5,D,7,A,7,D,6,F,x,
Dm,x.8.x.7.6.5,3,1,43,4,2,0,4,5,8,3,True,False,x,,8,F,x,,7,D,6,F,5,A
Dm,x.x.0.10.10.10,2,2,44,4,2,1,3,10,10,0,True,True,x,,x,,0,D,10,F,10,A,10,D
Dm,0.x.7.7.6.x,2,1,45,4,2,1,3,6,7,1,True,True,0,E,x,,7,A,7,D,6,F,x,
Dm,x.8.7.7.x.x,2,1,46,3,3,0,3,7,8,1,True,False,x,,8,F,7,A,7,D,x,,x,
Dm,0.x.x.2.3.1,2,1,47,4,2,1,3,1,3,2,True,False,0,E,x,,x,,2,A,3,D,1,F
Dm,1.0.0.2.3.x,2,1,48,5,1,2,3,1,3,2,True,False,1,F,0,A,0,D,2,A,3,D,x,
Dm,1.x.x.2.3.x,2,2,49,3,3,0,3,1,3,2,True,False,1,F,x,,x,,2,A,3,D,x,
Dm,x.5.7.0.6.x,2,1,50,4,2,1,3,5,7,2,True,False,x,,5,D,7,A,0,G,6,F,x,
Dm,x.5.7.7.6.0,2,1,51,5,1,1,4,5,7,2,True,False,x,,5,D,7,A,7,D,6,F,0,E
Dm,x.x.12.10.x.x,2,1,52,2,4,0,2,10,12,2,True,False,x,,x,,12,D,10,F,x,,x,
Dm,10.x.x.10.10.10,1,1,53,4,2,0,4,10,10,0,True,False,10,D,x,,x,,10,F,10,A,10,D
Dm,1.0.0.2.x.x,1,1,54,4,2,2,2,1,2,1,True,False,1,F,0,A,0,D,2,A,x,,x,
Dm,1.x.x.2.x.x,1,1,55,2,4,0,2,1,2,1,True,False,1,F,x,,x,,2,A,x,,x,
Dm,3.x.3.2.3.x,1,1,56,4,2,0,4,2,3,1,True,False,3,G,x,,3,F,2,A,3,D,x,
Dm,x.0.0.7.6.x,1,1,57,4,2,2,2,6,7,1,True,True,x,,0,A,0,D,7,D,6,F,x,
Dm,x.x.x.7.6.x,1,1,58,2,4,0,2,6,7,1,True,False,x,,x,,x,,7,D,6,F,x,
Dm,0.x.3.2.3.1,1,1,59,5,1,1,4,1,3,2,True,False,0,E,x,,3,F,2,A,3,D,1,F
Dm,1.x.x.2.3.1,1,1,60,4,2,0,4,1,3,2,True,False,1,F,x,,x,,2,A,3,D,1,F
Dm,x.0.x.2.3.1,1,1,61,4,2,1,3,1,3,2,True,False,x,,0,A,x,,2,A,3,D,1,F
Dm,x.3.2.0.1.0,1,1,62,5,1,2,3,1,3,2,True,False,x,,3,C,2,E,0,G,1,C,0,E
Dm,x.5.3.x.3.x,1,1,63,3,3,0,3,3,5,2,True,False,x,,5,D,3,F,x,,3,D,x,
Dm,x.5.x.7.6.x,1,1,64,3,3,0,3,5,7,2,True,False,x,,5,D,x,,7,D,6,F,x,
Dm,x.8.7.7.6.x,1,1,65,4,2,0,4,6,8,2,True,False,x,,8,F,7,A,7,D,6,F,x,
Dm,x.12.12.10.10.x,1,1,66,4,2,0,4,10,12,2,True,False,x,,12,A,12,D,10,F,10,A,x,
Dm,x.x.x.x.15.13,1,1,67,2,4,0,2,13,15,2,True,False,x,,x,,x,,x,,15,D,13,F
Dm,5.8.0.7.x.x,1,1,68,4,2,1,3,5,8,3,True,False,5,A,8,F,0,D,7,D,x,,x,
Dm,1.x.3.x.3.5,1,1,69,4,2,0,4,1,5,4,True,False,1,F,x,,3,F,x,,3,D,5,A
Dm,x.5.3.2.3.1,1,1,70,5,1,0,5,1,5,4,True,False,x,,5,D,3,F,2,A,3,D,1,F
Dm(5),x.5.7.7.6.5,9,1,1,5,1,0,5,5,7,2,True,False,x,,5,D,7,A,7,D,6,F,5,A
Dm/5+,x.x.0.10.11.10,1,1,1,4,2,1,3,10,11,1,True,True,x,,x,,0,D,10,F,11,A#,10,D
Dm/5-,x.x.0.10.9.x,4,1,1,3,3,1,2,9,10,1,True,True,x,,x,,0,D,10,F,9,G#,x,
Dm/5-,x.x.3.1.3.1,4,4,2,4,2,0,4,1,3,2,True,False,x,,x,,3,F,1,G#,3,D,1,F
Dm/5-,x.x.0.1.3.1,2,1,3,4,2,1,3,1,3,2,True,False,x,,x,,0,D,1,G#,3,D,1,F
Dm/5-,x.x.x.10.9.10,1,1,4,3,3,0,3,9,10,1,True,False,x,,x,,x,,10,F,9,G#,10,D
Dm/5-,1.x.0.1.3.x,1,1,5,4,2,1,3,1,3,2,True,False,1,F,x,,0,D,1,G#,3,D,x,
Dm/9,x.x.0.7.6.0,4,1,1,4,2,2,2,6,7,1,True,True,x,,x,,0,D,7,D,6,F,0,E
Dm/A,x.0.0.2.3.1,9,2,1,5,1,2,3,1,3,2,True,False,x,,0,A,0,D,2,A,3,D,1,F
Dm/A,x.0.0.7.6.5,2,1,2,5,1,2,3,5,7,2,True,False,x,,0,A,0,D,7,D,6,F,5,A
Dm/A,x.0.7.7.6.x,1,1,3,4,2,1,3,6,7,1,True,True,x,,0,A,7,A,7,D,6,F,x,
Dm/A,x.0.3.2.3.1,1,1,4,5,1,1,4,1,3,2,True,False,x,,0,A,3,F,2,A,3,D,1,F
Dm/A,5.5.3.x.x.x,1,1,5,3,3,0,3,3,5,2,True,False,5,A,5,D,3,F,x,,x,,x,
Dm/A,x.x.7.7.6.5,1,1,6,4,2,0,4,5,7,2,True,False,x,,x,,7,A,7,D,6,F,5,A
Dm/A#,x.1.3.2.3.x,9,4,1,4,2,0,4,1,3,2,True,False,x,,1,A#,3,F,2,A,3,D,x,
Dm/A#,6.x.7.7.6.x,7,2,2,4,2,0,4,6,7,1,True,False,6,A#,x,,7,A,7,D,6,F,x,
Dm/A#,x.1.3.2.3.1,7,2,3,5,1,0,5,1,3,2,True,False,x,,1,A#,3,F,2,A,3,D,1,F
Dm/A#,x.1.0.2.3.1,2,1,4,5,1,1,4,1,3,2,True,False,x,,1,A#,0,D,2,A,3,D,1,F
Dm/A#,x.x.8.10.10.10,1,1,5,4,2,0,4,8,10,2,True,False,x,,x,,8,A#,10,F,10,A,10,D
Dm/B,7.5.7.x.6.5,5,2,1,5,1,0,5,5,7,2,True,False,7,B,5,D,7,A,x,,6,F,5,A
Dm/B,7.x.7.7.6.x,3,1,2,4,2,0,4,6,7,1,True,False,7,B,x,,7,A,7,D,6,F,x,
Dm/B,x.2.x.2.3.1,3,1,3,4,2,0,4,1,3,2,True,False,x,,2,B,x,,2,A,3,D,1,F
Dm/B,x.2.3.2.3.x,2,2,4,4,2,0,4,2,3,1,True,False,x,,2,B,3,F,2,A,3,D,x,
Dm/B,x.x.9.10.10.10,1,1,5,4,2,0,4,9,10,1,True,False,x,,x,,9,B,10,F,10,A,10,D
Dm/B,x.2.0.2.3.1,1,1,6,5,1,1,4,1,3,2,True,False,x,,2,B,0,D,2,A,3,D,1,F
Dm/Bb,x.1.x.2.3.1,6,1,1,4,2,0,4,1,3,2,True,False,x,,1,A#,x,,2,A,3,D,1,F
Dm/Bb,x.1.0.2.3.1,2,2,2,5,1,1,4,1,3,2,True,False,x,,1,A#,0,D,2,A,3,D,1,F
Dm/C,x.3.3.2.3.x,10,1,1,4,2,0,4,2,3,1,True,False,x,,3,C,3,F,2,A,3,D,x,
Dm/C,x.3.0.2.3.1,8,4,2,5,1,1,4,1,3,2,True,False,x,,3,C,0,D,2,A,3,D,1,F
Dm/C,x.3.x.2.3.1,7,3,3,4,2,0,4,1,3,2,True,False,x,,3,C,x,,2,A,3,D,1,F
Dm/C,8.5.7.7.6.x,1,1,4,5,1,0,5,5,8,3,True,False,8,C,5,D,7,A,7,D,6,F,x,
Dm/C#,x.4.0.2.3.1,1,1,1,5,1,1,4,1,4,3,True,False,x,,4,C#,0,D,2,A,3,D,1,F
Dm/E,0.0.0.2.3.1,4,2,1,6,0,3,3,1,3,2,True,False,0,E,0,A,0,D,2,A,3,D,1,F
Dm/E,x.7.7.7.6.5,1,1,2,5,1,0,5,5,7,2,True,False,x,,7,E,7,A,7,D,6,F,5,A
Dm/F,x.x.3.2.3.1,4,3,1,4,2,0,4,1,3,2,True,False,x,,x,,3,F,2,A,3,D,1,F
Dm/F,x.x.3.x.3.x,3,1,2,2,4,0,2,3,3,0,True,False,x,,x,,3,F,x,,3,D,x,
Dm/F,1.x.0.2.3.x,2,1,3,4,2,1,3,1,3,2,True,False,1,F,x,,0,D,2,A,3,D,x,
Dm/F,1.x.3.2.3.1,2,1,4,5,1,0,5,1,3,2,True,False,1,F,x,,3,F,2,A,3,D,1,F
Dm/F,1.x.0.2.x.x,1,1,5,3,3,1,2,1,2,1,True,False,1,F,x,,0,D,2,A,x,,x,
Dm/F,x.x.3.2.3.x,1,1,6,3,3,0,3,2,3,1,True,False,x,,x,,3,F,2,A,3,D,x,
Dm/F,1.0.0.2.3.1,1,1,7,6,0,2,4,1,3,2,True,False,1,F,0,A,0,D,2,A,3,D,1,F
Dm/F,1.0.0.2.3.x,1,1,8,5,1,2,3,1,3,2,True,False,1,F,0,A,0,D,2,A,3,D,x,
Dm/F,x.x.3.x.3.1,1,1,9,3,3,0,3,1,3,2,True,False,x,,x,,3,F,x,,3,D,1,F
Dm/F,x.8.7.7.6.x,1,1,10,4,2,0,4,6,8,2,True,False,x,,8,F,7,A,7,D,6,F,x,
Dm/F,x.x.3.2.3.5,1,1,11,4,2,0,4,2,5,3,True,False,x,,x,,3,F,2,A,3,D,5,A
Dm/F,x.8.7.7.6.5,1,1,12,5,1,0,5,5,8,3,True,False,x,,8,F,7,A,7,D,6,F,5,A
Dm/G,3.0.3.2.3.x,1,1,1,5,1,1,4,2,3,1,True,False,3,G,0,A,3,F,2,A,3,D,x,
Dm11,x.x.0.10.8.12,1,1,1,4,2,1,3,8,12,4,True,True,x,,x,,0,D,10,F,8,G,12,E
Dm13,x.5.7.5.6.7,1,1,1,5,1,0,5,5,7,2,True,False,x,,5,D,7,A,5,C,6,F,7,B
Dm6,x.x.0.2.0.1,85,5,1,4,2,2,2,1,2,1,True,False,x,,x,,0,D,2,A,0,B,1,F
Dm6,0.2.3.2.3.0,14,1,2,6,0,2,4,2,3,1,True,False,0,E,2,B,3,F,2,A,3,D,0,E
Dm6,0.0.0.2.0.1,6,1,3,6,0,4,2,1,2,1,True,False,0,E,0,A,0,D,2,A,0,B,1,F
Dm6,x.x.0.4.6.5,6,3,4,4,2,1,3,4,6,2,True,False,x,,x,,0,D,4,B,6,F,5,A
Dm6,x.5.7.4.6.4,6,2,5,5,1,0,5,4,7,3,True,False,x,,5,D,7,A,4,B,6,F,4,G#
Dm6,5.x.7.5.6.7,3,1,6,5,1,0,5,5,7,2,True,False,5,A,x,,7,A,5,C,6,F,7,B
Dm6,x.0.3.4.3.1,3,1,7,5,1,1,4,1,4,3,True,False,x,,0,A,3,F,4,B,3,D,1,F
Dm6,x.7.7.7.6.0,2,1,8,5,1,1,4,6,7,1,True,True,x,,7,E,7,A,7,D,6,F,0,E
Dm6,10.x.9.10.10.x,2,2,9,4,2,0,4,9,10,1,True,False,10,D,x,,9,B,10,F,10,A,x,
Dm6,x.5.x.4.6.5,2,1,10,4,2,0,4,4,6,2,True,False,x,,5,D,x,,4,B,6,F,5,A
Dm6,x.x.x.4.6.5,2,1,11,3,3,0,3,4,6,2,True,False,x,,x,,x,,4,B,6,F,5,A
Dm6,x.5.7.7.6.0,2,1,12,5,1,1,4,5,7,2,True,False,x,,5,D,7,A,7,D,6,F,0,E
Dm6,10.8.7.7.10.7,2,1,13,6,0,0,6,7,10,3,True,False,10,D,8,F,7,A,7,D,10,A,7,B
Dm6,0.x.3.2.0.x,1,1,14,4,2,2,2,2,3,1,True,False,0,E,x,,3,F,2,A,0,B,x,
Dm6,x.0.3.4.3.x,1,1,15,4,2,1,3,3,4,1,True,False,x,,0,A,3,F,4,B,3,D,x,
Dm6,7.x.7.7.6.x,1,1,16,4,2,0,4,6,7,1,True,False,7,B,x,,7,A,7,D,6,F,x,
Dm6,x.0.x.7.6.7,1,1,17,4,2,1,3,6,7,1,True,True,x,,0,A,x,,7,D,6,F,7,B
Dm7,x.5.7.5.6.8,631,1,1,5,1,0,5,5,8,3,True,False,x,,5,D,7,A,5,C,6,F,8,C
Dm7,x.x.0.2.1.1,163,41,2,4,2,1,3,1,2,1,True,False,x,,x,,0,D,2,A,1,C,1,F
Dm7,x.5.7.5.6.5,111,27,3,5,1,0,5,5,7,2,True,False,x,,5,D,7,A,5,C,6,F,5,A
Dm7,5.5.7.5.6.5,24,5,4,6,0,0,6,5,7,2,True,False,5,A,5,D,7,A,5,C,6,F,5,A
Dm7,x.x.0.5.6.x,18,1,5,3,3,1,2,5,6,1,True,False,x,,x,,0,D,5,C,6,F,x,
Dm7,5.5.3.5.6.x,12,1,6,5,1,0,5,3,6,3,True,False,5,A,5,D,3,F,5,C,6,F,x,
Dm7,x.x.7.5.6.x,10,2,7,3,3,0,3,5,7,2,True,False,x,,x,,7,A,5,C,6,F,x,
Dm7,x.x.0.5.6.0,7,1,8,4,2,2,2,5,6,1,True,False,x,,x,,0,D,5,C,6,F,0,E
Dm7,x.5.7.5.6.x,7,3,9,4,2,0,4,5,7,2,True,False,x,,5,D,7,A,5,C,6,F,x,
Dm7,10.12.10.10.x.x,6,1,10,4,2,0,4,10,12,2,True,False,10,D,12,A,10,C,10,F,x,,x,
Dm7,x.5.3.5.6.x,5,3,11,4,2,0,4,3,6,3,True,False,x,,5,D,3,F,5,C,6,F,x,
Dm7,5.5.7.5.6.8,5,3,12,6,0,0,6,5,8,3,True,False,5,A,5,D,7,A,5,C,6,F,8,C
Dm7,x.3.0.2.3.1,4,2,13,5,1,1,4,1,3,2,True,False,x,,3,C,0,D,2,A,3,D,1,F
Dm7,0.0.0.2.1.1,3,1,14,6,0,3,3,1,2,1,True,False,0,E,0,A,0,D,2,A,1,C,1,F
Dm7,x.3.3.2.3.x,3,2,15,4,2,0,4,2,3,1,True,False,x,,3,C,3,F,2,A,3,D,x,
Dm7,x.5.x.5.6.5,3,2,16,4,2,0,4,5,6,1,True,False,x,,5,D,x,,5,C,6,F,5,A
Dm7,10.0.10.10.10.10,2,1,17,6,0,1,5,10,10,0,True,True,10,D,0,A,10,C,10,F,10,A,10,D
Dm7,10.x.10.10.10.x,2,1,18,4,2,0,4,10,10,0,True,False,10,D,x,,10,C,10,F,10,A,x,
Dm7,x.x.x.5.6.5,2,1,19,3,3,0,3,5,6,1,True,False,x,,x,,x,,5,C,6,F,5,A
Dm7,x.x.0.2.2.2,1,1,20,4,2,1,3,2,2,0,True,False,x,,x,,0,D,2,A,2,C#,2,F#
Dm7,x.0.0.2.1.1,1,1,21,5,1,2,3,1,2,1,True,False,x,,0,A,0,D,2,A,1,C,1,F
Dm7,3.5.3.5.3.x,1,1,22,5,1,0,5,3,5,2,True,False,3,G,5,D,3,F,5,C,3,D,x,
Dm7,x.3.3.x.3.5,1,1,23,4,2,0,4,3,5,2,True,False,x,,3,C,3,F,x,,3,D,5,A
Dm7,x.5.3.5.3.x,1,1,24,4,2,0,4,3,5,2,True,False,x,,5,D,3,F,5,C,3,D,x,
Dm7,0.5.7.5.6.5,1,1,25,6,0,1,5,5,7,2,True,False,0,E,5,D,7,A,5,C,6,F,5,A
Dm7,5.5.7.x.6.x,1,1,26,4,2,0,4,5,7,2,True,False,5,A,5,D,7,A,x,,6,F,x,
Dm7,8.0.7.7.6.x,1,1,27,5,1,1,4,6,8,2,True,True,8,C,0,A,7,A,7,D,6,F,x,
Dm7,x.x.0.7.6.8,1,1,28,4,2,1,3,6,8,2,True,True,x,,x,,0,D,7,D,6,F,8,C
Dm7/5+,x.5.x.5.6.6,2,1,1,4,2,0,4,5,6,1,True,False,x,,5,D,x,,5,C,6,F,6,A#
Dm7/5+,6.x.3.5.3.x,1,1,2,4,2,0,4,3,6,3,True,False,6,A#,x,,3,F,5,C,3,D,x,
Dm7/5-,x.5.6.5.6.x,6,3,1,4,2,0,4,5,6,1,True,False,x,,5,D,6,G#,5,C,6,F,x,
Dm7/5-,x.x.0.1.1.1,5,3,2,4,2,1,3,1,1,0,True,False,x,,x,,0,D,1,G#,1,C,1,F
Dm7/5-,x.5.6.5.6.8,1,1,3,5,1,0,5,5,8,3,True,False,x,,5,D,6,G#,5,C,6,F,8,C
Dm7/A,5.5.7.5.6.5,2,2,1,6,0,0,6,5,7,2,True,False,5,A,5,D,7,A,5,C,6,F,5,A
Dm7/A,x.0.0.2.1.1,1,1,2,5,1,2,3,1,2,1,True,False,x,,0,A,0,D,2,A,1,C,1,F
Dm7/A,x.x.7.7.6.8,1,1,3,4,2,0,4,6,8,2,True,False,x,,x,,7,A,7,D,6,F,8,C
Dm7/C,8.x.10.10.10.x,2,1,1,4,2,0,4,8,10,2,True,False,8,C,x,,10,C,10,F,10,A,x,
Dm7/C,x.x.10.10.10.10,1,1,2,4,2,0,4,10,10,0,True,False,x,,x,,10,C,10,F,10,A,10,D
Dm7/C,8.x.7.7.6.x,1,1,3,4,2,0,4,6,8,2,True,False,8,C,x,,7,A,7,D,6,F,x,
Dm7/C,8.5.7.5.6.5,1,1,4,6,0,0,6,5,8,3,True,False,8,C,5,D,7,A,5,C,6,F,5,A
Dm7/E,0.0.0.2.1.1,6,1,1,6,0,3,3,1,2,1,True,False,0,E,0,A,0,D,2,A,1,C,1,F
Dm7/G,3.x.0.2.1.1,13,1,1,5,1,1,4,1,3,2,True,False,3,G,x,,0,D,2,A,1,C,1,F
Dm7/G#,4.x.3.5.3.x,1,1,1,4,2,0,4,3,5,2,True,False,4,G#,x,,3,F,5,C,3,D,x,
Dm79,x.5.3.5.5.x,3,1,1,4,2,0,4,3,5,2,True,False,x,,5,D,3,F,5,C,5,E,x,
Dm79,10.12.10.10.13.12,1,1,2,6,0,0,6,10,13,3,True,False,10,D,12,A,10,C,10,F,13,C,12,E
Dm79-,10.8.10.8.10.8,1,1,1,6,0,0,6,8,10,2,True,False,10,D,8,F,10,C,8,D#,10,A,8,C
Dm7add11,x.5.3.5.3.3,2,2,1,5,1,0,5,3,5,2,True,False,x,,5,D,3,F,5,C,3,D,3,G
Dm7add13,x.5.3.5.0.x,1,1,1,4,2,1,3,3,5,2,True,False,x,,5,D,3,F,5,C,0,B,x,
Dm7add13,5.5.7.5.6.7,1,1,2,6,0,0,6,5,7,2,True,False,5,A,5,D,7,A,5,C,6,F,7,B
Dm7b5,x.5.6.5.6.x,1,1,1,4,2,0,4,5,6,1,True,False,x,,5,D,6,G#,5,C,6,F,x,
Dm7b5/Ab,4.x.3.5.3.x,1,1,1,4,2,0,4,3,5,2,True,False,4,G#,x,,3,F,5,C,3,D,x,
Dm7M,x.x.0.2.2.1,21,3,1,4,2,1,3,1,2,1,True,False,x,,x,,0,D,2,A,2,C#,1,F
Dm7M,x.5.7.6.6.5,7,3,2,5,1,0,5,5,7,2,True,False,x,,5,D,7,A,6,C#,6,F,5,A
Dm7M,x.x.x.6.6.5,1,1,3,3,3,0,3,5,6,1,True,False,x,,x,,x,,6,C#,6,F,5,A
Dm7M9,x.x.0.2.2.0,1,1,1,4,2,2,2,2,2,0,True,False,x,,x,,0,D,2,A,2,C#,0,E
Dm7M9,x.17.15.18.17.17,1,1,2,5,1,0,5,15,18,3,True,False,x,,17,D,15,F,18,C#,17,E,17,A
Dm9,x.5.3.5.5.x,31,4,1,4,2,0,4,3,5,2,True,False,x,,5,D,3,F,5,C,5,E,x,
Dm9,x.5.7.5.6.0,6,2,2,5,1,1,4,5,7,2,True,False,x,,5,D,7,A,5,C,6,F,0,E
Dm9,x.0.3.5.3.0,4,1,3,5,1,2,3,3,5,2,True,False,x,,0,A,3,F,5,C,3,D,0,E
Dm9,x.x.0.5.6.0,2,2,4,4,2,2,2,5,6,1,True,False,x,,x,,0,D,5,C,6,F,0,E
Dm9,x.x.7.7.6.0,1,1,5,4,2,1,3,6,7,1,True,True,x,,x,,7,A,7,D,6,F,0,E
Dm9,x.5.3.0.5.x,1,1,6,4,2,1,3,3,5,2,True,False,x,,5,D,3,F,0,G,5,E,x,
Dm9/C,8.x.x.7.6.0,7,1,1,4,2,1,3,6,8,2,True,True,8,C,x,,x,,7,D,6,F,0,E
Dmadd11,x.x.0.10.8.x,4,1,1,3,3,1,2,8,10,2,True,True,x,,x,,0,D,10,F,8,G,x,
Dmadd11,x.x.0.10.8.10,1,1,2,4,2,1,3,8,10,2,True,True,x,,x,,0,D,10,F,8,G,10,D
Dmadd11,x.x.0.7.6.3,1,1,3,4,2,1,3,3,7,4,True,False,x,,x,,0,D,7,D,6,F,3,G
Dmadd13-,1.1.3.2.3.x,1,1,1,5,1,0,5,1,3,2,True,False,1,F,1,A#,3,F,2,A,3,D,x,
Dmadd9,x.5.7.7.6.0,8,1,1,5,1,1,4,5,7,2,True,False,x,,5,D,7,A,7,D,6,F,0,E
Dmadd9,x.0.3.2.3.0,4,1,2,5,1,2,3,2,3,1,True,False,x,,0,A,3,F,2,A,3,D,0,E
Dmadd9,x.x.7.7.6.0,4,2,3,4,2,1,3,6,7,1,True,True,x,,x,,7,A,7,D,6,F,0,E
Dmadd9,1.x.3.2.3.0,3,1,4,5,1,1,4,1,3,2,True,False,1,F,x,,3,F,2,A,3,D,0,E
Dmadd9,x.x.0.10.10.0,1,1,5,4,2,2,2,10,10,0,True,True,x,,x,,0,D,10,F,10,A,0,E
Dmadd9,x.x.x.7.6.0,1,1,6,3,3,1,2,6,7,1,True,True,x,,x,,x,,7,D,6,F,0,E
Dmadd9,x.5.3.2.3.0,1,1,7,5,1,1,4,2,5,3,True,False,x,,5,D,3,F,2,A,3,D,0,E
Dmadd9,x.5.7.9.6.5,1,1,8,5,1,0,5,5,9,4,True,False,x,,5,D,7,A,9,E,6,F,5,A
Dmadd9/A#,x.1.3.2.3.0,1,1,1,5,1,1,4,1,3,2,True,False,x,,1,A#,3,F,2,A,3,D,0,E
Dmadd9/C,8.0.0.7.6.0,4,1,1,6,0,3,3,6,8,2,True,True,8,C,0,A,0,D,7,D,6,F,0,E
Dmaj13,x.5.7.6.0.0,2,1,1,5,1,2,3,5,7,2,True,False,x,,5,D,7,A,6,C#,0,B,0,E
Dmaj7,10.x.11.11.10.9,5,1,1,5,1,0,5,9,11,2,True,False,10,D,x,,11,C#,11,F#,10,A,9,C#
Dmaj7,x.x.0.2.2.2,2,2,2,4,2,1,3,2,2,0,True,False,x,,x,,0,D,2,A,2,C#,2,F#
Dmaj7,x.5.7.6.7.x,1,1,3,4,2,0,4,5,7,2,True,False,x,,5,D,7,A,6,C#,7,F#,x,
Dmaj7,x.x.12.11.10.9,1,1,4,4,2,0,4,9,12,3,True,False,x,,x,,12,D,11,F#,10,A,9,C#
Dmaj7 (type 2),x.x.x.7.7.9,2,1,1,3,3,0,3,7,9,2,True,False,x,,x,,x,,7,D,7,F#,9,C#
Dmaj7(add6),x.5.4.6.0.0,1,1,1,5,1,2,3,4,6,2,True,False,x,,5,D,4,F#,6,C#,0,B,0,E
Dmaj9,x.5.7.6.7.0,5,1,1,5,1,1,4,5,7,2,True,False,x,,5,D,7,A,6,C#,7,F#,0,E
Dmaj9,x.5.7.6.5.5,3,1,2,5,1,0,5,5,7,2,True,False,x,,5,D,7,A,6,C#,5,E,5,A
Dmaj9,x.x.7.6.7.5,3,1,3,4,2,0,4,5,7,2,True,False,x,,x,,7,A,6,C#,7,F#,5,A
Dmaj9,x.x.0.2.2.0,1,1,4,4,2,2,2,2,2,0,True,False,x,,x,,0,D,2,A,2,C#,0,E
Dmaj9 (type 1),x.x.0.2.2.0,9,1,1,4,2,2,2,2,2,0,True,False,x,,x,,0,D,2,A,2,C#,0,E
Do,x.3.2.0.1.0,28,2,1,5,1,2,3,1,3,2,True,False,x,,3,C,2,E,0,G,1,C,0,E
DO,x.3.2.0.1.0,79,9,1,5,1,2,3,1,3,2,True,False,x,,3,C,2,E,0,G,1,C,0,E
DO,x.3.2.0.1.x,9,1,2,4,2,1,3,1,3,2,True,False,x,,3,C,2,E,0,G,1,C,x,
Do,x.3.2.x.1.0,12,1,2,4,2,1,3,1,3,2,True,False,x,,3,C,2,E,x,,1,C,0,E
Do,3.3.2.0.1.0,2,1,3,6,0,2,4,1,3,2,True,False,3,G,3,C,2,E,0,G,1,C,0,E
DO,x.3.2.0.1.3,6,1,3,5,1,1,4,1,3,2,True,False,x,,3,C,2,E,0,G,1,C,3,G
Do,x.3.2.x.1.x,2,1,4,3,3,0,3,1,3,2,True,False,x,,3,C,2,E,x,,1,C,x,
DO,x.3.2.x.1.x,4,1,4,3,3,0,3,1,3,2,True,False,x,,3,C,2,E,x,,1,C,x,
DO,x.3.x.x.x.0,1,1,5,2,4,1,1,3,3,0,True,False,x,,3,C,x,,x,,x,,0,E
Do,x.x.x.5.5.8,2,1,5,3,3,0,3,5,8,3,True,False,x,,x,,x,,5,C,5,E,8,C
DO,x.3.2.x.3.0,1,1,6,4,2,1,3,2,3,1,True,False,x,,3,C,2,E,x,,3,D,0,E
Do,x.x.2.0.1.x,1,1,6,3,3,1,2,1,2,1,True,False,x,,x,,2,E,0,G,1,C,x,
Do,3.3.2.0.x.x,1,1,7,4,2,1,3,2,3,1,True,False,3,G,3,C,2,E,0,G,x,,x,
DO,x.3.x.x.1.3,1,1,7,3,3,0,3,1,3,2,True,False,x,,3,C,x,,x,,1,C,3,G
Do,3.3.2.x.x.x,1,1,8,3,3,0,3,2,3,1,True,False,3,G,3,C,2,E,x,,x,,x,
DO,8.0.10.9.8.x,1,1,8,5,1,1,4,8,10,2,True,True,8,C,0,A,10,C,9,E,8,G,x,
DO,x.x.5.5.5.8,1,1,9,4,2,0,4,5,8,3,True,False,x,,x,,5,G,5,C,5,E,8,C
Do # m barré,4.4.6.6.5.x,12,1,1,5,1,0,5,4,6,2,True,False,4,G#,4,C#,6,G#,6,C#,5,E,x,
Do barré 3,3.3.5.5.5.3,1,1,1,6,0,0,6,3,5,2,True,False,3,G,3,C,5,G,5,C,5,E,3,G
DO#m,4.4.6.6.5.4,22,2,1,6,0,0,6,4,6,2,True,False,4,G#,4,C#,6,G#,6,C#,5,E,4,G#
Do#m/A,x.0.2.1.2.0,2,1,1,5,1,2,3,1,2,1,True,False,x,,0,A,2,E,1,G#,2,C#,0,E
DO#m7,4.4.6.4.5.4,8,2,1,6,0,0,6,4,6,2,True,False,4,G#,4,C#,6,G#,4,B,5,E,4,G#
Do#m7,4.4.6.x.5.x,1,1,1,4,2,0,4,4,6,2,True,False,4,G#,4,C#,6,G#,x,,5,E,x,
Do#m7,4.6.4.4.7.x,1,1,2,5,1,0,5,4,7,3,True,False,4,G#,6,D#,4,F#,4,B,7,F#,x,
DO#m7sus4,4.4.6.4.7.4,4,2,1,6,0,0,6,4,7,3,True,False,4,G#,4,C#,6,G#,4,B,7,F#,4,G#
DO#msus4/5+,2.4.4.2.2.2,4,2,1,6,0,0,6,2,4,2,True,False,2,F#,4,C#,4,F#,2,A,2,C#,2,F#
DO/RE,x.x.0.0.1.0,2,1,1,4,2,3,1,1,1,0,True,False,x,,x,,0,D,0,G,1,C,0,E
DO/SOL,3.x.2.0.1.0,1,1,1,5,1,2,3,1,3,2,True,False,3,G,x,,2,E,0,G,1,C,0,E
DO/SOL,3.x.2.x.1.x,1,1,2,3,3,0,3,1,3,2,True,False,3,G,x,,2,E,x,,1,C,x,
Do3m7,4.4.6.4.7.4,1,1,1,6,0,0,6,4,7,3,True,False,4,G#,4,C#,6,G#,4,B,7,F#,4,G#
DO6,8.x.10.9.10.x,2,1,1,4,2,0,4,8,10,2,True,False,8,C,x,,10,C,9,E,10,A,x,
Do7,x.3.2.3.1.0,2,1,1,5,1,1,4,1,3,2,True,False,x,,3,C,2,E,3,A#,1,C,0,E
Do7,x.x.10.12.11.0,1,1,2,4,2,1,3,10,12,2,True,True,x,,x,,10,C,12,G,11,A#,0,E
DO7M,x.3.2.0.0.0,4,1,1,5,1,3,2,2,3,1,True,False,x,,3,C,2,E,0,G,0,B,0,E
DO7M,8.x.10.9.x.7,1,1,2,4,2,0,4,7,10,3,True,False,8,C,x,,10,C,9,E,x,,7,B
DO9,x.3.2.x.3.0,1,1,1,4,2,1,3,2,3,1,True,False,x,,3,C,2,E,x,,3,D,0,E
DOadd9,x.3.2.0.3.x,2,1,1,4,2,1,3,2,3,1,True,False,x,,3,C,2,E,0,G,3,D,x,
DoM jeff,3.3.5.5.5.3,12,1,1,6,0,0,6,3,5,2,True,False,3,G,3,C,5,G,5,C,5,E,3,G
Don't Pick,x.x.x.12.x.x,2,2,1,1,5,0,1,12,12,0,True,False,x,,x,,x,,12,G,x,,x,
DOsus2/RE,x.3.0.0.1.3,2,1,1,5,1,2,3,1,3,2,True,False,x,,3,C,0,D,0,G,1,C,3,G
Dsus,x.x.0.2.3.3,4,1,1,4,2,1,3,2,3,1,True,False,x,,x,,0,D,2,A,3,D,3,G
Dsus,x.0.0.2.3.3,2,1,2,5,1,2,3,2,3,1,True,False,x,,0,A,0,D,2,A,3,D,3,G
Dsus2,x.x.0.2.3.0,714,75,1,4,2,2,2,2,3,1,True,False,x,,x,,0,D,2,A,3,D,0,E
Dsus2,x.5.7.7.5.5,80,6,2,5,1,0,5,5,7,2,True,False,x,,5,D,7,A,7,D,5,E,5,A
Dsus2,5.5.7.7.5.5,16,2,3,6,0,0,6,5,7,2,True,False,5,A,5,D,7,A,7,D,5,E,5,A
Dsus2,x.5.7.9.x.x,14,1,4,3,3,0,3,5,9,4,True,False,x,,5,D,7,A,9,E,x,,x,
Dsus2,x.0.0.2.3.0,13,5,5,5,1,3,2,2,3,1,True,False,x,,0,A,0,D,2,A,3,D,0,E
Dsus2,x.x.2.2.3.0,10,1,6,4,2,1,3,2,3,1,True,False,x,,x,,2,E,2,A,3,D,0,E
Dsus2,x.5.7.7.5.x,9,4,7,4,2,0,4,5,7,2,True,False,x,,5,D,7,A,7,D,5,E,x,
Dsus2,x.x.x.2.3.0,5,2,8,3,3,1,2,2,3,1,True,False,x,,x,,x,,2,A,3,D,0,E
Dsus2,0.x.0.9.x.x,4,1,9,3,3,2,1,9,9,0,True,True,0,E,x,,0,D,9,E,x,,x,
Dsus2,x.x.x.2.5.x,4,1,10,2,4,0,2,2,5,3,True,False,x,,x,,x,,2,A,5,E,x,
Dsus2,10.12.12.9.x.x,4,1,11,4,2,0,4,9,12,3,True,False,10,D,12,A,12,D,9,E,x,,x,
Dsus2,0.5.7.7.5.5,2,2,12,6,0,1,5,5,7,2,True,False,0,E,5,D,7,A,7,D,5,E,5,A
Dsus2,x.x.0.x.x.0,1,1,13,2,4,2,0,0,0,0,True,False,x,,x,,0,D,x,,x,,0,E
Dsus2,x.x.0.x.3.0,1,1,14,3,3,2,1,3,3,0,True,False,x,,x,,0,D,x,,3,D,0,E
Dsus2,x.x.x.9.10.10,1,1,15,3,3,0,3,9,10,1,True,False,x,,x,,x,,9,E,10,A,10,D
Dsus2,5.7.7.7.5.5,1,1,16,6,0,0,6,5,7,2,True,False,5,A,7,E,7,A,7,D,5,E,5,A
Dsus2,x.5.7.x.5.5,1,1,17,4,2,0,4,5,7,2,True,False,x,,5,D,7,A,x,,5,E,5,A
Dsus2,x.x.x.7.5.5,1,1,18,3,3,0,3,5,7,2,True,False,x,,x,,x,,7,D,5,E,5,A
Dsus2,0.0.0.2.5.x,1,1,19,5,1,3,2,2,5,3,True,False,0,E,0,A,0,D,2,A,5,E,x,
Dsus2/A,x.0.0.2.3.0,6,2,1,5,1,3,2,2,3,1,True,False,x,,0,A,0,D,2,A,3,D,0,E
Dsus2/A,x.x.x.2.3.0,2,1,2,3,3,1,2,2,3,1,True,False,x,,x,,x,,2,A,3,D,0,E
Dsus2/A,5.5.7.5.5.x,1,1,3,5,1,0,5,5,7,2,True,False,5,A,5,D,7,A,5,C,5,E,x,
Dsus2/A#,x.1.x.2.3.0,5,3,1,4,2,1,3,1,3,2,True,False,x,,1,A#,x,,2,A,3,D,0,E
Dsus2/B,x.2.0.2.3.x,7,1,1,4,2,1,3,2,3,1,True,False,x,,2,B,0,D,2,A,3,D,x,
Dsus2/B,x.x.x.4.3.0,3,3,2,3,3,1,2,3,4,1,True,False,x,,x,,x,,4,B,3,D,0,E
Dsus2/B,x.2.x.2.3.0,2,2,3,4,2,1,3,2,3,1,True,False,x,,2,B,x,,2,A,3,D,0,E
Dsus2/Bb,x.1.0.2.3.x,7,1,1,4,2,1,3,1,3,2,True,False,x,,1,A#,0,D,2,A,3,D,x,
Dsus2/C,x.3.0.2.3.x,5,1,1,4,2,1,3,2,3,1,True,False,x,,3,C,0,D,2,A,3,D,x,
Dsus2/C,x.3.0.2.3.2,2,1,2,5,1,1,4,2,3,1,True,False,x,,3,C,0,D,2,A,3,D,2,F#
Dsus2/C,x.3.x.2.3.0,2,2,3,4,2,1,3,2,3,1,True,False,x,,3,C,x,,2,A,3,D,0,E
Dsus2/C,x.3.0.2.3.0,1,1,4,5,1,2,3,2,3,1,True,False,x,,3,C,0,D,2,A,3,D,0,E
Dsus2/F,1.x.0.2.3.0,3,1,1,5,1,2,3,1,3,2,True,False,1,F,x,,0,D,2,A,3,D,0,E
Dsus2/F#,2.x.0.2.3.0,16,2,1,5,1,2,3,2,3,1,True,False,2,F#,x,,0,D,2,A,3,D,0,E
Dsus2/G,x.x.x.0.3.0,2,2,1,3,3,2,1,3,3,0,True,False,x,,x,,x,,0,G,3,D,0,E
Dsus2add13,x.x.0.2.0.0,7,3,1,4,2,3,1,2,2,0,True,False,x,,x,,0,D,2,A,0,B,0,E
Dsus2add13,x.5.7.7.0.0,4,1,2,5,1,2,3,5,7,2,True,False,x,,5,D,7,A,7,D,0,B,0,E
Dsus2add13,x.x.0.4.5.0,1,1,3,4,2,2,2,4,5,1,True,False,x,,x,,0,D,4,B,5,E,0,E
Dsus4,x.x.0.2.3.3,433,68,1,4,2,1,3,2,3,1,True,False,x,,x,,0,D,2,A,3,D,3,G
Dsus4,x.0.0.0.x.x,24,2,2,3,3,3,0,0,0,0,True,False,x,,0,A,0,D,0,G,x,,x,
Dsus4,x.x.0.0.3.5,14,7,3,4,2,2,2,3,5,2,True,False,x,,x,,0,D,0,G,3,D,5,A
Dsus4,x.0.0.2.3.3,9,2,4,5,1,2,3,2,3,1,True,False,x,,0,A,0,D,2,A,3,D,3,G
Dsus4,x.5.7.7.8.x,9,4,5,4,2,0,4,5,8,3,True,False,x,,5,D,7,A,7,D,8,G,x,
Dsus4,x.x.x.2.3.3,8,6,6,3,3,0,3,2,3,1,True,False,x,,x,,x,,2,A,3,D,3,G
Dsus4,x.x.7.7.8.x,8,3,7,3,3,0,3,7,8,1,True,False,x,,x,,7,A,7,D,8,G,x,
Dsus4,x.x.0.7.8.10,5,2,8,4,2,1,3,7,10,3,True,True,x,,x,,0,D,7,D,8,G,10,D
Dsus4,12.12.12.12.x.x,4,1,9,4,2,0,4,12,12,0,True,False,12,E,12,A,12,D,12,G,x,,x,
Dsus4,10.12.12.12.10.10,4,1,10,6,0,0,6,10,12,2,True,False,10,D,12,A,12,D,12,G,10,A,10,D
Dsus4,x.x.0.12.10.10,3,1,11,4,2,1,3,10,12,2,True,True,x,,x,,0,D,12,G,10,A,10,D
Dsus4,0.0.0.2.3.3,2,1,12,6,0,3,3,2,3,1,True,False,0,E,0,A,0,D,2,A,3,D,3,G
Dsus4,x.0.x.2.3.3,2,1,13,4,2,1,3,2,3,1,True,False,x,,0,A,x,,2,A,3,D,3,G
Dsus4,x.x.x.12.10.10,1,1,14,3,3,0,3,10,12,2,True,False,x,,x,,x,,12,G,10,A,10,D
Dsus4,x.5.7.5.8.x,1,1,15,4,2,0,4,5,8,3,True,False,x,,5,D,7,A,5,C,8,G,x,
Dsus4,x.x.x.7.8.5,1,1,16,3,3,0,3,5,8,3,True,False,x,,x,,x,,7,D,8,G,5,A
Dsus4/Bb,x.1.x.2.3.3,3,1,1,4,2,0,4,1,3,2,True,False,x,,1,A#,x,,2,A,3,D,3,G
Dsus4/E,x.x.2.2.3.3,7,1,1,4,2,0,4,2,3,1,True,False,x,,x,,2,E,2,A,3,D,3,G
Dsus4/E,0.0.0.2.3.3,1,1,2,6,0,3,3,2,3,1,True,False,0,E,0,A,0,D,2,A,3,D,3,G
Dsus4/F,x.x.3.2.3.3,1,1,1,4,2,0,4,2,3,1,True,False,x,,x,,3,F,2,A,3,D,3,G
Dsus4/F#,2.0.0.0.3.3,25,2,1,6,0,3,3,2,3,1,True,False,2,F#,0,A,0,D,0,G,3,D,3,G
Dsus4/F#,2.x.0.2.3.3,18,3,2,5,1,1,4,2,3,1,True,False,2,F#,x,,0,D,2,A,3,D,3,G
Dsus4/F#,2.0.0.0.x.x,2,1,3,4,2,3,1,2,2,0,True,False,2,F#,0,A,0,D,0,G,x,,x,
Dsus4/F#,2.0.0.2.3.3,1,1,4,6,0,2,4,2,3,1,True,False,2,F#,0,A,0,D,2,A,3,D,3,G
Dsus4add13,x.x.0.2.0.3,1,1,1,4,2,2,2,2,3,1,True,False,x,,x,,0,D,2,A,0,B,3,G
Dsus4add13,x.x.0.7.8.7,1,1,2,4,2,1,3,7,8,1,True,True,x,,x,,0,D,7,D,8,G,7,B
Dsus4add9,x.x.0.0.3.0,16,1,1,4,2,3,1,3,3,0,True,False,x,,x,,0,D,0,G,3,D,0,E
Dsus4add9,x.x.x.9.8.10,6,1,2,3,3,0,3,8,10,2,True,False,x,,x,,x,,9,E,8,G,10,D
Dsus4add9,0.x.x.0.3.0,2,2,3,4,2,3,1,3,3,0,True,False,0,E,x,,x,,0,G,3,D,0,E
Dsus4add9/5+,x.x.0.12.11.12,3,1,1,4,2,1,3,11,12,1,True,True,x,,x,,0,D,12,G,11,A#,12,E
Dsus7#5\G,3.x.5.3.3.3,2,1,1,5,1,0,5,3,5,2,True,False,3,G,x,,5,G,3,A#,3,D,3,G
DX,x.x.12.11.10.10,6,2,1,4,2,0,4,10,12,2,True,False,x,,x,,12,D,11,F#,10,A,10,D
E,0.2.2.1.0.0,4824,469,1,6,0,3,3,1,2,1,True,False,0,E,2,B,2,E,1,G#,0,B,0,E
E,0.7.9.9.9.x,176,7,2,5,1,1,4,7,9,2,True,True,0,E,7,E,9,B,9,E,9,G#,x,
E,0.2.2.1.x.x,164,32,3,4,2,1,3,1,2,1,True,False,0,E,2,B,2,E,1,G#,x,,x,
E,x.7.9.9.9.7,109,25,4,5,1,0,5,7,9,2,True,False,x,,7,E,9,B,9,E,9,G#,7,B
E,0.7.9.9.9.7,91,26,5,6,0,1,5,7,9,2,True,True,0,E,7,E,9,B,9,E,9,G#,7,B
E,x.7.9.9.9.x,60,12,6,4,2,0,4,7,9,2,True,False,x,,7,E,9,B,9,E,9,G#,x,
E,4.7.6.4.5.4,53,7,7,6,0,0,6,4,7,3,True,False,4,G#,7,E,6,G#,4,B,5,E,4,G#
E,x.x.2.1.0.0,49,10,8,4,2,2,2,1,2,1,True,False,x,,x,,2,E,1,G#,0,B,0,E
E,x.2.2.1.0.0,45,11,9,5,1,2,3,1,2,1,True,False,x,,2,B,2,E,1,G#,0,B,0,E
E,x.2.2.1.x.x,37,7,10,3,3,0,3,1,2,1,True,False,x,,2,B,2,E,1,G#,x,,x,
E,0.2.2.1.0.x,35,8,11,5,1,2,3,1,2,1,True,False,0,E,2,B,2,E,1,G#,0,B,x,
E,x.2.2.1.0.x,35,6,12,4,2,1,3,1,2,1,True,False,x,,2,B,2,E,1,G#,0,B,x,
E,x.x.x.4.5.4,26,10,13,3,3,0,3,4,5,1,True,False,x,,x,,x,,4,B,5,E,4,G#
E,0.2.2.4.5.4,25,1,14,6,0,1,5,2,5,3,True,False,0,E,2,B,2,E,4,B,5,E,4,G#
E,0.7.6.4.5.4,25,5,15,6,0,1,5,4,7,3,True,False,0,E,7,E,6,G#,4,B,5,E,4,G#
E,4.2.2.1.0.0,22,3,16,6,0,2,4,1,4,3,True,False,4,G#,2,B,2,E,1,G#,0,B,0,E
E,x.x.6.4.5.x,21,5,17,3,3,0,3,4,6,2,True,False,x,,x,,6,G#,4,B,5,E,x,
E,x.x.x.9.9.7,21,4,18,3,3,0,3,7,9,2,True,False,x,,x,,x,,9,E,9,G#,7,B
E,0.11.9.9.x.x,18,1,19,4,2,1,3,9,11,2,True,True,0,E,11,G#,9,B,9,E,x,,x,
E,0.7.6.4.x.x,18,2,20,4,2,1,3,4,7,3,True,False,0,E,7,E,6,G#,4,B,x,,x,
E,x.x.x.1.0.0,17,2,21,3,3,2,1,1,1,0,True,False,x,,x,,x,,1,G#,0,B,0,E
E,x.2.2.x.x.x,13,3,22,2,4,0,2,2,2,0,True,False,x,,2,B,2,E,x,,x,,x,
E,0.x.x.4.x.4,12,1,23,3,3,1,2,4,4,0,True,False,0,E,x,,x,,4,B,x,,4,G#
E,x.x.2.4.5.4,12,2,24,4,2,0,4,2,5,3,True,False,x,,x,,2,E,4,B,5,E,4,G#
E,0.x.x.1.0.0,11,4,25,4,2,3,1,1,1,0,True,False,0,E,x,,x,,1,G#,0,B,0,E
E,0.14.14.13.x.x,11,1,26,4,2,1,3,13,14,1,True,True,0,E,14,B,14,E,13,G#,x,,x,
E,x.x.x.x.12.12,10,1,27,2,4,0,2,12,12,0,True,False,x,,x,,x,,x,,12,B,12,E
E,1.0.3.2.1.1,10,1,28,6,0,1,5,1,3,2,True,False,1,F,0,A,3,F,2,A,1,C,1,F
E,x.2.2.4.x.0,10,1,29,4,2,1,3,2,4,2,True,False,x,,2,B,2,E,4,B,x,,0,E
E,0.7.9.9.9.0,10,2,30,6,0,2,4,7,9,2,True,True,0,E,7,E,9,B,9,E,9,G#,0,E
E,x.7.6.4.5.4,10,5,31,5,1,0,5,4,7,3,True,False,x,,7,E,6,G#,4,B,5,E,4,G#
E,x.7.9.9.9.0,9,1,32,5,1,1,4,7,9,2,True,True,x,,7,E,9,B,9,E,9,G#,0,E
E,x.x.9.9.9.7,8,1,33,4,2,0,4,7,9,2,True,False,x,,x,,9,B,9,E,9,G#,7,B
E,12.14.14.13.12.12,8,4,34,6,0,0,6,12,14,2,True,False,12,E,14,B,14,E,13,G#,12,B,12,E
E,x.2.2.4.5.x,8,3,35,4,2,0,4,2,5,3,True,False,x,,2,B,2,E,4,B,5,E,x,
E,0.x.x.0.x.x,5,1,36,2,4,2,0,0,0,0,True,False,0,E,x,,x,,0,G,x,,x,
E,x.x.x.x.0.0,5,1,37,2,4,2,0,0,0,0,True,False,x,,x,,x,,x,,0,B,0,E
E,x.x.2.x.0.0,5,2,38,3,3,2,1,2,2,0,True,False,x,,x,,2,E,x,,0,B,0,E
E,x.x.2.1.0.x,5,2,39,3,3,1,2,1,2,1,True,False,x,,x,,2,E,1,G#,0,B,x,
E,x.7.x.9.9.7,5,2,40,4,2,0,4,7,9,2,True,False,x,,7,E,x,,9,E,9,G#,7,B
E,12.11.x.13.x.x,5,1,41,3,3,0,3,11,13,2,True,False,12,E,11,G#,x,,13,G#,x,,x,
E,12.11.9.9.9.0,5,1,42,6,0,1,5,9,12,3,True,True,12,E,11,G#,9,B,9,E,9,G#,0,E
E,0.2.x.1.5.4,5,3,43,5,1,1,4,1,5,4,True,False,0,E,2,B,x,,1,G#,5,E,4,G#
E,x.2.2.x.0.x,4,1,44,3,3,1,2,2,2,0,True,False,x,,2,B,2,E,x,,0,B,x,
E,4.2.2.4.x.x,4,1,45,4,2,0,4,2,4,2,True,False,4,G#,2,B,2,E,4,B,x,,x,
E,7.x.9.9.x.x,4,1,46,3,3,0,3,7,9,2,True,False,7,B,x,,9,B,9,E,x,,x,
E,0.11.9.9.9.0,4,1,47,6,0,2,4,9,11,2,True,True,0,E,11,G#,9,B,9,E,9,G#,0,E
E,0.x.9.9.9.12,4,1,48,5,1,1,4,9,12,3,True,True,0,E,x,,9,B,9,E,9,G#,12,E
E,x.x.9.9.9.x,3,1,49,3,3,0,3,9,9,0,True,False,x,,x,,9,B,9,E,9,G#,x,
E,0.2.2.1.x.0,3,1,50,5,1,2,3,1,2,1,True,False,0,E,2,B,2,E,1,G#,x,,0,E
E,0.2.x.1.0.0,3,2,51,5,1,3,2,1,2,1,True,False,0,E,2,B,x,,1,G#,0,B,0,E
E,0.x.2.1.0.0,3,2,52,5,1,3,2,1,2,1,True,False,0,E,x,,2,E,1,G#,0,B,0,E
E,4.x.x.4.5.4,3,1,53,4,2,0,4,4,5,1,True,False,4,G#,x,,x,,4,B,5,E,4,G#
E,0.14.14.13.0.0,3,1,54,6,0,3,3,13,14,1,True,True,0,E,14,B,14,E,13,G#,0,B,0,E
E,4.x.2.4.0.x,3,1,55,4,2,1,3,2,4,2,True,False,4,G#,x,,2,E,4,B,0,B,x,
E,7.7.9.x.x.x,3,1,56,3,3,0,3,7,9,2,True,False,7,B,7,E,9,B,x,,x,,x,
E,7.7.6.4.5.4,3,2,57,6,0,0,6,4,7,3,True,False,7,B,7,E,6,G#,4,B,5,E,4,G#
E,x.x.x.9.9.12,3,1,58,3,3,0,3,9,12,3,True,False,x,,x,,x,,9,E,9,G#,12,E
E,0.x.x.x.x.x,2,1,59,1,5,1,0,0,0,0,True,False,0,E,x,,x,,x,,x,,x,
E,0.x.x.1.0.x,2,2,60,3,3,2,1,1,1,0,True,False,0,E,x,,x,,1,G#,0,B,x,
E,4.x.x.4.0.0,2,1,61,4,2,2,2,4,4,0,True,False,4,G#,x,,x,,4,B,0,B,0,E
E,0.x.9.9.9.x,2,1,62,4,2,1,3,9,9,0,True,True,0,E,x,,9,B,9,E,9,G#,x,
E,x.x.9.9.x.x,2,1,63,2,4,0,2,9,9,0,True,False,x,,x,,9,B,9,E,x,,x,
E,0.x.2.1.0.x,2,2,64,4,2,2,2,1,2,1,True,False,0,E,x,,2,E,1,G#,0,B,x,
E,4.2.2.x.x.x,2,1,65,3,3,0,3,2,4,2,True,False,4,G#,2,B,2,E,x,,x,,x,
E,4.x.2.4.0.0,2,1,66,5,1,2,3,2,4,2,True,False,4,G#,x,,2,E,4,B,0,B,0,E
E,x.2.2.4.0.4,2,1,67,5,1,1,4,2,4,2,True,False,x,,2,B,2,E,4,B,0,B,4,G#
E,x.x.2.x.0.4,2,1,68,3,3,1,2,2,4,2,True,False,x,,x,,2,E,x,,0,B,4,G#
E,0.x.6.4.5.4,2,1,69,5,1,1,4,4,6,2,True,False,0,E,x,,6,G#,4,B,5,E,4,G#
E,7.7.9.9.9.7,2,2,70,6,0,0,6,7,9,2,True,False,7,B,7,E,9,B,9,E,9,G#,7,B
E,7.7.9.9.9.x,2,2,71,5,1,0,5,7,9,2,True,False,7,B,7,E,9,B,9,E,9,G#,x,
E,x.7.9.9.x.x,2,1,72,3,3,0,3,7,9,2,True,False,x,,7,E,9,B,9,E,x,,x,
E,x.14.14.13.12.x,2,1,73,4,2,0,4,12,14,2,True,False,x,,14,B,14,E,13,G#,12,B,x,
E,x.x.14.13.12.12,2,1,74,4,2,0,4,12,14,2,True,False,x,,x,,14,E,13,G#,12,B,12,E
E,4.x.2.4.5.x,2,1,75,4,2,0,4,2,5,3,True,False,4,G#,x,,2,E,4,B,5,E,x,
E,0.x.x.4.5.7,2,2,76,4,2,1,3,4,7,3,True,False,0,E,x,,x,,4,B,5,E,7,B
E,4.7.6.4.5.x,2,1,77,5,1,0,5,4,7,3,True,False,4,G#,7,E,6,G#,4,B,5,E,x,
E,x.7.6.4.x.x,2,1,78,3,3,0,3,4,7,3,True,False,x,,7,E,6,G#,4,B,x,,x,
E,0.2.6.x.x.x,2,1,79,3,3,1,2,2,6,4,True,False,0,E,2,B,6,G#,x,,x,,x,
E,0.x.x.x.x.0,1,1,80,2,4,2,0,0,0,0,True,False,0,E,x,,x,,x,,x,,0,E
E,0.x.x.1.x.0,1,1,81,3,3,2,1,1,1,0,True,False,0,E,x,,x,,1,G#,x,,0,E
E,0.x.x.1.x.x,1,1,82,2,4,1,1,1,1,0,True,False,0,E,x,,x,,1,G#,x,,x,
E,1.x.x.x.x.x,1,1,83,1,5,0,1,1,1,0,True,False,1,F,x,,x,,x,,x,,x,
E,x.0.2.2.x.x,1,1,84,3,3,1,2,2,2,0,True,False,x,,0,A,2,E,2,A,x,,x,
E,x.2.x.x.x.0,1,1,85,2,4,1,1,2,2,0,True,False,x,,2,B,x,,x,,x,,0,E
E,x.x.2.x.x.0,1,1,86,2,4,1,1,2,2,0,True,False,x,,x,,2,E,x,,x,,0,E
E,x.x.2.x.x.x,1,1,87,1,5,0,1,2,2,0,True,False,x,,x,,2,E,x,,x,,x,
E,0.x.x.4.0.4,1,1,88,4,2,2,2,4,4,0,True,False,0,E,x,,x,,4,B,0,B,4,G#
E,0.x.x.x.0.5,1,1,89,3,3,2,1,5,5,0,True,False,0,E,x,,x,,x,,0,B,5,A
E,x.x.9.9.9.0,1,1,90,4,2,1,3,9,9,0,True,True,x,,x,,9,B,9,E,9,G#,0,E
E,x.x.9.x.9.x,1,1,91,2,4,0,2,9,9,0,True,False,x,,x,,9,B,x,,9,G#,x,
E,0.2.x.1.0.x,1,1,92,4,2,2,2,1,2,1,True,False,0,E,2,B,x,,1,G#,0,B,x,
E,0.x.2.1.x.0,1,1,93,4,2,2,2,1,2,1,True,False,0,E,x,,2,E,1,G#,x,,0,E
E,0.x.x.4.5.4,1,1,94,4,2,1,3,4,5,1,True,False,0,E,x,,x,,4,B,5,E,4,G#
E,x.x.x.4.5.0,1,1,95,3,3,1,2,4,5,1,True,False,x,,x,,x,,4,B,5,E,0,E
E,0.x.6.x.x.7,1,1,96,3,3,1,2,6,7,1,True,True,0,E,x,,6,G#,x,,x,,7,B
E,12.x.x.13.x.12,1,1,97,3,3,0,3,12,13,1,True,False,12,E,x,,x,,13,G#,x,,12,E
E,x.x.x.13.12.12,1,1,98,3,3,0,3,12,13,1,True,False,x,,x,,x,,13,G#,12,B,12,E
E,x.x.x.16.17.x,1,1,99,2,4,0,2,16,17,1,True,False,x,,x,,x,,16,B,17,E,x,
E,0.2.2.4.0.4,1,1,100,6,0,2,4,2,4,2,True,False,0,E,2,B,2,E,4,B,0,B,4,G#
E,0.x.2.x.x.4,1,1,101,3,3,1,2,2,4,2,True,False,0,E,x,,2,E,x,,x,,4,G#
E,4.x.2.4.x.0,1,1,102,4,2,1,3,2,4,2,True,False,4,G#,x,,2,E,4,B,x,,0,E
E,4.x.2.4.x.x,1,1,103,3,3,0,3,2,4,2,True,False,4,G#,x,,2,E,4,B,x,,x,
E,4.x.2.x.0.x,1,1,104,3,3,1,2,2,4,2,True,False,4,G#,x,,2,E,x,,0,B,x,
E,0.x.6.4.5.x,1,1,105,4,2,1,3,4,6,2,True,False,0,E,x,,6,G#,4,B,5,E,x,
E,x.x.6.x.5.4,1,1,106,3,3,0,3,4,6,2,True,False,x,,x,,6,G#,x,,5,E,4,G#
E,0.x.6.x.5.7,1,1,107,4,2,1,3,5,7,2,True,False,0,E,x,,6,G#,x,,5,E,7,B
E,x.7.x.x.5.x,1,1,108,2,4,0,2,5,7,2,True,False,x,,7,E,x,,x,,5,E,x,
E,7.7.9.9.x.x,1,1,109,4,2,0,4,7,9,2,True,False,7,B,7,E,9,B,9,E,x,,x,
E,x.7.9.x.9.x,1,1,110,3,3,0,3,7,9,2,True,False,x,,7,E,9,B,x,,9,G#,x,
E,0.11.9.9.0.0,1,1,111,6,0,3,3,9,11,2,True,True,0,E,11,G#,9,B,9,E,0,B,0,E
E,12.14.14.13.x.x,1,1,112,4,2,0,4,12,14,2,True,False,12,E,14,B,14,E,13,G#,x,,x,
E,0.x.x.1.0.4,1,1,113,4,2,2,2,1,4,3,True,False,0,E,x,,x,,1,G#,0,B,4,G#
E,4.2.2.1.0.4,1,1,114,6,0,1,5,1,4,3,True,False,4,G#,2,B,2,E,1,G#,0,B,4,G#
E,0.x.2.x.5.4,1,1,115,4,2,1,3,2,5,3,True,False,0,E,x,,2,E,x,,5,E,4,G#
E,4.2.2.4.5.x,1,1,116,5,1,0,5,2,5,3,True,False,4,G#,2,B,2,E,4,B,5,E,x,
E,x.2.x.4.5.x,1,1,117,3,3,0,3,2,5,3,True,False,x,,2,B,x,,4,B,5,E,x,
E,x.x.2.4.5.x,1,1,118,3,3,0,3,2,5,3,True,False,x,,x,,2,E,4,B,5,E,x,
E,4.7.6.x.5.4,1,1,119,5,1,0,5,4,7,3,True,False,4,G#,7,E,6,G#,x,,5,E,4,G#
E,7.7.6.x.5.4,1,1,120,5,1,0,5,4,7,3,True,False,7,B,7,E,6,G#,x,,5,E,4,G#
E,0.11.9.9.12.0,1,1,121,6,0,2,4,9,12,3,True,True,0,E,11,G#,9,B,9,E,12,B,0,E
E,0.11.9.9.9.12,1,1,122,6,0,1,5,9,12,3,True,True,0,E,11,G#,9,B,9,E,9,G#,12,E
E,0.x.9.9.12.x,1,1,123,4,2,1,3,9,12,3,True,True,0,E,x,,9,B,9,E,12,B,x,
E,12.11.9.9.12.12,1,1,124,6,0,0,6,9,12,3,True,False,12,E,11,G#,9,B,9,E,12,B,12,E
E,x.x.9.9.9.12,1,1,125,4,2,0,4,9,12,3,True,False,x,,x,,9,B,9,E,9,G#,12,E
E (normal tune),0.2.2.1.0.0,2,1,1,6,0,3,3,1,2,1,True,False,0,E,2,B,2,E,1,G#,0,B,0,E
E#m7,1.x.1.1.x.x,2,1,1,3,3,0,3,1,1,0,True,False,1,F,x,,1,D#,1,G#,x,,x,
E(9),9.x.9.9.9.12,1,1,1,5,1,0,5,9,12,3,True,False,9,C#,x,,9,B,9,E,9,G#,12,E
E(no 3),0.x.9.9.0.10,3,1,1,5,1,2,3,9,10,1,True,True,0,E,x,,9,B,9,E,0,B,10,D
E(no 3),0.2.2.x.0.0,2,1,2,5,1,3,2,2,2,0,True,False,0,E,2,B,2,E,x,,0,B,0,E
E(no 3),0.x.x.4.5.7,2,1,3,4,2,1,3,4,7,3,True,False,0,E,x,,x,,4,B,5,E,7,B
E(no3),0.2.2.x.0.0,1,1,1,5,1,3,2,2,2,0,True,False,0,E,2,B,2,E,x,,0,B,0,E
E(no3),0.x.9.9.0.10,1,1,2,5,1,2,3,9,10,1,True,True,0,E,x,,9,B,9,E,0,B,10,D
E+5,x.7.6.5.x.x,2,1,1,3,3,0,3,5,7,2,True,False,x,,7,E,6,G#,5,C,x,,x,
E/5+,0.3.2.1.1.0,2,1,1,6,0,2,4,1,3,2,True,False,0,E,3,C,2,E,1,G#,1,C,0,E
E/5+,8.x.x.9.x.x,1,1,2,2,4,0,2,8,9,1,True,False,8,C,x,,x,,9,E,x,,x,
E/5-,0.1.x.x.x.x,2,2,1,2,4,1,1,1,1,0,True,False,0,E,1,A#,x,,x,,x,,x,
E/A,x.0.2.1.0.0,5,3,1,5,1,3,2,1,2,1,True,False,x,,0,A,2,E,1,G#,0,B,0,E
E/A,x.x.7.4.5.4,5,2,2,4,2,0,4,4,7,3,True,False,x,,x,,7,A,4,B,5,E,4,G#
E/A,x.0.2.4.0.0,2,2,3,5,1,3,2,2,4,2,True,False,x,,0,A,2,E,4,B,0,B,0,E
E/A,x.x.6.4.5.x,1,1,4,3,3,0,3,4,6,2,True,False,x,,x,,6,G#,4,B,5,E,x,
E/B,7.7.9.9.9.x,33,2,1,5,1,0,5,7,9,2,True,False,7,B,7,E,9,B,9,E,9,G#,x,
E/B,x.x.x.4.5.4,24,2,2,3,3,0,3,4,5,1,True,False,x,,x,,x,,4,B,5,E,4,G#
E/B,x.2.2.1.0.0,3,2,3,5,1,2,3,1,2,1,True,False,x,,2,B,2,E,1,G#,0,B,0,E
E/B,x.x.x.4.0.0,2,1,4,3,3,2,1,4,4,0,True,False,x,,x,,x,,4,B,0,B,0,E
E/B,x.2.2.1.0.x,1,1,5,4,2,1,3,1,2,1,True,False,x,,2,B,2,E,1,G#,0,B,x,
E/B,7.7.9.x.x.x,1,1,6,3,3,0,3,7,9,2,True,False,7,B,7,E,9,B,x,,x,,x,
E/B,x.2.x.4.5.4,1,1,7,4,2,0,4,2,5,3,True,False,x,,2,B,x,,4,B,5,E,4,G#
E/C,x.3.2.x.0.x,4,1,1,3,3,1,2,2,3,1,True,False,x,,3,C,2,E,x,,0,B,x,
E/C,x.3.2.4.0.0,4,2,2,5,1,2,3,2,4,2,True,False,x,,3,C,2,E,4,B,0,B,0,E
E/C,x.x.x.5.5.7,2,1,3,3,3,0,3,5,7,2,True,False,x,,x,,x,,5,C,5,E,7,B
E/C#,x.4.6.4.5.4,12,2,1,5,1,0,5,4,6,2,True,False,x,,4,C#,6,G#,4,B,5,E,4,G#
E/D,x.x.0.1.0.0,1,1,1,4,2,3,1,1,1,0,True,False,x,,x,,0,D,1,G#,0,B,0,E
E/D,x.x.0.4.5.4,1,1,2,4,2,1,3,4,5,1,True,False,x,,x,,0,D,4,B,5,E,4,G#
E/D,4.5.6.4.5.x,1,1,3,5,1,0,5,4,6,2,True,False,4,G#,5,D,6,G#,4,B,5,E,x,
E/D#,x.6.9.9.0.0,2,1,1,5,1,2,3,6,9,3,True,True,x,,6,D#,9,B,9,E,0,B,0,E
E/D#,x.x.1.1.0.0,1,1,2,4,2,2,2,1,1,0,True,False,x,,x,,1,D#,1,G#,0,B,0,E
E/F,x.x.3.4.5.4,12,1,1,4,2,0,4,3,5,2,True,False,x,,x,,3,F,4,B,5,E,4,G#
E/F,x.8.9.9.0.0,1,1,2,5,1,2,3,8,9,1,True,True,x,,8,F,9,B,9,E,0,B,0,E
E/F,x.8.9.9.9.12,1,1,3,5,1,0,5,8,12,4,True,False,x,,8,F,9,B,9,E,9,G#,12,E
E/F#,2.x.2.1.0.0,2,1,1,5,1,2,3,1,2,1,True,False,2,F#,x,,2,E,1,G#,0,B,0,E
E/F#,2.x.x.1.0.0,2,1,2,4,2,2,2,1,2,1,True,False,2,F#,x,,x,,1,G#,0,B,0,E
E/F#,2.2.2.1.0.0,1,1,3,6,0,2,4,1,2,1,True,False,2,F#,2,B,2,E,1,G#,0,B,0,E
E/G#,x.x.6.4.5.4,16,1,1,4,2,0,4,4,6,2,True,False,x,,x,,6,G#,4,B,5,E,4,G#
E/G#,4.x.2.4.5.x,10,7,2,4,2,0,4,2,5,3,True,False,4,G#,x,,2,E,4,B,5,E,x,
E/G#,4.x.x.4.5.7,8,1,3,4,2,0,4,4,7,3,True,False,4,G#,x,,x,,4,B,5,E,7,B
E/G#,4.x.6.4.5.x,4,1,4,4,2,0,4,4,6,2,True,False,4,G#,x,,6,G#,4,B,5,E,x,
E/G#,4.7.x.x.x.x,3,1,5,2,4,0,2,4,7,3,True,False,4,G#,7,E,x,,x,,x,,x,
E/G#,x.x.x.1.0.0,2,1,6,3,3,2,1,1,1,0,True,False,x,,x,,x,,1,G#,0,B,0,E
E/G#,x.x.6.4.5.x,2,1,7,3,3,0,3,4,6,2,True,False,x,,x,,6,G#,4,B,5,E,x,
E/G#,4.2.2.1.0.0,2,1,8,6,0,2,4,1,4,3,True,False,4,G#,2,B,2,E,1,G#,0,B,0,E
E/G#,4.x.x.4.0.0,1,1,9,4,2,2,2,4,4,0,True,False,4,G#,x,,x,,4,B,0,B,0,E
E/G#,4.x.2.4.0.0,1,1,10,5,1,2,3,2,4,2,True,False,4,G#,x,,2,E,4,B,0,B,0,E
E/G#,4.x.2.1.0.0,1,1,11,5,1,2,3,1,4,3,True,False,4,G#,x,,2,E,1,G#,0,B,0,E
E/G#,4.x.2.1.0.x,1,1,12,4,2,1,3,1,4,3,True,False,4,G#,x,,2,E,1,G#,0,B,x,
E/G#,4.x.x.1.0.x,1,1,13,3,3,1,2,1,4,3,True,False,4,G#,x,,x,,1,G#,0,B,x,
E/G#,4.7.6.4.x.x,1,1,14,4,2,0,4,4,7,3,True,False,4,G#,7,E,6,G#,4,B,x,,x,
E/G#,4.x.x.x.5.7,1,1,15,3,3,0,3,4,7,3,True,False,4,G#,x,,x,,x,,5,E,7,B
E11,0.0.0.1.0.2,1,1,1,6,0,4,2,1,2,1,True,False,0,E,0,A,0,D,1,G#,0,B,2,F#
E11+,0.1.0.1.0.2,1,1,1,6,0,3,3,1,2,1,True,False,0,E,1,A#,0,D,1,G#,0,B,2,F#
E13,0.x.6.7.7.9,2,2,1,5,1,1,4,6,9,3,True,True,0,E,x,,6,G#,7,D,7,F#,9,C#
E13/9-,0.x.12.10.12.9,1,1,1,5,1,1,4,9,12,3,True,True,0,E,x,,12,D,10,F,12,B,9,C#
E4,x.0.6.4.4.0,2,1,1,5,1,2,3,4,6,2,True,False,x,,0,A,6,G#,4,B,4,D#,0,E
E5,0.2.2.x.x.x,2222,132,1,3,3,1,2,2,2,0,True,False,0,E,2,B,2,E,x,,x,,x,
E5,0.2.x.x.x.x,899,33,2,2,4,1,1,2,2,0,True,False,0,E,2,B,x,,x,,x,,x,
E5,x.7.9.9.x.x,330,69,3,3,3,0,3,7,9,2,True,False,x,,7,E,9,B,9,E,x,,x,
E5,x.7.9.x.x.x,226,23,4,2,4,0,2,7,9,2,True,False,x,,7,E,9,B,x,,x,,x,
E5,x.x.2.4.5.x,64,11,5,3,3,0,3,2,5,3,True,False,x,,x,,2,E,4,B,5,E,x,
E5,x.x.x.9.x.7,32,2,6,2,4,0,2,7,9,2,True,False,x,,x,,x,,9,E,x,,7,B
E5,x.x.2.4.x.x,29,8,7,2,4,0,2,2,4,2,True,False,x,,x,,2,E,4,B,x,,x,
E5,0.7.9.9.0.0,27,7,8,6,0,3,3,7,9,2,True,True,0,E,7,E,9,B,9,E,0,B,0,E
E5,12.14.14.x.x.x,22,4,9,3,3,0,3,12,14,2,True,False,12,E,14,B,14,E,x,,x,,x,
E5,2.x.x.x.x.x,17,1,10,1,5,0,1,2,2,0,True,False,2,F#,x,,x,,x,,x,,x,
E5,2.2.2.x.x.x,16,3,11,3,3,0,3,2,2,0,True,False,2,F#,2,B,2,E,x,,x,,x,
E5,0.7.9.x.x.x,14,2,12,3,3,1,2,7,9,2,True,True,0,E,7,E,9,B,x,,x,,x,
E5,1.3.3.x.x.x,11,3,13,3,3,0,3,1,3,2,True,False,1,F,3,C,3,F,x,,x,,x,
E5,x.19.21.21.x.x,10,1,14,3,3,0,3,19,21,2,True,False,x,,19,E,21,B,21,E,x,,x,
E5,0.7.9.9.x.x,8,2,15,4,2,1,3,7,9,2,True,True,0,E,7,E,9,B,9,E,x,,x,
E5,7.7.9.9.x.x,8,1,16,4,2,0,4,7,9,2,True,False,7,B,7,E,9,B,9,E,x,,x,
E5,x.7.9.9.0.0,8,3,17,5,1,2,3,7,9,2,True,True,x,,7,E,9,B,9,E,0,B,0,E
E5,0.2.2.x.0.0,6,4,18,5,1,3,2,2,2,0,True,False,0,E,2,B,2,E,x,,0,B,0,E
E5,0.2.2.4.0.0,6,2,19,6,0,3,3,2,4,2,True,False,0,E,2,B,2,E,4,B,0,B,0,E
E5,2.2.2.4.5.x,5,2,20,5,1,0,5,2,5,3,True,False,2,F#,2,B,2,E,4,B,5,E,x,
E5,x.x.14.16.17.x,5,1,21,3,3,0,3,14,17,3,True,False,x,,x,,14,E,16,B,17,E,x,
E5,x.8.10.10.x.x,4,2,22,3,3,0,3,8,10,2,True,False,x,,8,F,10,C,10,F,x,,x,
E5,0.x.2.4.0.x,3,1,23,4,2,2,2,2,4,2,True,False,0,E,x,,2,E,4,B,0,B,x,
E5,9.9.x.x.x.x,2,1,24,2,4,0,2,9,9,0,True,False,9,C#,9,F#,x,,x,,x,,x,
E5,0.2.2.4.x.x,2,1,25,4,2,1,3,2,4,2,True,False,0,E,2,B,2,E,4,B,x,,x,
E5,2.4.4.x.x.x,2,1,26,3,3,0,3,2,4,2,True,False,2,F#,4,C#,4,F#,x,,x,,x,
E5,0.2.2.4.5.x,2,1,27,5,1,1,4,2,5,3,True,False,0,E,2,B,2,E,4,B,5,E,x,
E5,x.x.x.9.12.12,2,1,28,3,3,0,3,9,12,3,True,False,x,,x,,x,,9,E,12,B,12,E
E5,0.x.x.x.0.0,1,1,29,3,3,3,0,0,0,0,True,False,0,E,x,,x,,x,,0,B,0,E
E5,x.x.2.x.0.0,1,1,30,3,3,2,1,2,2,0,True,False,x,,x,,2,E,x,,0,B,0,E
E5,x.7.x.x.x.7,1,1,31,2,4,0,2,7,7,0,True,False,x,,7,E,x,,x,,x,,7,B
E5,14.14.14.x.x.x,1,1,32,3,3,0,3,14,14,0,True,False,14,F#,14,B,14,E,x,,x,,x,
E5,0.2.2.4.x.0,1,1,33,5,1,2,3,2,4,2,True,False,0,E,2,B,2,E,4,B,x,,0,E
E5,0.2.x.4.0.0,1,1,34,5,1,3,2,2,4,2,True,False,0,E,2,B,x,,4,B,0,B,0,E
E5,0.x.2.4.0.0,1,1,35,5,1,3,2,2,4,2,True,False,0,E,x,,2,E,4,B,0,B,0,E
E5,2.2.2.4.0.0,1,1,36,6,0,2,4,2,4,2,True,False,2,F#,2,B,2,E,4,B,0,B,0,E
E5,x.x.2.4.0.0,1,1,37,4,2,2,2,2,4,2,True,False,x,,x,,2,E,4,B,0,B,0,E
E5,x.x.3.5.x.x,1,1,38,2,4,0,2,3,5,2,True,False,x,,x,,3,F,5,C,x,,x,
E5,0.7.9.9.0.x,1,1,39,5,1,2,3,7,9,2,True,True,0,E,7,E,9,B,9,E,0,B,x,
E5,0.2.2.4.5.0,1,1,40,6,0,2,4,2,5,3,True,False,0,E,2,B,2,E,4,B,5,E,0,E
E5,0.2.2.x.5.0,1,1,41,5,1,2,3,2,5,3,True,False,0,E,2,B,2,E,x,,5,E,0,E
E5,x.x.3.5.6.x,1,1,42,3,3,0,3,3,6,3,True,False,x,,x,,3,F,5,C,6,F,x,
E5,0.7.x.4.5.7,1,1,43,5,1,1,4,4,7,3,True,False,0,E,7,E,x,,4,B,5,E,7,B
E5(type 2),x.x.x.x.0.0,1,1,1,2,4,2,0,0,0,0,True,False,x,,x,,x,,x,,0,B,0,E
E5/B,7.7.9.x.x.x,3,1,1,3,3,0,3,7,9,2,True,False,7,B,7,E,9,B,x,,x,,x,
E5/D#,x.6.9.x.x.x,2,1,1,2,4,0,2,6,9,3,True,False,x,,6,D#,9,B,x,,x,,x,
E6,0.2.2.1.2.0,41,6,1,6,0,2,4,1,2,1,True,False,0,E,2,B,2,E,1,G#,2,C#,0,E
E6,x.7.11.x.x.x,18,2,2,2,4,0,2,7,11,4,True,False,x,,7,E,11,C#,x,,x,,x,
E6,4.4.6.4.5.4,8,2,3,6,0,0,6,4,6,2,True,False,4,G#,4,C#,6,G#,4,B,5,E,4,G#
E6,x.x.9.9.9.9,7,2,4,4,2,0,4,9,9,0,True,False,x,,x,,9,B,9,E,9,G#,9,C#
E6,x.2.2.x.2.0,2,1,5,4,2,1,3,2,2,0,True,False,x,,2,B,2,E,x,,2,C#,0,E
E6,0.x.2.1.2.0,2,1,6,5,1,2,3,1,2,1,True,False,0,E,x,,2,E,1,G#,2,C#,0,E
E6,x.x.2.4.2.4,2,1,7,4,2,0,4,2,4,2,True,False,x,,x,,2,E,4,B,2,C#,4,G#
E6,x.4.6.6.0.0,2,1,8,5,1,2,3,4,6,2,True,False,x,,4,C#,6,G#,6,C#,0,B,0,E
E6,x.x.6.6.5.7,2,1,9,4,2,0,4,5,7,2,True,False,x,,x,,6,G#,6,C#,5,E,7,B
E6,7.4.6.4.5.4,2,1,10,6,0,0,6,4,7,3,True,False,7,B,4,C#,6,G#,4,B,5,E,4,G#
E6,0.2.2.x.2.0,1,1,11,5,1,2,3,2,2,0,True,False,0,E,2,B,2,E,x,,2,C#,0,E
E6,0.x.9.9.9.9,1,1,12,5,1,1,4,9,9,0,True,True,0,E,x,,9,B,9,E,9,G#,9,C#
E6,0.x.2.1.2.x,1,1,13,4,2,1,3,1,2,1,True,False,0,E,x,,2,E,1,G#,2,C#,x,
E6,x.2.2.1.2.x,1,1,14,4,2,0,4,1,2,1,True,False,x,,2,B,2,E,1,G#,2,C#,x,
E6,0.7.6.6.0.0,1,1,15,6,0,3,3,6,7,1,True,True,0,E,7,E,6,G#,6,C#,0,B,0,E
E6,4.2.2.4.2.4,1,1,16,6,0,0,6,2,4,2,True,False,4,G#,2,B,2,E,4,B,2,C#,4,G#
E6,x.x.2.4.2.x,1,1,17,3,3,0,3,2,4,2,True,False,x,,x,,2,E,4,B,2,C#,x,
E6,x.4.x.6.5.x,1,1,18,3,3,0,3,4,6,2,True,False,x,,4,C#,x,,6,C#,5,E,x,
E6,0.7.9.x.x.9,1,1,19,4,2,1,3,7,9,2,True,True,0,E,7,E,9,B,x,,x,,9,C#
E6,x.7.x.9.9.9,1,1,20,4,2,0,4,7,9,2,True,False,x,,7,E,x,,9,E,9,G#,9,C#
E6,x.x.9.6.9.0,1,1,21,4,2,1,3,6,9,3,True,True,x,,x,,9,B,6,C#,9,G#,0,E
E6,x.4.2.6.0.x,1,1,22,4,2,1,3,2,6,4,True,False,x,,4,C#,2,E,6,C#,0,B,x,
E6,x.x.x.16.14.12,1,1,23,3,3,0,3,12,16,4,True,False,x,,x,,x,,16,B,14,C#,12,E
E6/9,0.x.6.6.7.7,1,1,1,5,1,1,4,6,7,1,True,True,0,E,x,,6,G#,6,C#,7,F#,7,B
E6/9,x.7.6.6.7.7,1,1,2,5,1,0,5,6,7,1,True,False,x,,7,E,6,G#,6,C#,7,F#,7,B
E6/9,0.11.11.11.12.12,1,1,3,6,0,1,5,11,12,1,True,True,0,E,11,G#,11,C#,11,F#,12,B,12,E
E6/A,x.x.x.2.2.0,1,1,1,3,3,1,2,2,2,0,True,False,x,,x,,x,,2,A,2,C#,0,E
E6/B,x.x.x.4.2.0,1,1,1,3,3,1,2,2,4,2,True,False,x,,x,,x,,4,B,2,C#,0,E
E6add9,0.2.x.1.2.2,1,1,1,5,1,1,4,1,2,1,True,False,0,E,2,B,x,,1,G#,2,C#,2,F#
E6add9/D,10.9.9.9.9.9,1,1,1,6,0,0,6,9,10,1,True,False,10,D,9,F#,9,B,9,E,9,G#,9,C#
E7,0.2.0.1.0.0,497,101,1,6,0,4,2,1,2,1,True,False,0,E,2,B,0,D,1,G#,0,B,0,E
E7,0.2.2.1.3.0,181,58,2,6,0,2,4,1,3,2,True,False,0,E,2,B,2,E,1,G#,3,D,0,E
E7,x.7.6.7.5.x,157,11,3,4,2,0,4,5,7,2,True,False,x,,7,E,6,G#,7,D,5,E,x,
E7,0.2.0.1.3.0,107,23,4,6,0,3,3,1,3,2,True,False,0,E,2,B,0,D,1,G#,3,D,0,E
E7,7.x.6.7.5.x,41,1,5,4,2,0,4,5,7,2,True,False,7,B,x,,6,G#,7,D,5,E,x,
E7,0.7.6.7.0.0,28,4,6,6,0,3,3,6,7,1,True,True,0,E,7,E,6,G#,7,D,0,B,0,E
E7,0.2.2.1.3.x,25,7,7,5,1,1,4,1,3,2,True,False,0,E,2,B,2,E,1,G#,3,D,x,
E7,x.x.2.1.3.x,22,3,8,3,3,0,3,1,3,2,True,False,x,,x,,2,E,1,G#,3,D,x,
E7,x.2.0.1.0.0,20,4,9,5,1,3,2,1,2,1,True,False,x,,2,B,0,D,1,G#,0,B,0,E
E7,0.2.0.1.0.x,17,2,10,5,1,3,2,1,2,1,True,False,0,E,2,B,0,D,1,G#,0,B,x,
E7,x.x.2.1.3.0,17,3,11,4,2,1,3,1,3,2,True,False,x,,x,,2,E,1,G#,3,D,0,E
E7,4.x.2.4.3.x,16,2,12,4,2,0,4,2,4,2,True,False,4,G#,x,,2,E,4,B,3,D,x,
E7,12.14.12.13.15.12,15,1,13,6,0,0,6,12,15,3,True,False,12,E,14,B,12,D,13,G#,15,D,12,E
E7,x.2.0.1.3.0,14,4,14,5,1,2,3,1,3,2,True,False,x,,2,B,0,D,1,G#,3,D,0,E
E7,x.x.0.9.x.7,14,2,15,3,3,1,2,7,9,2,True,True,x,,x,,0,D,9,E,x,,7,B
E7,x.2.2.1.3.0,13,8,16,5,1,1,4,1,3,2,True,False,x,,2,B,2,E,1,G#,3,D,0,E
E7,x.x.2.4.3.4,13,4,17,4,2,0,4,2,4,2,True,False,x,,x,,2,E,4,B,3,D,4,G#
E7,4.2.0.1.0.0,12,1,18,6,0,3,3,1,4,3,True,False,4,G#,2,B,0,D,1,G#,0,B,0,E
E7,0.7.9.7.9.7,10,3,19,6,0,1,5,7,9,2,True,True,0,E,7,E,9,B,7,D,9,G#,7,B
E7,x.2.2.1.3.x,7,4,20,4,2,0,4,1,3,2,True,False,x,,2,B,2,E,1,G#,3,D,x,
E7,0.2.0.1.x.0,6,1,21,5,1,3,2,1,2,1,True,False,0,E,2,B,0,D,1,G#,x,,0,E
E7,0.x.2.1.3.0,6,4,22,5,1,2,3,1,3,2,True,False,0,E,x,,2,E,1,G#,3,D,0,E
E7,x.7.6.7.0.x,5,3,23,4,2,1,3,6,7,1,True,True,x,,7,E,6,G#,7,D,0,B,x,
E7,0.7.6.7.0.7,4,3,24,6,0,2,4,6,7,1,True,True,0,E,7,E,6,G#,7,D,0,B,7,B
E7,0.7.6.7.x.7,4,1,25,5,1,1,4,6,7,1,True,True,0,E,7,E,6,G#,7,D,x,,7,B
E7,x.7.6.7.0.0,4,3,26,5,1,2,3,6,7,1,True,True,x,,7,E,6,G#,7,D,0,B,0,E
E7,0.x.2.1.3.x,4,2,27,4,2,1,3,1,3,2,True,False,0,E,x,,2,E,1,G#,3,D,x,
E7,0.x.2.4.3.4,4,4,28,5,1,1,4,2,4,2,True,False,0,E,x,,2,E,4,B,3,D,4,G#
E7,0.5.6.7.0.0,4,1,29,6,0,3,3,5,7,2,True,False,0,E,5,D,6,G#,7,D,0,B,0,E
E7,0.x.6.7.5.7,4,2,30,5,1,1,4,5,7,2,True,False,0,E,x,,6,G#,7,D,5,E,7,B
E7,0.x.6.7.5.x,4,1,31,4,2,1,3,5,7,2,True,False,0,E,x,,6,G#,7,D,5,E,x,
E7,x.7.9.7.9.x,4,2,32,4,2,0,4,7,9,2,True,False,x,,7,E,9,B,7,D,9,G#,x,
E7,x.7.x.7.9.7,4,1,33,4,2,0,4,7,9,2,True,False,x,,7,E,x,,7,D,9,G#,7,B
E7,x.7.6.7.4.x,4,1,34,4,2,0,4,4,7,3,True,False,x,,7,E,6,G#,7,D,4,D#,x,
E7,x.2.2.x.3.x,3,2,35,3,3,0,3,2,3,1,True,False,x,,2,B,2,E,x,,3,D,x,
E7,0.x.9.9.9.10,3,2,36,5,1,1,4,9,10,1,True,True,0,E,x,,9,B,9,E,9,G#,10,D
E7,x.x.9.9.9.10,3,2,37,4,2,0,4,9,10,1,True,False,x,,x,,9,B,9,E,9,G#,10,D
E7,0.2.x.1.3.0,3,1,38,5,1,2,3,1,3,2,True,False,0,E,2,B,x,,1,G#,3,D,0,E
E7,0.x.x.1.3.0,3,2,39,4,2,2,2,1,3,2,True,False,0,E,x,,x,,1,G#,3,D,0,E
E7,7.7.6.7.5.7,3,1,40,6,0,0,6,5,7,2,True,False,7,B,7,E,6,G#,7,D,5,E,7,B
E7,x.x.x.7.5.7,3,1,41,3,3,0,3,5,7,2,True,False,x,,x,,x,,7,D,5,E,7,B
E7,7.7.9.7.9.7,3,3,42,6,0,0,6,7,9,2,True,False,7,B,7,E,9,B,7,D,9,G#,7,B
E7,x.7.9.7.0.0,3,1,43,5,1,2,3,7,9,2,True,True,x,,7,E,9,B,7,D,0,B,0,E
E7,x.7.6.x.x.10,3,1,44,3,3,0,3,6,10,4,True,False,x,,7,E,6,G#,x,,x,,10,D
E7,0.x.0.1.0.x,2,1,45,4,2,3,1,1,1,0,True,False,0,E,x,,0,D,1,G#,0,B,x,
E7,0.2.0.x.x.x,2,1,46,3,3,2,1,2,2,0,True,False,0,E,2,B,0,D,x,,x,,x,
E7,4.x.0.4.0.0,2,1,47,5,1,3,2,4,4,0,True,False,4,G#,x,,0,D,4,B,0,B,0,E
E7,0.2.0.1.x.x,2,2,48,4,2,2,2,1,2,1,True,False,0,E,2,B,0,D,1,G#,x,,x,
E7,0.x.x.4.3.4,2,2,49,4,2,1,3,3,4,1,True,False,0,E,x,,x,,4,B,3,D,4,G#
E7,0.x.6.7.0.7,2,1,50,5,1,2,3,6,7,1,True,True,0,E,x,,6,G#,7,D,0,B,7,B
E7,0.x.0.1.3.x,2,2,51,4,2,2,2,1,3,2,True,False,0,E,x,,0,D,1,G#,3,D,x,
E7,x.2.x.1.3.0,2,2,52,4,2,1,3,1,3,2,True,False,x,,2,B,x,,1,G#,3,D,0,E
E7,x.x.x.1.3.0,2,2,53,3,3,1,2,1,3,2,True,False,x,,x,,x,,1,G#,3,D,0,E
E7,0.2.0.x.3.4,2,1,54,5,1,2,3,2,4,2,True,False,0,E,2,B,0,D,x,,3,D,4,G#
E7,4.x.2.4.3.0,2,1,55,5,1,1,4,2,4,2,True,False,4,G#,x,,2,E,4,B,3,D,0,E
E7,x.x.2.4.3.0,2,1,56,4,2,1,3,2,4,2,True,False,x,,x,,2,E,4,B,3,D,0,E
E7,0.7.6.7.5.0,2,2,57,6,0,2,4,5,7,2,True,False,0,E,7,E,6,G#,7,D,5,E,0,E
E7,0.7.6.7.5.x,2,2,58,5,1,1,4,5,7,2,True,False,0,E,7,E,6,G#,7,D,5,E,x,
E7,x.7.6.7.5.0,2,1,59,5,1,1,4,5,7,2,True,False,x,,7,E,6,G#,7,D,5,E,0,E
E7,0.7.9.7.x.x,2,1,60,4,2,1,3,7,9,2,True,True,0,E,7,E,9,B,7,D,x,,x,
E7,0.x.9.7.9.7,2,1,61,5,1,1,4,7,9,2,True,True,0,E,x,,9,B,7,D,9,G#,7,B
E7,0.x.x.7.9.7,2,1,62,4,2,1,3,7,9,2,True,True,0,E,x,,x,,7,D,9,G#,7,B
E7,7.5.9.7.5.0,2,1,63,6,0,1,5,5,9,4,True,False,7,B,5,D,9,B,7,D,5,E,0,E
E7,0.x.0.1.0.0,1,1,64,5,1,4,1,1,1,0,True,False,0,E,x,,0,D,1,G#,0,B,0,E
E7,0.x.0.1.x.x,1,1,65,3,3,2,1,1,1,0,True,False,0,E,x,,0,D,1,G#,x,,x,
E7,x.x.0.1.0.0,1,1,66,4,2,3,1,1,1,0,True,False,x,,x,,0,D,1,G#,0,B,0,E
E7,0.2.x.x.3.0,1,1,67,4,2,2,2,2,3,1,True,False,0,E,2,B,x,,x,,3,D,0,E
E7,0.x.2.0.3.x,1,1,68,4,2,2,2,2,3,1,True,False,0,E,x,,2,E,0,G,3,D,x,
E7,x.x.2.x.3.0,1,1,69,3,3,1,2,2,3,1,True,False,x,,x,,2,E,x,,3,D,0,E
E7,0.x.x.4.3.x,1,1,70,3,3,1,2,3,4,1,True,False,0,E,x,,x,,4,B,3,D,x,
E7,4.x.x.4.3.0,1,1,71,4,2,1,3,3,4,1,True,False,4,G#,x,,x,,4,B,3,D,0,E
E7,x.x.0.4.3.0,1,1,72,4,2,2,2,3,4,1,True,False,x,,x,,0,D,4,B,3,D,0,E
E7,4.5.x.4.5.x,1,1,73,4,2,0,4,4,5,1,True,False,4,G#,5,D,x,,4,B,5,E,x,
E7,x.x.0.4.5.4,1,1,74,4,2,1,3,4,5,1,True,False,x,,x,,0,D,4,B,5,E,4,G#
E7,0.0.6.7.0.7,1,1,75,6,0,3,3,6,7,1,True,True,0,E,0,A,6,G#,7,D,0,B,7,B
E7,0.7.6.7.0.x,1,1,76,5,1,2,3,6,7,1,True,True,0,E,7,E,6,G#,7,D,0,B,x,
E7,x.7.6.7.0.7,1,1,77,5,1,1,4,6,7,1,True,True,x,,7,E,6,G#,7,D,0,B,7,B
E7,x.7.6.7.x.x,1,1,78,3,3,0,3,6,7,1,True,False,x,,7,E,6,G#,7,D,x,,x,
E7,0.x.9.x.x.10,1,1,79,3,3,1,2,9,10,1,True,True,0,E,x,,9,B,x,,x,,10,D
E7,0.0.12.11.12.12,1,1,80,6,0,2,4,11,12,1,True,True,0,E,0,A,12,D,11,F#,12,B,12,E
E7,0.1.0.1.3.0,1,1,81,6,0,3,3,1,3,2,True,False,0,E,1,A#,0,D,1,G#,3,D,0,E
E7,0.2.0.1.3.x,1,1,82,5,1,2,3,1,3,2,True,False,0,E,2,B,0,D,1,G#,3,D,x,
E7,0.0.2.4.3.4,1,1,83,6,0,2,4,2,4,2,True,False,0,E,0,A,2,E,4,B,3,D,4,G#
E7,4.2.x.4.3.0,1,1,84,5,1,1,4,2,4,2,True,False,4,G#,2,B,x,,4,B,3,D,0,E
E7,4.x.2.x.3.x,1,1,85,3,3,0,3,2,4,2,True,False,4,G#,x,,2,E,x,,3,D,x,
E7,x.2.2.4.3.x,1,1,86,4,2,0,4,2,4,2,True,False,x,,2,B,2,E,4,B,3,D,x,
E7,0.5.0.4.3.x,1,1,87,5,1,2,3,3,5,2,True,False,0,E,5,D,0,D,4,B,3,D,x,
E7,0.0.6.7.5.0,1,1,88,6,0,3,3,5,7,2,True,False,0,E,0,A,6,G#,7,D,5,E,0,E
E7,x.x.6.7.5.7,1,1,89,4,2,0,4,5,7,2,True,False,x,,x,,6,G#,7,D,5,E,7,B
E7,0.7.9.7.9.x,1,1,90,5,1,1,4,7,9,2,True,True,0,E,7,E,9,B,7,D,9,G#,x,
E7,0.x.9.7.9.0,1,1,91,5,1,2,3,7,9,2,True,True,0,E,x,,9,B,7,D,9,G#,0,E
E7,x.7.9.7.9.7,1,1,92,5,1,0,5,7,9,2,True,False,x,,7,E,9,B,7,D,9,G#,7,B
E7,x.x.9.7.9.0,1,1,93,4,2,1,3,7,9,2,True,True,x,,x,,9,B,7,D,9,G#,0,E
E7,0.7.6.7.0.4,1,1,94,6,0,2,4,4,7,3,True,False,0,E,7,E,6,G#,7,D,0,B,4,G#
E7,4.7.0.7.0.0,1,1,95,6,0,3,3,4,7,3,True,False,4,G#,7,E,0,D,7,D,0,B,0,E
E7,x.7.6.7.x.4,1,1,96,4,2,0,4,4,7,3,True,False,x,,7,E,6,G#,7,D,x,,4,G#
E7,0.7.9.x.x.10,1,1,97,4,2,1,3,7,10,3,True,True,0,E,7,E,9,B,x,,x,,10,D
E7#9,x.x.6.7.8.x,6,1,1,3,3,0,3,6,8,2,True,False,x,,x,,6,G#,7,D,8,G,x,
E7#9,x.7.6.7.8.x,2,2,2,4,2,0,4,6,8,2,True,False,x,,7,E,6,G#,7,D,8,G,x,
E7#9,0.2.0.0.0.4,1,1,3,6,0,4,2,2,4,2,True,False,0,E,2,B,0,D,0,G,0,B,4,G#
E7(9),0.7.6.7.7.x,1,1,1,5,1,1,4,6,7,1,True,True,0,E,7,E,6,G#,7,D,7,F#,x,
E7(no3),0.x.x.4.3.0,2,1,1,4,2,2,2,3,4,1,True,False,0,E,x,,x,,4,B,3,D,0,E
E7(no5),x.x.2.1.3.0,6,1,1,4,2,1,3,1,3,2,True,False,x,,x,,2,E,1,G#,3,D,0,E
E7(no5),0.x.x.1.3.0,2,1,2,4,2,2,2,1,3,2,True,False,0,E,x,,x,,1,G#,3,D,0,E
E7+5,0.7.6.7.6.0,2,1,1,6,0,2,4,6,7,1,True,True,0,E,7,E,6,G#,7,D,6,F,0,E
E7+5,0.7.6.7.6.x,2,1,2,5,1,1,4,6,7,1,True,True,0,E,7,E,6,G#,7,D,6,F,x,
E7+9,0.7.6.7.8.0,2,1,1,6,0,2,4,6,8,2,True,True,0,E,7,E,6,G#,7,D,8,G,0,E
E7+9,0.7.6.7.8.x,2,1,2,5,1,1,4,6,8,2,True,True,0,E,7,E,6,G#,7,D,8,G,x,
E7/4,12.x.12.13.10.0,1,1,1,5,1,1,4,10,13,3,True,True,12,E,x,,12,D,13,G#,10,A,0,E
E7/5+,x.3.2.1.3.x,16,1,1,4,2,0,4,1,3,2,True,False,x,,3,C,2,E,1,G#,3,D,x,
E7/5+,0.x.6.5.3.0,2,1,2,5,1,2,3,3,6,3,True,False,0,E,x,,6,G#,5,C,3,D,0,E
E7/5+,0.x.0.1.1.x,1,1,3,4,2,2,2,1,1,0,True,False,0,E,x,,0,D,1,G#,1,C,x,
E7/5+,0.3.0.1.1.0,1,1,4,6,0,3,3,1,3,2,True,False,0,E,3,C,0,D,1,G#,1,C,0,E
E7/5+,x.x.6.5.3.0,1,1,5,4,2,1,3,3,6,3,True,False,x,,x,,6,G#,5,C,3,D,0,E
E7/5+,0.5.6.7.5.8,1,1,6,6,0,1,5,5,8,3,True,False,0,E,5,D,6,G#,7,D,5,E,8,C
E7/5+,0.x.6.7.5.8,1,1,7,5,1,1,4,5,8,3,True,False,0,E,x,,6,G#,7,D,5,E,8,C
E7/5-,x.x.2.3.3.0,1,1,1,4,2,1,3,2,3,1,True,False,x,,x,,2,E,3,A#,3,D,0,E
E7/A,x.0.2.4.3.x,1,1,1,4,2,1,3,2,4,2,True,False,x,,0,A,2,E,4,B,3,D,x,
E7/B,7.x.6.7.5.x,2,1,1,4,2,0,4,5,7,2,True,False,7,B,x,,6,G#,7,D,5,E,x,
E7/b9,x.7.6.7.6.0,6,1,1,5,1,1,4,6,7,1,True,True,x,,7,E,6,G#,7,D,6,F,0,E
E7/C,x.3.2.4.3.x,1,1,1,4,2,0,4,2,4,2,True,False,x,,3,C,2,E,4,B,3,D,x,
E7/D,4.5.x.4.5.x,1,1,1,4,2,0,4,4,5,1,True,False,4,G#,5,D,x,,4,B,5,E,x,
E7/G,x.x.5.4.3.0,3,1,1,4,2,1,3,3,5,2,True,False,x,,x,,5,G,4,B,3,D,0,E
E7/G#,4.x.2.4.3.x,7,4,1,4,2,0,4,2,4,2,True,False,4,G#,x,,2,E,4,B,3,D,x,
E7/G#,4.x.0.1.0.0,2,1,2,5,1,3,2,1,4,3,True,False,4,G#,x,,0,D,1,G#,0,B,0,E
E74(9),0.7.7.7.7.x,5,1,1,5,1,1,4,7,7,0,True,True,0,E,7,E,7,A,7,D,7,F#,x,
E79,0.x.4.4.3.4,17,2,1,5,1,1,4,3,4,1,True,False,0,E,x,,4,F#,4,B,3,D,4,G#
E79,0.2.0.1.0.2,5,3,2,6,0,3,3,1,2,1,True,False,0,E,2,B,0,D,1,G#,0,B,2,F#
E79,x.7.6.7.7.x,4,1,3,4,2,0,4,6,7,1,True,False,x,,7,E,6,G#,7,D,7,F#,x,
E79,0.2.0.1.3.2,1,1,4,6,0,2,4,1,3,2,True,False,0,E,2,B,0,D,1,G#,3,D,2,F#
E79-,0.2.0.1.0.1,1,1,1,6,0,3,3,1,2,1,True,False,0,E,2,B,0,D,1,G#,0,B,1,F
E79b,0.7.6.7.6.0,3,1,1,6,0,2,4,6,7,1,True,True,0,E,7,E,6,G#,7,D,6,F,0,E
E79b,x.7.6.7.6.x,1,1,2,4,2,0,4,6,7,1,True,False,x,,7,E,6,G#,7,D,6,F,x,
E79b/G#,x.x.6.7.6.7,1,1,1,4,2,0,4,6,7,1,True,False,x,,x,,6,G#,7,D,6,F,7,B
E7add11,7.0.6.7.0.0,2,1,1,6,0,3,3,6,7,1,True,True,7,B,0,A,6,G#,7,D,0,B,0,E
E7add11,0.7.6.7.0.5,1,1,2,6,0,2,4,5,7,2,True,False,0,E,7,E,6,G#,7,D,0,B,5,A
E7add11,x.7.6.7.0.5,1,1,3,5,1,1,4,5,7,2,True,False,x,,7,E,6,G#,7,D,0,B,5,A
E7add11,x.0.0.9.9.7,1,1,4,5,1,2,3,7,9,2,True,True,x,,0,A,0,D,9,E,9,G#,7,B
E7add13,x.7.x.7.9.9,1,1,1,4,2,0,4,7,9,2,True,False,x,,7,E,x,,7,D,9,G#,9,C#
E7add13-,0.2.0.1.1.0,1,1,1,6,0,3,3,1,2,1,True,False,0,E,2,B,0,D,1,G#,1,C,0,E
E7add13-,0.2.0.1.1.x,1,1,2,5,1,2,3,1,2,1,True,False,0,E,2,B,0,D,1,G#,1,C,x,
E7b9,x.7.6.4.5.4,3,1,1,5,1,0,5,4,7,3,True,False,x,,7,E,6,G#,4,B,5,E,4,G#
E7b9,0.2.0.1.3.1,1,1,2,6,0,2,4,1,3,2,True,False,0,E,2,B,0,D,1,G#,3,D,1,F
E7M,x.7.9.8.0.0,5,1,1,5,1,2,3,7,9,2,True,True,x,,7,E,9,B,8,D#,0,B,0,E
E7M,x.7.9.8.9.7,5,1,2,5,1,0,5,7,9,2,True,False,x,,7,E,9,B,8,D#,9,G#,7,B
E7M,7.7.9.8.9.7,3,2,3,6,0,0,6,7,9,2,True,False,7,B,7,E,9,B,8,D#,9,G#,7,B
E7M,x.x.9.9.9.11,3,2,4,4,2,0,4,9,11,2,True,False,x,,x,,9,B,9,E,9,G#,11,D#
E7M,4.x.2.4.4.x,2,1,5,4,2,0,4,2,4,2,True,False,4,G#,x,,2,E,4,B,4,D#,x,
E7M,x.x.2.1.4.0,2,1,6,4,2,1,3,1,4,3,True,False,x,,x,,2,E,1,G#,4,D#,0,E
E7M,x.7.6.4.4.4,2,1,7,5,1,0,5,4,7,3,True,False,x,,7,E,6,G#,4,B,4,D#,4,G#
E7M,0.x.1.1.0.0,1,1,8,5,1,3,2,1,1,0,True,False,0,E,x,,1,D#,1,G#,0,B,0,E
E7M,0.2.1.1.0.0,1,1,9,6,0,3,3,1,2,1,True,False,0,E,2,B,1,D#,1,G#,0,B,0,E
E7M,4.6.6.4.5.x,1,1,10,5,1,0,5,4,6,2,True,False,4,G#,6,D#,6,G#,4,B,5,E,x,
E7M,0.7.9.8.9.0,1,1,11,6,0,2,4,7,9,2,True,True,0,E,7,E,9,B,8,D#,9,G#,0,E
E7M,x.7.9.8.9.x,1,1,12,4,2,0,4,7,9,2,True,False,x,,7,E,9,B,8,D#,9,G#,x,
E7M,x.7.6.8.9.x,1,1,13,4,2,0,4,6,9,3,True,False,x,,7,E,6,G#,8,D#,9,G#,x,
E7M/F,x.8.6.8.0.0,2,1,1,5,1,2,3,6,8,2,True,True,x,,8,F,6,G#,8,D#,0,B,0,E
E7M13,0.11.11.11.12.11,1,1,1,6,0,1,5,11,12,1,True,True,0,E,11,G#,11,C#,11,F#,12,B,11,D#
E7sus,0.2.0.4.3.2,1,1,1,6,0,2,4,2,4,2,True,False,0,E,2,B,0,D,4,B,3,D,2,F#
E7sus,x.x.2.4.3.5,1,1,2,4,2,0,4,2,5,3,True,False,x,,x,,2,E,4,B,3,D,5,A
E7sus2,0.7.9.7.7.7,4,1,1,6,0,1,5,7,9,2,True,True,0,E,7,E,9,B,7,D,7,F#,7,B
E7sus2,x.2.2.x.3.2,2,1,2,4,2,0,4,2,3,1,True,False,x,,2,B,2,E,x,,3,D,2,F#
E7sus2,x.7.9.7.7.7,2,1,3,5,1,0,5,7,9,2,True,False,x,,7,E,9,B,7,D,7,F#,7,B
E7sus2,2.x.x.x.3.0,1,1,4,3,3,1,2,2,3,1,True,False,2,F#,x,,x,,x,,3,D,0,E
E7sus2,x.2.4.4.3.0,1,1,5,5,1,1,4,2,4,2,True,False,x,,2,B,4,F#,4,B,3,D,0,E
E7sus2,0.x.9.7.7.7,1,1,6,5,1,1,4,7,9,2,True,True,0,E,x,,9,B,7,D,7,F#,7,B
E7sus2/F#,x.x.4.4.3.0,5,1,1,4,2,1,3,3,4,1,True,False,x,,x,,4,F#,4,B,3,D,0,E
E7sus4,0.2.0.2.0.0,35,4,1,6,0,4,2,2,2,0,True,False,0,E,2,B,0,D,2,A,0,B,0,E
E7sus4,0.2.0.2.0.x,16,1,2,5,1,3,2,2,2,0,True,False,0,E,2,B,0,D,2,A,0,B,x,
E7sus4,x.x.12.14.12.12,12,1,3,4,2,0,4,12,14,2,True,False,x,,x,,12,D,14,A,12,B,12,E
E7sus4,0.2.0.2.3.0,9,2,4,6,0,3,3,2,3,1,True,False,0,E,2,B,0,D,2,A,3,D,0,E
E7sus4,0.7.7.7.0.0,7,1,5,6,0,3,3,7,7,0,True,True,0,E,7,E,7,A,7,D,0,B,0,E
E7sus4,0.5.7.7.0.0,6,1,6,6,0,3,3,5,7,2,True,False,0,E,5,D,7,A,7,D,0,B,0,E
E7sus4,x.x.2.4.3.5,4,3,7,4,2,0,4,2,5,3,True,False,x,,x,,2,E,4,B,3,D,5,A
E7sus4,x.7.x.7.10.7,3,1,8,4,2,0,4,7,10,3,True,False,x,,7,E,x,,7,D,10,A,7,B
E7sus4,0.0.0.2.0.0,2,1,9,6,0,5,1,2,2,0,True,False,0,E,0,A,0,D,2,A,0,B,0,E
E7sus4,0.x.0.2.0.x,2,2,10,4,2,3,1,2,2,0,True,False,0,E,x,,0,D,2,A,0,B,x,
E7sus4,7.7.7.7.x.x,2,1,11,4,2,0,4,7,7,0,True,False,7,B,7,E,7,A,7,D,x,,x,
E7sus4,0.2.0.2.3.x,2,1,12,5,1,2,3,2,3,1,True,False,0,E,2,B,0,D,2,A,3,D,x,
E7sus4,0.0.9.9.12.10,2,1,13,6,0,2,4,9,12,3,True,True,0,E,0,A,9,B,9,E,12,B,10,D
E7sus4,0.x.2.2.3.0,1,1,14,5,1,2,3,2,3,1,True,False,0,E,x,,2,E,2,A,3,D,0,E
E7sus4,0.x.x.2.3.0,1,1,15,4,2,2,2,2,3,1,True,False,0,E,x,,x,,2,A,3,D,0,E
E7sus4,x.0.0.2.3.0,1,1,16,5,1,3,2,2,3,1,True,False,x,,0,A,0,D,2,A,3,D,0,E
E7sus4,0.0.9.9.10.10,1,1,17,6,0,2,4,9,10,1,True,True,0,E,0,A,9,B,9,E,10,A,10,D
E7sus4,0.x.x.7.10.7,1,1,18,4,2,1,3,7,10,3,True,True,0,E,x,,x,,7,D,10,A,7,B
E7sus4,x.7.9.7.10.x,1,1,19,4,2,0,4,7,10,3,True,False,x,,7,E,9,B,7,D,10,A,x,
E7sus4,x.7.x.7.10.x,1,1,20,3,3,0,3,7,10,3,True,False,x,,7,E,x,,7,D,10,A,x,
E7sus4(no5),x.x.2.2.3.0,2,1,1,4,2,1,3,2,3,1,True,False,x,,x,,2,E,2,A,3,D,0,E
E7sus4/5+,x.0.2.5.3.0,2,1,1,5,1,2,3,2,5,3,True,False,x,,0,A,2,E,5,C,3,D,0,E
E7sus4/A,x.0.2.4.3.x,3,1,1,4,2,1,3,2,4,2,True,False,x,,0,A,2,E,4,B,3,D,x,
E7sus4/B,x.2.0.2.0.0,16,1,1,5,1,3,2,2,2,0,True,False,x,,2,B,0,D,2,A,0,B,0,E
E7sus4/D,x.5.7.7.0.0,1,1,1,5,1,2,3,5,7,2,True,False,x,,5,D,7,A,7,D,0,B,0,E
E7sus4/F,x.8.9.9.10.10,1,1,1,5,1,0,5,8,10,2,True,False,x,,8,F,9,B,9,E,10,A,10,D
E7sus4add9,2.x.x.2.3.0,2,2,1,4,2,1,3,2,3,1,True,False,2,F#,x,,x,,2,A,3,D,0,E
E9,x.7.6.7.7.7,65,6,1,5,1,0,5,6,7,1,True,False,x,,7,E,6,G#,7,D,7,F#,7,B
E9,0.2.0.1.0.2,12,2,2,6,0,3,3,1,2,1,True,False,0,E,2,B,0,D,1,G#,0,B,2,F#
E9,x.7.6.7.7.x,6,4,3,4,2,0,4,6,7,1,True,False,x,,7,E,6,G#,7,D,7,F#,x,
E9,0.7.6.7.7.0,5,1,4,6,0,2,4,6,7,1,True,True,0,E,7,E,6,G#,7,D,7,F#,0,E
E9,0.x.6.7.7.x,4,1,5,4,2,1,3,6,7,1,True,True,0,E,x,,6,G#,7,D,7,F#,x,
E9,0.2.x.1.3.2,4,1,6,5,1,1,4,1,3,2,True,False,0,E,2,B,x,,1,G#,3,D,2,F#
E9,x.x.2.1.3.2,4,1,7,4,2,0,4,1,3,2,True,False,x,,x,,2,E,1,G#,3,D,2,F#
E9,12.11.12.11.12.x,3,1,8,5,1,0,5,11,12,1,True,False,12,E,11,G#,12,D,11,F#,12,B,x,
E9,0.x.6.7.7.7,2,1,9,5,1,1,4,6,7,1,True,True,0,E,x,,6,G#,7,D,7,F#,7,B
E9,x.x.12.11.9.12,2,1,10,4,2,0,4,9,12,3,True,False,x,,x,,12,D,11,F#,9,G#,12,E
E9,4.5.4.4.5.x,1,1,11,5,1,0,5,4,5,1,True,False,4,G#,5,D,4,F#,4,B,5,E,x,
E9,7.x.6.7.7.0,1,1,12,5,1,1,4,6,7,1,True,True,7,B,x,,6,G#,7,D,7,F#,0,E
E9,x.7.6.7.7.0,1,1,13,5,1,1,4,6,7,1,True,True,x,,7,E,6,G#,7,D,7,F#,0,E
E9,x.x.6.7.7.7,1,1,14,4,2,0,4,6,7,1,True,False,x,,x,,6,G#,7,D,7,F#,7,B
E9,0.11.12.11.12.x,1,1,15,5,1,1,4,11,12,1,True,True,0,E,11,G#,12,D,11,F#,12,B,x,
E9(no 3rd),x.7.9.7.7.x,1,1,1,4,2,0,4,7,9,2,True,False,x,,7,E,9,B,7,D,7,F#,x,
E9+,x.7.6.7.8.x,66,11,1,4,2,0,4,6,8,2,True,False,x,,7,E,6,G#,7,D,8,G,x,
E9+,0.7.6.7.8.0,12,2,2,6,0,2,4,6,8,2,True,True,0,E,7,E,6,G#,7,D,8,G,0,E
E9+,0.2.0.1.0.3,6,1,3,6,0,3,3,1,3,2,True,False,0,E,2,B,0,D,1,G#,0,B,3,G
E9+,x.x.2.1.3.3,2,1,4,4,2,0,4,1,3,2,True,False,x,,x,,2,E,1,G#,3,D,3,G
E9+,0.7.6.7.8.x,2,1,5,5,1,1,4,6,8,2,True,True,0,E,7,E,6,G#,7,D,8,G,x,
E9+,0.2.0.1.3.3,1,1,6,6,0,2,4,1,3,2,True,False,0,E,2,B,0,D,1,G#,3,D,3,G
E9+,0.2.2.1.3.3,1,1,7,6,0,1,5,1,3,2,True,False,0,E,2,B,2,E,1,G#,3,D,3,G
E9+,7.7.6.7.8.x,1,1,8,5,1,0,5,6,8,2,True,False,7,B,7,E,6,G#,7,D,8,G,x,
E9+ (no5),x.7.6.7.8.0,2,1,1,5,1,1,4,6,8,2,True,True,x,,7,E,6,G#,7,D,8,G,0,E
E9+(no5),x.7.6.7.8.x,3,1,1,4,2,0,4,6,8,2,True,False,x,,7,E,6,G#,7,D,8,G,x,
E9+/5+,0.7.6.7.8.8,12,1,1,6,0,1,5,6,8,2,True,True,0,E,7,E,6,G#,7,D,8,G,8,C
E9+/5+,x.7.6.7.8.8,1,1,2,5,1,0,5,6,8,2,True,False,x,,7,E,6,G#,7,D,8,G,8,C
E9-,x.7.6.7.6.x,7,2,1,4,2,0,4,6,7,1,True,False,x,,7,E,6,G#,7,D,6,F,x,
E9-,4.x.3.4.3.0,4,2,2,5,1,1,4,3,4,1,True,False,4,G#,x,,3,F,4,B,3,D,0,E
E9-,0.x.6.7.6.7,3,1,3,5,1,1,4,6,7,1,True,True,0,E,x,,6,G#,7,D,6,F,7,B
E9-,0.7.6.7.6.0,2,1,4,6,0,2,4,6,7,1,True,True,0,E,7,E,6,G#,7,D,6,F,0,E
E9-,0.x.6.7.6.0,2,2,5,5,1,2,3,6,7,1,True,True,0,E,x,,6,G#,7,D,6,F,0,E
E9-/5-,x.7.6.7.6.6,2,2,1,5,1,0,5,6,7,1,True,False,x,,7,E,6,G#,7,D,6,F,6,A#
E9-/G#,4.x.3.4.3.0,4,1,1,5,1,1,4,3,4,1,True,False,4,G#,x,,3,F,4,B,3,D,0,E
E9sus4,0.7.7.7.7.7,2,1,1,6,0,1,5,7,7,0,True,True,0,E,7,E,7,A,7,D,7,F#,7,B
E9sus4,0.5.4.2.0.0,1,1,2,6,0,3,3,2,5,3,True,False,0,E,5,D,4,F#,2,A,0,B,0,E
Eadd11,0.0.9.9.9.0,39,2,1,6,0,3,3,9,9,0,True,True,0,E,0,A,9,B,9,E,9,G#,0,E
Eadd11,x.0.6.2.0.0,3,1,2,5,1,3,2,2,6,4,True,False,x,,0,A,6,G#,2,A,0,B,0,E
Eadd11,0.0.9.9.9.12,2,1,3,6,0,2,4,9,12,3,True,True,0,E,0,A,9,B,9,E,9,G#,12,E
Eadd11,0.0.2.1.0.0,1,1,4,6,0,4,2,1,2,1,True,False,0,E,0,A,2,E,1,G#,0,B,0,E
Eadd11+,0.2.2.3.0.0,4,1,1,6,0,3,3,2,3,1,True,False,0,E,2,B,2,E,3,A#,0,B,0,E
Eadd11+,x.2.2.3.x.x,2,1,2,3,3,0,3,2,3,1,True,False,x,,2,B,2,E,3,A#,x,,x,
Eadd11+,0.x.6.3.0.x,2,1,3,4,2,2,2,3,6,3,True,False,0,E,x,,6,G#,3,A#,0,B,x,
Eadd11/F#,x.9.7.9.9.7,2,1,1,5,1,0,5,7,9,2,True,False,x,,9,F#,7,A,9,E,9,G#,7,B
Eadd13-,0.2.2.1.1.0,2,1,1,6,0,2,4,1,2,1,True,False,0,E,2,B,2,E,1,G#,1,C,0,E
Eadd13-,x.3.2.5.0.x,1,1,2,4,2,1,3,2,5,3,True,False,x,,3,C,2,E,5,C,0,B,x,
Eadd2,0.11.14.11.x.x,2,1,1,4,2,1,3,11,14,3,True,True,0,E,11,G#,14,E,11,F#,x,,x,
Eadd9,0.11.9.11.12.x,40,1,1,5,1,1,4,9,12,3,True,True,0,E,11,G#,9,B,11,F#,12,B,x,
Eadd9,x.7.6.9.7.x,9,1,2,4,2,0,4,6,9,3,True,False,x,,7,E,6,G#,9,E,7,F#,x,
Eadd9,4.x.2.4.5.2,7,1,3,5,1,0,5,2,5,3,True,False,4,G#,x,,2,E,4,B,5,E,2,F#
Eadd9,x.x.2.1.0.2,6,2,4,4,2,1,3,1,2,1,True,False,x,,x,,2,E,1,G#,0,B,2,F#
Eadd9,0.2.4.1.0.0,5,2,5,6,0,3,3,1,4,3,True,False,0,E,2,B,4,F#,1,G#,0,B,0,E
Eadd9,4.x.4.4.0.0,2,1,6,5,1,2,3,4,4,0,True,False,4,G#,x,,4,F#,4,B,0,B,0,E
Eadd9,0.x.x.1.0.2,1,1,7,4,2,2,2,1,2,1,True,False,0,E,x,,x,,1,G#,0,B,2,F#
Eadd9,x.7.9.9.7.x,1,1,8,4,2,0,4,7,9,2,True,False,x,,7,E,9,B,9,E,7,F#,x,
Eadd9,0.2.4.1.0.x,1,1,9,5,1,2,3,1,4,3,True,False,0,E,2,B,4,F#,1,G#,0,B,x,
Eadd9,0.7.6.4.7.4,1,1,10,6,0,1,5,4,7,3,True,False,0,E,7,E,6,G#,4,B,7,F#,4,G#
Eadd9,x.7.x.x.7.4,1,1,11,3,3,0,3,4,7,3,True,False,x,,7,E,x,,x,,7,F#,4,G#
Eadd9,x.x.x.11.9.12,1,1,12,3,3,0,3,9,12,3,True,False,x,,x,,x,,11,F#,9,G#,12,E
Eadd9-,0.2.3.1.0.0,3,2,1,6,0,3,3,1,3,2,True,False,0,E,2,B,3,F,1,G#,0,B,0,E
Eadd9-,0.x.x.1.0.1,1,1,2,4,2,2,2,1,1,0,True,False,0,E,x,,x,,1,G#,0,B,1,F
Eadd9-,0.x.9.10.12.x,1,1,3,4,2,1,3,9,12,3,True,True,0,E,x,,9,B,10,F,12,B,x,
Eadd9/G#,4.x.4.4.0.0,3,1,1,5,1,2,3,4,4,0,True,False,4,G#,x,,4,F#,4,B,0,B,0,E
Eaug,0.3.2.1.1.0,13,3,1,6,0,2,4,1,3,2,True,False,0,E,3,C,2,E,1,G#,1,C,0,E
Eaug,4.7.6.5.x.x,3,2,2,4,2,0,4,4,7,3,True,False,4,G#,7,E,6,G#,5,C,x,,x,
Eaug,0.x.2.1.1.0,2,1,3,5,1,2,3,1,2,1,True,False,0,E,x,,2,E,1,G#,1,C,0,E
Eaug,x.x.2.1.1.x,1,1,4,3,3,0,3,1,2,1,True,False,x,,x,,2,E,1,G#,1,C,x,
Eaug,x.7.6.5.x.x,1,1,5,3,3,0,3,5,7,2,True,False,x,,7,E,6,G#,5,C,x,,x,
Eaug,12.15.14.13.x.x,1,1,6,4,2,0,4,12,15,3,True,False,12,E,15,C,14,E,13,G#,x,,x,
Eb,x.6.5.3.4.3,121,11,1,5,1,0,5,3,6,3,True,False,x,,6,D#,5,G,3,A#,4,D#,3,G
Eb,x.x.1.3.4.3,94,7,2,4,2,0,4,1,4,3,True,False,x,,x,,1,D#,3,A#,4,D#,3,G
Eb,x.6.8.8.8.x,74,13,3,4,2,0,4,6,8,2,True,False,x,,6,D#,8,A#,8,D#,8,G,x,
Eb,x.6.8.8.8.6,66,15,4,5,1,0,5,6,8,2,True,False,x,,6,D#,8,A#,8,D#,8,G,6,A#
Eb,x.x.5.3.4.3,38,1,5,4,2,0,4,3,5,2,True,False,x,,x,,5,G,3,A#,4,D#,3,G
Eb,x.x.x.8.8.6,25,2,6,3,3,0,3,6,8,2,True,False,x,,x,,x,,8,D#,8,G,6,A#
Eb,x.1.1.0.4.3,24,1,7,5,1,1,4,1,4,3,True,False,x,,1,A#,1,D#,0,G,4,D#,3,G
Eb,x.x.x.3.4.3,21,4,8,3,3,0,3,3,4,1,True,False,x,,x,,x,,3,A#,4,D#,3,G
Eb,x.1.1.0.x.x,19,2,9,3,3,1,2,1,1,0,True,False,x,,1,A#,1,D#,0,G,x,,x,
Eb,x.6.5.x.x.x,17,1,10,2,4,0,2,5,6,1,True,False,x,,6,D#,5,G,x,,x,,x,
Eb,x.6.5.3.x.x,9,1,11,3,3,0,3,3,6,3,True,False,x,,6,D#,5,G,3,A#,x,,x,
Eb,x.x.13.12.11.11,6,1,12,4,2,0,4,11,13,2,True,False,x,,x,,13,D#,12,G,11,A#,11,D#
Eb,4.x.x.x.x.x,5,1,13,1,5,0,1,4,4,0,True,False,4,G#,x,,x,,x,,x,,x,
Eb,0.2.2.1.0.0,5,1,14,6,0,3,3,1,2,1,True,False,0,E,2,B,2,E,1,G#,0,B,0,E
Eb,3.x.x.3.4.3,5,1,15,4,2,0,4,3,4,1,True,False,3,G,x,,x,,3,A#,4,D#,3,G
Eb,x.6.5.3.4.x,5,2,16,4,2,0,4,3,6,3,True,False,x,,6,D#,5,G,3,A#,4,D#,x,
Eb,0.3.2.0.3.0,4,1,17,6,0,3,3,2,3,1,True,False,0,E,3,C,2,E,0,G,3,D,0,E
Eb,6.6.5.0.x.x,2,1,18,4,2,1,3,5,6,1,True,False,6,A#,6,D#,5,G,0,G,x,,x,
Eb,3.1.1.0.x.x,2,1,19,4,2,1,3,1,3,2,True,False,3,G,1,A#,1,D#,0,G,x,,x,
Eb,11.13.13.12.11.11,2,2,20,6,0,0,6,11,13,2,True,False,11,D#,13,A#,13,D#,12,G,11,A#,11,D#
Eb,1.1.1.0.4.x,2,1,21,5,1,1,4,1,4,3,True,False,1,F,1,A#,1,D#,0,G,4,D#,x,
Eb,3.x.1.3.4.x,2,1,22,4,2,0,4,1,4,3,True,False,3,G,x,,1,D#,3,A#,4,D#,x,
Eb,x.x.1.x.x.x,1,1,23,1,5,0,1,1,1,0,True,False,x,,x,,1,D#,x,,x,,x,
Eb,4.4.4.3.x.x,1,1,24,4,2,0,4,3,4,1,True,False,4,G#,4,C#,4,F#,3,A#,x,,x,
Eb,11.13.13.x.x.x,1,1,25,3,3,0,3,11,13,2,True,False,11,D#,13,A#,13,D#,x,,x,,x,
Eb,x.1.1.3.4.x,1,1,26,4,2,0,4,1,4,3,True,False,x,,1,A#,1,D#,3,A#,4,D#,x,
Eb,6.6.5.x.8.6,1,1,27,5,1,0,5,5,8,3,True,False,6,A#,6,D#,5,G,x,,8,G,6,A#
Eb (Bb),x.1.3.3.3.1,20,1,1,5,1,0,5,1,3,2,True,False,x,,1,A#,3,F,3,A#,3,D,1,F
Eb (normal tune),x.6.8.8.8.6,2,1,1,5,1,0,5,6,8,2,True,False,x,,6,D#,8,A#,8,D#,8,G,6,A#
Eb/Bb,6.6.8.8.8.x,6,1,1,5,1,0,5,6,8,2,True,False,6,A#,6,D#,8,A#,8,D#,8,G,x,
Eb/Bb,x.x.5.3.4.x,2,1,2,3,3,0,3,3,5,2,True,False,x,,x,,5,G,3,A#,4,D#,x,
Eb/Bb,6.6.8.8.8.6,2,1,3,6,0,0,6,6,8,2,True,False,6,A#,6,D#,8,A#,8,D#,8,G,6,A#
Eb/Bb,x.x.x.3.x.x,1,1,4,1,5,0,1,3,3,0,True,False,x,,x,,x,,3,A#,x,,x,
Eb/C,8.x.x.8.8.6,4,1,1,4,2,0,4,6,8,2,True,False,8,C,x,,x,,8,D#,8,G,6,A#
Eb/F,x.x.3.3.4.x,1,1,1,3,3,0,3,3,4,1,True,False,x,,x,,3,F,3,A#,4,D#,x,
Eb/G,3.x.1.3.4.x,4,1,1,4,2,0,4,1,4,3,True,False,3,G,x,,1,D#,3,A#,4,D#,x,
Eb/G,3.6.5.3.4.3,4,1,2,6,0,0,6,3,6,3,True,False,3,G,6,D#,5,G,3,A#,4,D#,3,G
Eb13M,11.10.10.10.11.10,1,1,1,6,0,0,6,10,11,1,True,False,11,D#,10,G,10,C,10,F,11,A#,10,D
Eb5,x.6.8.8.x.x,9,7,1,3,3,0,3,6,8,2,True,False,x,,6,D#,8,A#,8,D#,x,,x,
Eb5,x.x.1.3.4.x,2,1,2,3,3,0,3,1,4,3,True,False,x,,x,,1,D#,3,A#,4,D#,x,
Eb5/G,x.x.5.3.4.x,1,1,1,3,3,0,3,3,5,2,True,False,x,,x,,5,G,3,A#,4,D#,x,
Eb6,x.x.1.3.1.3,3,2,1,4,2,0,4,1,3,2,True,False,x,,x,,1,D#,3,A#,1,C,3,G
Eb6,x.1.1.0.1.3,2,1,2,5,1,1,4,1,3,2,True,False,x,,1,A#,1,D#,0,G,1,C,3,G
Eb6,x.6.5.5.4.x,2,1,3,4,2,0,4,4,6,2,True,False,x,,6,D#,5,G,5,C,4,D#,x,
Eb6,x.6.10.x.x.x,2,1,4,2,4,0,2,6,10,4,True,False,x,,6,D#,10,C,x,,x,,x,
Eb6,x.6.8.5.8.x,1,1,5,4,2,0,4,5,8,3,True,False,x,,6,D#,8,A#,5,C,8,G,x,
Eb6/Bb,6.4.5.5.4.x,1,1,1,5,1,0,5,4,6,2,True,False,6,A#,4,C#,5,G,5,C,4,D#,x,
Eb6add9/5-,x.6.5.5.6.5,3,1,1,5,1,0,5,5,6,1,True,False,x,,6,D#,5,G,5,C,6,F,5,A
Eb7,x.x.1.3.2.3,18,9,1,4,2,0,4,1,3,2,True,False,x,,x,,1,D#,3,A#,2,C#,3,G
Eb7,6.6.8.6.8.6,14,2,2,6,0,0,6,6,8,2,True,False,6,A#,6,D#,8,A#,6,C#,8,G,6,A#
Eb7,x.6.5.6.4.x,4,1,3,4,2,0,4,4,6,2,True,False,x,,6,D#,5,G,6,C#,4,D#,x,
Eb7,0.2.0.1.0.0,2,1,4,6,0,4,2,1,2,1,True,False,0,E,2,B,0,D,1,G#,0,B,0,E
Eb7,x.x.8.8.8.9,1,1,5,4,2,0,4,8,9,1,True,False,x,,x,,8,A#,8,D#,8,G,9,C#
Eb7,x.x.5.6.4.6,1,1,6,4,2,0,4,4,6,2,True,False,x,,x,,5,G,6,C#,4,D#,6,A#
Eb7,x.6.8.6.8.x,1,1,7,4,2,0,4,6,8,2,True,False,x,,6,D#,8,A#,6,C#,8,G,x,
Eb7#9,x.x.1.0.2.2,4,1,1,4,2,1,3,1,2,1,True,False,x,,x,,1,D#,0,G,2,C#,2,F#
Eb7/5+,x.6.x.6.8.7,1,1,1,4,2,0,4,6,8,2,True,False,x,,6,D#,x,,6,C#,8,G,7,B
Eb7M,x.x.1.3.3.3,32,12,1,4,2,0,4,1,3,2,True,False,x,,x,,1,D#,3,A#,3,D,3,G
Eb7M,x.6.8.7.8.6,4,2,2,5,1,0,5,6,8,2,True,False,x,,6,D#,8,A#,7,D,8,G,6,A#
Eb7M,x.6.8.7.8.x,3,2,3,4,2,0,4,6,8,2,True,False,x,,6,D#,8,A#,7,D,8,G,x,
Eb7M,x.6.0.3.3.3,3,1,4,5,1,1,4,3,6,3,True,False,x,,6,D#,0,D,3,A#,3,D,3,G
Eb7M,x.6.5.7.x.x,2,1,5,3,3,0,3,5,7,2,True,False,x,,6,D#,5,G,7,D,x,,x,
Eb7M,x.6.5.3.3.3,2,2,6,5,1,0,5,3,6,3,True,False,x,,6,D#,5,G,3,A#,3,D,3,G
Eb7M,3.x.1.3.3.x,1,1,7,4,2,0,4,1,3,2,True,False,3,G,x,,1,D#,3,A#,3,D,x,
Eb7M,x.6.5.7.8.x,1,1,8,4,2,0,4,5,8,3,True,False,x,,6,D#,5,G,7,D,8,G,x,
Eb7sus2/5-,x.6.x.6.6.5,1,1,1,4,2,0,4,5,6,1,True,False,x,,6,D#,x,,6,C#,6,F,5,A
Eb7sus4,x.x.1.3.2.4,2,1,1,4,2,0,4,1,4,3,True,False,x,,x,,1,D#,3,A#,2,C#,4,G#
Eb9,x.6.5.6.6.6,30,9,1,5,1,0,5,5,6,1,True,False,x,,6,D#,5,G,6,C#,6,F,6,A#
Eb9,x.6.5.6.6.x,9,4,2,4,2,0,4,5,6,1,True,False,x,,6,D#,5,G,6,C#,6,F,x,
Eb9,x.6.x.x.x.x,1,1,3,1,5,0,1,6,6,0,True,False,x,,6,D#,x,,x,,x,,x,
Eb9,6.6.5.6.6.x,1,1,4,5,1,0,5,5,6,1,True,False,6,A#,6,D#,5,G,6,C#,6,F,x,
Eb9+/5-,x.6.5.6.7.5,1,1,1,5,1,0,5,5,7,2,True,False,x,,6,D#,5,G,6,C#,7,F#,5,A
Ebdim,x.x.1.2.1.2,5,2,1,4,2,0,4,1,2,1,True,False,x,,x,,1,D#,2,A,1,C,2,F#
Ebdim (Bbdim),x.x.2.3.2.3,30,1,1,4,2,0,4,2,3,1,True,False,x,,x,,2,E,3,A#,2,C#,3,G
Ebdim/A,5.x.4.5.4.x,1,1,1,4,2,0,4,4,5,1,True,False,5,A,x,,4,F#,5,C,4,D#,x,
Ebm,x.x.1.3.4.2,12,3,1,4,2,0,4,1,4,3,True,False,x,,x,,1,D#,3,A#,4,D#,2,F#
Ebm,x.x.4.3.4.2,4,1,2,4,2,0,4,2,4,2,True,False,x,,x,,4,F#,3,A#,4,D#,2,F#
Ebm,6.6.8.8.7.6,2,1,3,6,0,0,6,6,8,2,True,False,6,A#,6,D#,8,A#,8,D#,7,F#,6,A#
Ebm,x.6.8.8.7.6,2,1,4,5,1,0,5,6,8,2,True,False,x,,6,D#,8,A#,8,D#,7,F#,6,A#
Ebm,0.2.2.0.0.0,1,1,5,6,0,4,2,2,2,0,True,False,0,E,2,B,2,E,0,G,0,B,0,E
Ebm/5-,x.x.x.2.4.2,1,1,1,3,3,0,3,2,4,2,True,False,x,,x,,x,,2,A,4,D#,2,F#
Ebm/Bb,6.x.8.8.7.x,3,1,1,4,2,0,4,6,8,2,True,False,6,A#,x,,8,A#,8,D#,7,F#,x,
Ebm/D,x.x.0.3.4.2,2,1,1,4,2,1,3,2,4,2,True,False,x,,x,,0,D,3,A#,4,D#,2,F#
Ebm/Db,x.4.4.3.4.x,2,1,1,4,2,0,4,3,4,1,True,False,x,,4,C#,4,F#,3,A#,4,D#,x,
Ebm11,x.6.8.6.9.x,1,1,1,4,2,0,4,6,9,3,True,False,x,,6,D#,8,A#,6,C#,9,G#,x,
EbM13,11.10.10.10.11.10,1,1,1,6,0,0,6,10,11,1,True,False,11,D#,10,G,10,C,10,F,11,A#,10,D
Ebm6,x.x.1.3.1.2,2,1,1,4,2,0,4,1,3,2,True,False,x,,x,,1,D#,3,A#,1,C,2,F#
Ebm6/Bb,6.x.4.5.4.x,2,1,1,4,2,0,4,4,6,2,True,False,6,A#,x,,4,F#,5,C,4,D#,x,
Ebm7,x.x.1.3.2.2,10,4,1,4,2,0,4,1,3,2,True,False,x,,x,,1,D#,3,A#,2,C#,2,F#
Ebm7,x.6.x.6.7.6,4,3,2,4,2,0,4,6,7,1,True,False,x,,6,D#,x,,6,C#,7,F#,6,A#
Ebm7,x.x.x.8.7.6,4,1,3,3,3,0,3,6,8,2,True,False,x,,x,,x,,8,D#,7,F#,6,A#
Ebm7,x.6.x.x.x.x,1,1,4,1,5,0,1,6,6,0,True,False,x,,6,D#,x,,x,,x,,x,
Ebm7,x.6.8.6.7.6,1,1,5,5,1,0,5,6,8,2,True,False,x,,6,D#,8,A#,6,C#,7,F#,6,A#
Ebm7/5-,2.x.1.2.2.x,1,1,1,4,2,0,4,1,2,1,True,False,2,F#,x,,1,D#,2,A,2,C#,x,
Ebm7/5-,x.6.7.6.7.x,1,1,2,4,2,0,4,6,7,1,True,False,x,,6,D#,7,A,6,C#,7,F#,x,
Ebm9,x.6.4.6.6.6,6,3,1,5,1,0,5,4,6,2,True,False,x,,6,D#,4,F#,6,C#,6,F,6,A#
Ebm9,x.6.4.6.6.x,1,1,2,4,2,0,4,4,6,2,True,False,x,,6,D#,4,F#,6,C#,6,F,x,
Ebmadd9,x.6.8.10.7.6,1,1,1,5,1,0,5,6,10,4,True,False,x,,6,D#,8,A#,10,F,7,F#,6,A#
Ebmaj7,x.6.8.7.8.x,16,1,1,4,2,0,4,6,8,2,True,False,x,,6,D#,8,A#,7,D,8,G,x,
Ebmaj7,x.6.x.3.3.3,1,1,2,4,2,0,4,3,6,3,True,False,x,,6,D#,x,,3,A#,3,D,3,G
Ebmaj7,x.6.5.7.8.x,1,1,3,4,2,0,4,5,8,3,True,False,x,,6,D#,5,G,7,D,8,G,x,
Ebsus2,x.6.8.8.6.6,6,4,1,5,1,0,5,6,8,2,True,False,x,,6,D#,8,A#,8,D#,6,F,6,A#
Ebsus2,x.6.8.8.6.x,4,1,2,4,2,0,4,6,8,2,True,False,x,,6,D#,8,A#,8,D#,6,F,x,
Ebsus4,x.x.x.3.4.4,7,1,1,3,3,0,3,3,4,1,True,False,x,,x,,x,,3,A#,4,D#,4,G#
Ebsus4,x.x.1.3.4.4,2,1,2,4,2,0,4,1,4,3,True,False,x,,x,,1,D#,3,A#,4,D#,4,G#
Ebsus4,x.6.8.8.9.x,2,1,3,4,2,0,4,6,9,3,True,False,x,,6,D#,8,A#,8,D#,9,G#,x,
Ebsus4/Db,x.4.6.3.4.x,1,1,1,4,2,0,4,3,6,3,True,False,x,,4,C#,6,G#,3,A#,4,D#,x,
ec,0.3.2.0.0.0,1,1,1,6,0,4,2,2,3,1,True,False,0,E,3,C,2,E,0,G,0,B,0,E
Edim,x.x.2.3.2.3,3,3,1,4,2,0,4,2,3,1,True,False,x,,x,,2,E,3,A#,2,C#,3,G
Edim,x.1.2.0.2.x,1,1,2,4,2,1,3,1,2,1,True,False,x,,1,A#,2,E,0,G,2,C#,x,
Edim,0.x.5.6.x.6,1,1,3,4,2,1,3,5,6,1,True,False,0,E,x,,5,G,6,C#,x,,6,A#
Edim,x.x.8.9.8.9,1,1,4,4,2,0,4,8,9,1,True,False,x,,x,,8,A#,9,E,8,G,9,C#
Edim,0.x.x.6.8.6,1,1,5,4,2,1,3,6,8,2,True,True,0,E,x,,x,,6,C#,8,G,6,A#
Edim,6.7.8.6.8.6,1,1,6,6,0,0,6,6,8,2,True,False,6,A#,7,E,8,A#,6,C#,8,G,6,A#
Edim/B,0.7.9.9.7.7,1,1,1,6,0,1,5,7,9,2,True,True,0,E,7,E,9,B,9,E,7,F#,7,B
Edim7,x.7.8.6.8.x,1,1,1,4,2,0,4,6,8,2,True,False,x,,7,E,8,A#,6,C#,8,G,x,
Em,0.2.2.0.0.0,4268,484,1,6,0,4,2,2,2,0,True,False,0,E,2,B,2,E,0,G,0,B,0,E
Em,x.7.9.9.8.7,191,31,2,5,1,0,5,7,9,2,True,False,x,,7,E,9,B,9,E,8,G,7,B
Em,0.7.9.9.8.7,118,19,3,6,0,1,5,7,9,2,True,True,0,E,7,E,9,B,9,E,8,G,7,B
Em,7.7.9.9.8.7,99,12,4,6,0,0,6,7,9,2,True,False,7,B,7,E,9,B,9,E,8,G,7,B
Em,0.2.2.0.x.x,70,21,5,4,2,2,2,2,2,0,True,False,0,E,2,B,2,E,0,G,x,,x,
Em,0.2.2.0.0.3,66,16,6,6,0,3,3,2,3,1,True,False,0,E,2,B,2,E,0,G,0,B,3,G
Em,x.x.9.9.8.7,64,6,7,4,2,0,4,7,9,2,True,False,x,,x,,9,B,9,E,8,G,7,B
Em,0.2.2.0.0.x,60,16,8,5,1,3,2,2,2,0,True,False,0,E,2,B,2,E,0,G,0,B,x,
Em,0.x.5.4.5.3,60,4,9,5,1,1,4,3,5,2,True,False,0,E,x,,5,G,4,B,5,E,3,G
Em,x.x.x.9.8.7,57,7,10,3,3,0,3,7,9,2,True,False,x,,x,,x,,9,E,8,G,7,B
Em,0.x.2.x.0.3,54,4,11,4,2,2,2,2,3,1,True,False,0,E,x,,2,E,x,,0,B,3,G
Em,x.x.x.0.0.0,45,4,12,3,3,3,0,0,0,0,True,False,x,,x,,x,,0,G,0,B,0,E
Em,x.x.2.0.0.0,41,12,13,4,2,3,1,2,2,0,True,False,x,,x,,2,E,0,G,0,B,0,E
Em,x.x.2.0.0.3,40,7,14,4,2,2,2,2,3,1,True,False,x,,x,,2,E,0,G,0,B,3,G
Em,x.x.2.0.0.x,39,8,15,3,3,2,1,2,2,0,True,False,x,,x,,2,E,0,G,0,B,x,
Em,0.7.9.9.8.0,36,1,16,6,0,2,4,7,9,2,True,True,0,E,7,E,9,B,9,E,8,G,0,E
Em,x.2.2.0.0.0,35,10,17,5,1,3,2,2,2,0,True,False,x,,2,B,2,E,0,G,0,B,0,E
Em,0.x.2.x.x.3,24,3,18,3,3,1,2,2,3,1,True,False,0,E,x,,2,E,x,,x,,3,G
Em,x.7.9.9.8.x,24,7,19,4,2,0,4,7,9,2,True,False,x,,7,E,9,B,9,E,8,G,x,
Em,0.x.x.0.0.0,23,10,20,4,2,4,0,0,0,0,True,False,0,E,x,,x,,0,G,0,B,0,E
Em,0.x.2.0.0.x,17,5,21,4,2,3,1,2,2,0,True,False,0,E,x,,2,E,0,G,0,B,x,
Em,x.2.2.0.0.x,17,5,22,4,2,2,2,2,2,0,True,False,x,,2,B,2,E,0,G,0,B,x,
Em,x.x.14.12.12.12,17,1,23,4,2,0,4,12,14,2,True,False,x,,x,,14,E,12,G,12,B,12,E
Em,x.x.x.4.5.3,14,7,24,3,3,0,3,3,5,2,True,False,x,,x,,x,,4,B,5,E,3,G
Em,x.2.2.0.x.x,13,4,25,3,3,1,2,2,2,0,True,False,x,,2,B,2,E,0,G,x,,x,
Em,2.0.0.0.x.x,12,1,26,4,2,3,1,2,2,0,True,False,2,F#,0,A,0,D,0,G,x,,x,
Em,x.x.2.x.x.3,11,3,27,2,4,0,2,2,3,1,True,False,x,,x,,2,E,x,,x,,3,G
Em,0.2.2.4.5.3,11,3,28,6,0,1,5,2,5,3,True,False,0,E,2,B,2,E,4,B,5,E,3,G
Em,0.x.x.x.x.3,9,2,29,2,4,1,1,3,3,0,True,False,0,E,x,,x,,x,,x,,3,G
Em,x.x.5.4.5.3,9,4,30,4,2,0,4,3,5,2,True,False,x,,x,,5,G,4,B,5,E,3,G
Em,x.2.x.0.x.0,8,1,31,3,3,2,1,2,2,0,True,False,x,,2,B,x,,0,G,x,,0,E
Em,0.2.2.x.x.3,8,2,32,4,2,1,3,2,3,1,True,False,0,E,2,B,2,E,x,,x,,3,G
Em,3.2.2.0.0.0,8,3,33,6,0,3,3,2,3,1,True,False,3,G,2,B,2,E,0,G,0,B,0,E
Em,0.x.x.9.8.7,8,3,34,4,2,1,3,7,9,2,True,True,0,E,x,,x,,9,E,8,G,7,B
Em,3.x.2.4.5.x,8,1,35,4,2,0,4,2,5,3,True,False,3,G,x,,2,E,4,B,5,E,x,
Em,0.x.x.0.0.3,6,3,36,4,2,3,1,3,3,0,True,False,0,E,x,,x,,0,G,0,B,3,G
Em,x.2.2.0.0.3,6,3,37,5,1,2,3,2,3,1,True,False,x,,2,B,2,E,0,G,0,B,3,G
Em,3.x.2.4.0.0,6,1,38,5,1,2,3,2,4,2,True,False,3,G,x,,2,E,4,B,0,B,0,E
Em,7.x.9.9.8.7,6,1,39,5,1,0,5,7,9,2,True,False,7,B,x,,9,B,9,E,8,G,7,B
Em,x.x.2.x.0.3,5,5,40,3,3,1,2,2,3,1,True,False,x,,x,,2,E,x,,0,B,3,G
Em,x.x.9.9.8.x,5,2,41,3,3,0,3,8,9,1,True,False,x,,x,,9,B,9,E,8,G,x,
Em,0.2.x.0.0.0,4,1,42,5,1,4,1,2,2,0,True,False,0,E,2,B,x,,0,G,0,B,0,E
Em,x.x.5.x.5.x,4,1,43,2,4,0,2,5,5,0,True,False,x,,x,,5,G,x,,5,E,x,
Em,x.2.2.x.0.3,4,1,44,4,2,1,3,2,3,1,True,False,x,,2,B,2,E,x,,0,B,3,G
Em,3.x.x.4.5.x,4,1,45,3,3,0,3,3,5,2,True,False,3,G,x,,x,,4,B,5,E,x,
Em,0.7.5.4.x.x,4,1,46,4,2,1,3,4,7,3,True,False,0,E,7,E,5,G,4,B,x,,x,
Em,0.x.x.12.12.15,4,2,47,4,2,1,3,12,15,3,True,True,0,E,x,,x,,12,G,12,B,15,G
Em,x.x.2.0.x.x,3,1,48,2,4,1,1,2,2,0,True,False,x,,x,,2,E,0,G,x,,x,
Em,0.2.5.4.0.0,3,1,49,6,0,3,3,2,5,3,True,False,0,E,2,B,5,G,4,B,0,B,0,E
Em,x.x.2.4.5.3,3,2,50,4,2,0,4,2,5,3,True,False,x,,x,,2,E,4,B,5,E,3,G
Em,x.x.x.0.x.0,2,1,51,2,4,2,0,0,0,0,True,False,x,,x,,x,,0,G,x,,0,E
Em,0.x.2.0.0.0,2,1,52,5,1,4,1,2,2,0,True,False,0,E,x,,2,E,0,G,0,B,0,E
Em,2.x.2.0.0.0,2,1,53,5,1,3,2,2,2,0,True,False,2,F#,x,,2,E,0,G,0,B,0,E
Em,x.2.x.0.0.0,2,1,54,4,2,3,1,2,2,0,True,False,x,,2,B,x,,0,G,0,B,0,E
Em,x.x.x.0.8.0,2,1,55,3,3,2,1,8,8,0,True,True,x,,x,,x,,0,G,8,G,0,E
Em,x.x.x.12.12.12,2,2,56,3,3,0,3,12,12,0,True,False,x,,x,,x,,12,G,12,B,12,E
Em,3.2.2.x.x.x,2,1,57,3,3,0,3,2,3,1,True,False,3,G,2,B,2,E,x,,x,,x,
Em,x.x.5.4.5.x,2,1,58,3,3,0,3,4,5,1,True,False,x,,x,,5,G,4,B,5,E,x,
Em,x.x.0.0.5.3,2,1,59,4,2,2,2,3,5,2,True,False,x,,x,,0,D,0,G,5,E,3,G
Em,x.7.x.9.8.7,2,1,60,4,2,0,4,7,9,2,True,False,x,,7,E,x,,9,E,8,G,7,B
Em,x.2.2.4.5.3,2,1,61,5,1,0,5,2,5,3,True,False,x,,2,B,2,E,4,B,5,E,3,G
Em,x.2.5.4.5.0,2,1,62,5,1,1,4,2,5,3,True,False,x,,2,B,5,G,4,B,5,E,0,E
Em,x.7.5.4.x.x,2,1,63,3,3,0,3,4,7,3,True,False,x,,7,E,5,G,4,B,x,,x,
Em,5.7.9.5.8.x,2,1,64,5,1,0,5,5,9,4,True,False,5,A,7,E,9,B,5,C,8,G,x,
Em,0.x.x.0.0.x,1,1,65,3,3,3,0,0,0,0,True,False,0,E,x,,x,,0,G,0,B,x,
Em,0.x.x.0.x.x,1,1,66,2,4,2,0,0,0,0,True,False,0,E,x,,x,,0,G,x,,x,
Em,0.x.x.x.x.x,1,1,67,1,5,1,0,0,0,0,True,False,0,E,x,,x,,x,,x,,x,
Em,0.2.2.x.x.x,1,1,68,3,3,1,2,2,2,0,True,False,0,E,2,B,2,E,x,,x,,x,
Em,0.x.2.0.x.0,1,1,69,4,2,3,1,2,2,0,True,False,0,E,x,,2,E,0,G,x,,0,E
Em,2.2.x.0.0.0,1,1,70,5,1,3,2,2,2,0,True,False,2,F#,2,B,x,,0,G,0,B,0,E
Em,2.x.x.0.0.0,1,1,71,4,2,3,1,2,2,0,True,False,2,F#,x,,x,,0,G,0,B,0,E
Em,x.2.2.x.x.x,1,1,72,2,4,0,2,2,2,0,True,False,x,,2,B,2,E,x,,x,,x,
Em,0.x.x.x.0.3,1,1,73,3,3,2,1,3,3,0,True,False,0,E,x,,x,,x,,0,B,3,G
Em,3.x.x.0.0.0,1,1,74,4,2,3,1,3,3,0,True,False,3,G,x,,x,,0,G,0,B,0,E
Em,x.x.5.0.5.x,1,1,75,3,3,1,2,5,5,0,True,False,x,,x,,5,G,0,G,5,E,x,
Em,0.x.x.12.12.12,1,1,76,4,2,1,3,12,12,0,True,True,0,E,x,,x,,12,G,12,B,12,E
Em,0.x.2.0.0.3,1,1,77,5,1,3,2,2,3,1,True,False,0,E,x,,2,E,0,G,0,B,3,G
Em,0.x.x.0.2.3,1,1,78,4,2,2,2,2,3,1,True,False,0,E,x,,x,,0,G,2,C#,3,G
Em,2.x.2.x.0.3,1,1,79,4,2,1,3,2,3,1,True,False,2,F#,x,,2,E,x,,0,B,3,G
Em,3.x.2.0.0.x,1,1,80,4,2,2,2,2,3,1,True,False,3,G,x,,2,E,0,G,0,B,x,
Em,3.x.2.0.x.0,1,1,81,4,2,2,2,2,3,1,True,False,3,G,x,,2,E,0,G,x,,0,E
Em,7.x.x.x.8.0,1,1,82,3,3,1,2,7,8,1,True,True,7,B,x,,x,,x,,8,G,0,E
Em,x.7.x.0.8.x,1,1,83,3,3,1,2,7,8,1,True,True,x,,7,E,x,,0,G,8,G,x,
Em,x.7.x.x.8.x,1,1,84,2,4,0,2,7,8,1,True,False,x,,7,E,x,,x,,8,G,x,
Em,x.x.0.9.8.x,1,1,85,3,3,1,2,8,9,1,True,True,x,,x,,0,D,9,E,8,G,x,
Em,x.x.2.4.x.3,1,1,86,3,3,0,3,2,4,2,True,False,x,,x,,2,E,4,B,x,,3,G
Em,0.x.x.0.5.3,1,1,87,4,2,2,2,3,5,2,True,False,0,E,x,,x,,0,G,5,E,3,G
Em,3.x.5.4.5.x,1,1,88,4,2,0,4,3,5,2,True,False,3,G,x,,5,G,4,B,5,E,x,
Em,x.x.0.x.5.3,1,1,89,3,3,1,2,3,5,2,True,False,x,,x,,0,D,x,,5,E,3,G
Em,7.7.5.0.0.0,1,1,90,6,0,3,3,5,7,2,True,False,7,B,7,E,5,G,0,G,0,B,0,E
Em,0.7.9.0.0.0,1,1,91,6,0,4,2,7,9,2,True,True,0,E,7,E,9,B,0,G,0,B,0,E
Em,0.x.9.9.8.7,1,1,92,5,1,1,4,7,9,2,True,True,0,E,x,,9,B,9,E,8,G,7,B
Em,7.7.9.9.8.x,1,1,93,5,1,0,5,7,9,2,True,False,7,B,7,E,9,B,9,E,8,G,x,
Em,x.7.9.7.8.7,1,1,94,5,1,0,5,7,9,2,True,False,x,,7,E,9,B,7,D,8,G,7,B
Em,x.7.9.x.8.x,1,1,95,3,3,0,3,7,9,2,True,False,x,,7,E,9,B,x,,8,G,x,
Em,x.7.x.9.8.x,1,1,96,3,3,0,3,7,9,2,True,False,x,,7,E,x,,9,E,8,G,x,
Em,0.2.2.0.5.3,1,1,97,6,0,2,4,2,5,3,True,False,0,E,2,B,2,E,0,G,5,E,3,G
Em,0.2.5.0.0.0,1,1,98,6,0,4,2,2,5,3,True,False,0,E,2,B,5,G,0,G,0,B,0,E
Em,0.x.5.4.5.7,1,1,99,5,1,1,4,4,7,3,True,False,0,E,x,,5,G,4,B,5,E,7,B
Em,x.x.9.12.12.12,1,1,100,4,2,0,4,9,12,3,True,False,x,,x,,9,B,12,G,12,B,12,E
Em/5+,x.3.2.0.1.3,2,1,1,5,1,1,4,1,3,2,True,False,x,,3,C,2,E,0,G,1,C,3,G
Em/5+,x.x.10.9.8.0,2,1,2,4,2,1,3,8,10,2,True,True,x,,x,,10,C,9,E,8,G,0,E
Em/5+,0.x.x.0.1.x,1,1,3,3,3,2,1,1,1,0,True,False,0,E,x,,x,,0,G,1,C,x,
Em/5+,3.x.2.x.1.x,1,1,4,3,3,0,3,1,3,2,True,False,3,G,x,,2,E,x,,1,C,x,
Em/5+,x.3.x.5.5.3,1,1,5,4,2,0,4,3,5,2,True,False,x,,3,C,x,,5,C,5,E,3,G
Em/5-,x.1.2.0.x.x,8,1,1,3,3,1,2,1,2,1,True,False,x,,1,A#,2,E,0,G,x,,x,
Em/5-,0.x.2.3.x.3,4,2,2,4,2,1,3,2,3,1,True,False,0,E,x,,2,E,3,A#,x,,3,G
Em/5-,x.7.8.9.8.0,4,1,3,5,1,1,4,7,9,2,True,True,x,,7,E,8,A#,9,E,8,G,0,E
Em/5-,x.x.5.3.5.x,2,1,4,3,3,0,3,3,5,2,True,False,x,,x,,5,G,3,A#,5,E,x,
Em/5-,x.7.8.9.8.x,2,1,5,4,2,0,4,7,9,2,True,False,x,,7,E,8,A#,9,E,8,G,x,
Em/5-,x.x.x.9.8.6,2,1,6,3,3,0,3,6,9,3,True,False,x,,x,,x,,9,E,8,G,6,A#
Em/5-,x.x.8.0.x.0,1,1,7,3,3,2,1,8,8,0,True,True,x,,x,,8,A#,0,G,x,,0,E
Em/5-,5.x.5.3.5.x,1,1,8,4,2,0,4,3,5,2,True,False,5,A,x,,5,G,3,A#,5,E,x,
Em/A,x.0.2.0.0.0,7,2,1,5,1,4,1,2,2,0,True,False,x,,0,A,2,E,0,G,0,B,0,E
Em/A,x.0.x.0.0.0,4,1,2,4,2,4,0,0,0,0,True,False,x,,0,A,x,,0,G,0,B,0,E
Em/A,x.0.9.9.8.7,1,1,3,5,1,1,4,7,9,2,True,True,x,,0,A,9,B,9,E,8,G,7,B
Em/B,x.2.2.0.0.0,8,2,1,5,1,3,2,2,2,0,True,False,x,,2,B,2,E,0,G,0,B,0,E
Em/B,0.2.2.0.1.3,4,1,2,6,0,2,4,1,3,2,True,False,0,E,2,B,2,E,0,G,1,C,3,G
Em/B,x.2.2.0.0.x,2,2,3,4,2,2,2,2,2,0,True,False,x,,2,B,2,E,0,G,0,B,x,
Em/B,x.x.9.9.8.7,2,2,4,4,2,0,4,7,9,2,True,False,x,,x,,9,B,9,E,8,G,7,B
Em/B,7.7.5.0.0.0,1,1,5,6,0,3,3,5,7,2,True,False,7,B,7,E,5,G,0,G,0,B,0,E
Em/C,x.3.2.0.0.0,6,1,1,5,1,3,2,2,3,1,True,False,x,,3,C,2,E,0,G,0,B,0,E
Em/C,x.3.2.0.0.x,3,3,2,4,2,2,2,2,3,1,True,False,x,,3,C,2,E,0,G,0,B,x,
Em/C,x.3.x.0.0.0,2,1,3,4,2,3,1,3,3,0,True,False,x,,3,C,x,,0,G,0,B,0,E
Em/C,8.x.9.9.8.x,2,1,4,4,2,0,4,8,9,1,True,False,8,C,x,,9,B,9,E,8,G,x,
Em/C,x.3.5.4.5.3,1,1,5,5,1,0,5,3,5,2,True,False,x,,3,C,5,G,4,B,5,E,3,G
Em/C,x.3.5.4.5.x,1,1,6,4,2,0,4,3,5,2,True,False,x,,3,C,5,G,4,B,5,E,x,
Em/C,8.x.x.9.8.7,1,1,7,4,2,0,4,7,9,2,True,False,8,C,x,,x,,9,E,8,G,7,B
Em/C#,x.4.2.0.0.0,3,1,1,5,1,3,2,2,4,2,True,False,x,,4,C#,2,E,0,G,0,B,0,E
Em/C#,x.4.x.0.0.0,2,1,2,4,2,3,1,4,4,0,True,False,x,,4,C#,x,,0,G,0,B,0,E
Em/C#,x.4.2.0.0.x,1,1,3,4,2,2,2,2,4,2,True,False,x,,4,C#,2,E,0,G,0,B,x,
Em/D,x.x.0.9.8.0,10,2,1,4,2,2,2,8,9,1,True,True,x,,x,,0,D,9,E,8,G,0,E
Em/D,5.5.9.5.8.5,2,1,2,6,0,0,6,5,9,4,True,False,5,A,5,D,9,B,5,C,8,G,5,A
Em/D,x.x.0.4.5.3,1,1,3,4,2,1,3,3,5,2,True,False,x,,x,,0,D,4,B,5,E,3,G
Em/F,1.2.x.0.0.0,7,1,1,5,1,3,2,1,2,1,True,False,1,F,2,B,x,,0,G,0,B,0,E
Em/F#,2.x.4.0.0.0,6,2,1,5,1,3,2,2,4,2,True,False,2,F#,x,,4,F#,0,G,0,B,0,E
Em/F#,2.2.2.0.0.0,1,1,2,6,0,3,3,2,2,0,True,False,2,F#,2,B,2,E,0,G,0,B,0,E
Em/F#,2.2.2.0.0.x,1,1,3,5,1,2,3,2,2,0,True,False,2,F#,2,B,2,E,0,G,0,B,x,
Em/F#,2.x.2.0.0.0,1,1,4,5,1,3,2,2,2,0,True,False,2,F#,x,,2,E,0,G,0,B,0,E
Em/F#,x.x.4.0.0.0,1,1,5,4,2,3,1,4,4,0,True,False,x,,x,,4,F#,0,G,0,B,0,E
Em/G,0.2.2.0.3.3,19,2,1,6,0,2,4,2,3,1,True,False,0,E,2,B,2,E,0,G,3,D,3,G
Em/G,x.x.x.0.0.0,10,1,2,3,3,3,0,0,0,0,True,False,x,,x,,x,,0,G,0,B,0,E
Em/G,3.2.2.0.0.0,10,4,3,6,0,3,3,2,3,1,True,False,3,G,2,B,2,E,0,G,0,B,0,E
Em/G,0.2.2.0.0.0,2,1,4,6,0,4,2,2,2,0,True,False,0,E,2,B,2,E,0,G,0,B,0,E
Em/G,x.x.5.4.5.3,2,1,5,4,2,0,4,3,5,2,True,False,x,,x,,5,G,4,B,5,E,3,G
Em/G,3.x.x.0.0.x,1,1,6,3,3,2,1,3,3,0,True,False,3,G,x,,x,,0,G,0,B,x,
Em/G,3.2.2.0.0.3,1,1,7,6,0,2,4,2,3,1,True,False,3,G,2,B,2,E,0,G,0,B,3,G
Em/G,3.x.2.0.0.0,1,1,8,5,1,3,2,2,3,1,True,False,3,G,x,,2,E,0,G,0,B,0,E
Em11,0.7.7.7.7.7,2,1,1,6,0,1,5,7,7,0,True,True,0,E,7,E,7,A,7,D,7,F#,7,B
Em11,0.0.4.0.3.x,2,1,2,5,1,3,2,3,4,1,True,False,0,E,0,A,4,F#,0,G,3,D,x,
Em13-,0.3.4.0.0.x,21,1,1,5,1,3,2,3,4,1,True,False,0,E,3,C,4,F#,0,G,0,B,x,
Em13-,0.3.4.0.0.0,16,1,2,6,0,4,2,3,4,1,True,False,0,E,3,C,4,F#,0,G,0,B,0,E
Em4,0.x.2.0.0.0,4,1,1,5,1,4,1,2,2,0,True,False,0,E,x,,2,E,0,G,0,B,0,E
Em6,0.2.2.0.2.0,15,7,1,6,0,3,3,2,2,0,True,False,0,E,2,B,2,E,0,G,2,C#,0,E
Em6,x.4.5.4.5.0,4,1,2,5,1,1,4,4,5,1,True,False,x,,4,C#,5,G,4,B,5,E,0,E
Em6,x.x.5.6.5.7,4,2,3,4,2,0,4,5,7,2,True,False,x,,x,,5,G,6,C#,5,E,7,B
Em6,0.4.5.4.5.x,3,1,4,5,1,1,4,4,5,1,True,False,0,E,4,C#,5,G,4,B,5,E,x,
Em6,0.2.2.0.2.x,2,2,5,5,1,2,3,2,2,0,True,False,0,E,2,B,2,E,0,G,2,C#,x,
Em6,x.2.2.0.2.0,2,2,6,5,1,2,3,2,2,0,True,False,x,,2,B,2,E,0,G,2,C#,0,E
Em6,0.7.5.6.5.x,2,1,7,5,1,1,4,5,7,2,True,False,0,E,7,E,5,G,6,C#,5,E,x,
Em6,x.x.2.0.2.0,1,1,8,4,2,2,2,2,2,0,True,False,x,,x,,2,E,0,G,2,C#,0,E
Em6,x.4.5.4.5.x,1,1,9,4,2,0,4,4,5,1,True,False,x,,4,C#,5,G,4,B,5,E,x,
Em6,0.4.2.0.0.0,1,1,10,6,0,4,2,2,4,2,True,False,0,E,4,C#,2,E,0,G,0,B,0,E
Em6/D,x.x.0.6.5.3,1,1,1,4,2,1,3,3,6,3,True,False,x,,x,,0,D,6,C#,5,E,3,G
Em6/G,x.x.5.6.0.0,1,1,1,4,2,2,2,5,6,1,True,False,x,,x,,5,G,6,C#,0,B,0,E
Em6add9,0.4.4.0.0.x,7,1,1,5,1,3,2,4,4,0,True,False,0,E,4,C#,4,F#,0,G,0,B,x,
Em6add9,0.4.4.0.0.0,3,1,2,6,0,4,2,4,4,0,True,False,0,E,4,C#,4,F#,0,G,0,B,0,E
Em6add9,0.2.2.0.2.2,2,2,3,6,0,2,4,2,2,0,True,False,0,E,2,B,2,E,0,G,2,C#,2,F#
Em6add9,0.x.4.0.2.3,1,1,4,5,1,2,3,2,4,2,True,False,0,E,x,,4,F#,0,G,2,C#,3,G
Em7,0.7.9.7.8.10,630,1,1,6,0,1,5,7,10,3,True,True,0,E,7,E,9,B,7,D,8,G,10,D
EM7,0.x.6.4.5.4,1,1,1,5,1,1,4,4,6,2,True,False,0,E,x,,6,G#,4,B,5,E,4,G#
Em7,0.2.0.0.0.0,158,35,2,6,0,5,1,2,2,0,True,False,0,E,2,B,0,D,0,G,0,B,0,E
Em7,0.2.2.0.3.0,147,20,3,6,0,3,3,2,3,1,True,False,0,E,2,B,2,E,0,G,3,D,0,E
Em7,0.2.0.0.3.0,101,16,4,6,0,4,2,2,3,1,True,False,0,E,2,B,0,D,0,G,3,D,0,E
Em7,0.2.2.0.3.3,90,11,5,6,0,2,4,2,3,1,True,False,0,E,2,B,2,E,0,G,3,D,3,G
Em7,0.7.9.7.8.7,45,8,6,6,0,1,5,7,9,2,True,True,0,E,7,E,9,B,7,D,8,G,7,B
Em7,x.2.2.0.3.0,38,5,7,5,1,2,3,2,3,1,True,False,x,,2,B,2,E,0,G,3,D,0,E
Em7,x.7.9.7.8.7,28,5,8,5,1,0,5,7,9,2,True,False,x,,7,E,9,B,7,D,8,G,7,B
Em7,0.x.2.0.3.0,26,1,9,5,1,3,2,2,3,1,True,False,0,E,x,,2,E,0,G,3,D,0,E
Em7,x.2.2.x.3.0,22,2,10,4,2,1,3,2,3,1,True,False,x,,2,B,2,E,x,,3,D,0,E
Em7,0.2.0.0.3.3,18,5,11,6,0,3,3,2,3,1,True,False,0,E,2,B,0,D,0,G,3,D,3,G
Em7,x.7.9.7.8.x,18,8,12,4,2,0,4,7,9,2,True,False,x,,7,E,9,B,7,D,8,G,x,
Em7,x.2.2.0.3.3,17,2,13,5,1,1,4,2,3,1,True,False,x,,2,B,2,E,0,G,3,D,3,G
Em7,7.7.9.7.8.7,17,5,14,6,0,0,6,7,9,2,True,False,7,B,7,E,9,B,7,D,8,G,7,B
Em7,x.2.0.0.3.0,15,2,15,5,1,3,2,2,3,1,True,False,x,,2,B,0,D,0,G,3,D,0,E
Em7,0.2.0.0.x.x,10,3,16,4,2,3,1,2,2,0,True,False,0,E,2,B,0,D,0,G,x,,x,
Em7,x.x.x.0.3.0,8,1,17,3,3,2,1,3,3,0,True,False,x,,x,,x,,0,G,3,D,0,E
Em7,0.2.2.0.3.x,8,5,18,5,1,2,3,2,3,1,True,False,0,E,2,B,2,E,0,G,3,D,x,
Em7,x.2.0.0.0.0,7,2,19,5,1,4,1,2,2,0,True,False,x,,2,B,0,D,0,G,0,B,0,E
Em7,x.x.2.4.3.3,7,5,20,4,2,0,4,2,4,2,True,False,x,,x,,2,E,4,B,3,D,3,G
Em7,x.x.0.0.0.0,4,1,21,4,2,4,0,0,0,0,True,False,x,,x,,0,D,0,G,0,B,0,E
Em7,0.5.5.7.0.0,4,1,22,6,0,3,3,5,7,2,True,False,0,E,5,D,5,G,7,D,0,B,0,E
Em7,x.x.x.9.8.7,4,1,23,3,3,0,3,7,9,2,True,False,x,,x,,x,,9,E,8,G,7,B
Em7,0.x.x.0.3.0,3,1,24,4,2,3,1,3,3,0,True,False,0,E,x,,x,,0,G,3,D,0,E
Em7,0.2.0.0.0.3,3,2,25,6,0,4,2,2,3,1,True,False,0,E,2,B,0,D,0,G,0,B,3,G
Em7,0.2.0.0.3.x,3,2,26,5,1,3,2,2,3,1,True,False,0,E,2,B,0,D,0,G,3,D,x,
Em7,x.2.2.0.3.x,3,2,27,4,2,1,3,2,3,1,True,False,x,,2,B,2,E,0,G,3,D,x,
Em7,x.x.2.0.3.0,3,3,28,4,2,2,2,2,3,1,True,False,x,,x,,2,E,0,G,3,D,0,E
Em7,x.7.5.7.8.x,3,2,29,4,2,0,4,5,8,3,True,False,x,,7,E,5,G,7,D,8,G,x,
Em7,0.2.2.0.0.3,2,1,30,6,0,3,3,2,3,1,True,False,0,E,2,B,2,E,0,G,0,B,3,G
Em7,0.x.2.0.3.x,2,2,31,4,2,2,2,2,3,1,True,False,0,E,x,,2,E,0,G,3,D,x,
Em7,2.x.2.0.3.0,2,2,32,5,1,2,3,2,3,1,True,False,2,F#,x,,2,E,0,G,3,D,0,E
Em7,x.7.x.7.8.7,2,1,33,4,2,0,4,7,8,1,True,False,x,,7,E,x,,7,D,8,G,7,B
Em7,x.x.5.4.3.0,2,1,34,4,2,1,3,3,5,2,True,False,x,,x,,5,G,4,B,3,D,0,E
Em7,0.7.9.7.8.x,2,1,35,5,1,1,4,7,9,2,True,True,0,E,7,E,9,B,7,D,8,G,x,
Em7,0.x.9.9.8.10,2,2,36,5,1,1,4,8,10,2,True,True,0,E,x,,9,B,9,E,8,G,10,D
Em7,0.10.12.12.0.0,2,1,37,6,0,3,3,10,12,2,True,True,0,E,10,G,12,D,12,G,0,B,0,E
Em7,0.7.5.7.8.0,2,2,38,6,0,2,4,5,8,3,True,False,0,E,7,E,5,G,7,D,8,G,0,E
Em7,0.7.9.x.8.10,2,1,39,5,1,1,4,7,10,3,True,True,0,E,7,E,9,B,x,,8,G,10,D
Em7,0.x.0.0.0.0,1,1,40,5,1,5,0,0,0,0,True,False,0,E,x,,0,D,0,G,0,B,0,E
Em7,0.x.0.0.0.x,1,1,41,4,2,4,0,0,0,0,True,False,0,E,x,,0,D,0,G,0,B,x,
Em7,0.2.0.0.0.x,1,1,42,5,1,4,1,2,2,0,True,False,0,E,2,B,0,D,0,G,0,B,x,
Em7,3.2.0.0.0.0,1,1,43,6,0,4,2,2,3,1,True,False,3,G,2,B,0,D,0,G,0,B,0,E
Em7,3.2.0.0.3.0,1,1,44,6,0,3,3,2,3,1,True,False,3,G,2,B,0,D,0,G,3,D,0,E
Em7,x.2.2.x.3.3,1,1,45,4,2,0,4,2,3,1,True,False,x,,2,B,2,E,x,,3,D,3,G
Em7,x.x.2.0.3.x,1,1,46,3,3,1,2,2,3,1,True,False,x,,x,,2,E,0,G,3,D,x,
Em7,0.5.5.4.5.x,1,1,47,5,1,1,4,4,5,1,True,False,0,E,5,D,5,G,4,B,5,E,x,
Em7,x.5.5.4.5.x,1,1,48,4,2,0,4,4,5,1,True,False,x,,5,D,5,G,4,B,5,E,x,
Em7,0.2.2.4.3.3,1,1,49,6,0,1,5,2,4,2,True,False,0,E,2,B,2,E,4,B,3,D,3,G
Em7,3.x.2.4.3.x,1,1,50,4,2,0,4,2,4,2,True,False,3,G,x,,2,E,4,B,3,D,x,
Em7,0.5.5.4.3.x,1,1,51,5,1,1,4,3,5,2,True,False,0,E,5,D,5,G,4,B,3,D,x,
Em7,x.x.0.4.5.3,1,1,52,4,2,1,3,3,5,2,True,False,x,,x,,0,D,4,B,5,E,3,G
Em7,0.x.5.7.5.7,1,1,53,5,1,1,4,5,7,2,True,False,0,E,x,,5,G,7,D,5,E,7,B
Em7,x.7.5.7.5.x,1,1,54,4,2,0,4,5,7,2,True,False,x,,7,E,5,G,7,D,5,E,x,
Em7,7.7.9.7.8.x,1,1,55,5,1,0,5,7,9,2,True,False,7,B,7,E,9,B,7,D,8,G,x,
Em7,x.7.0.9.8.7,1,1,56,5,1,1,4,7,9,2,True,True,x,,7,E,0,D,9,E,8,G,7,B
Em7,12.14.12.12.x.x,1,1,57,4,2,0,4,12,14,2,True,False,12,E,14,B,12,D,12,G,x,,x,
Em7,x.7.5.7.8.0,1,1,58,5,1,1,4,5,8,3,True,False,x,,7,E,5,G,7,D,8,G,0,E
Em7,x.7.9.7.8.10,1,1,59,5,1,0,5,7,10,3,True,False,x,,7,E,9,B,7,D,8,G,10,D
Em7 (on B),0.2.2.0.3.0,6,1,1,6,0,3,3,2,3,1,True,False,0,E,2,B,2,E,0,G,3,D,0,E
Em7(5-),x.x.2.3.3.3,4,1,1,4,2,0,4,2,3,1,True,False,x,,x,,2,E,3,A#,3,D,3,G
Em7/5+,8.x.5.7.5.x,1,1,1,4,2,0,4,5,8,3,True,False,8,C,x,,5,G,7,D,5,E,x,
Em7/5-,0.1.0.0.3.0,26,1,1,6,0,4,2,1,3,2,True,False,0,E,1,A#,0,D,0,G,3,D,0,E
Em7/5-,x.1.x.0.3.0,18,1,2,4,2,2,2,1,3,2,True,False,x,,1,A#,x,,0,G,3,D,0,E
Em7/5-,x.7.8.7.8.x,9,2,3,4,2,0,4,7,8,1,True,False,x,,7,E,8,A#,7,D,8,G,x,
Em7/5-,0.5.5.7.5.6,6,1,4,6,0,1,5,5,7,2,True,False,0,E,5,D,5,G,7,D,5,E,6,A#
Em7/5-,0.1.2.0.3.0,2,1,5,6,0,3,3,1,3,2,True,False,0,E,1,A#,2,E,0,G,3,D,0,E
Em7/5-,x.7.x.7.8.6,1,1,6,4,2,0,4,6,8,2,True,False,x,,7,E,x,,7,D,8,G,6,A#
Em7/5-,x.x.8.9.8.10,1,1,7,4,2,0,4,8,10,2,True,False,x,,x,,8,A#,9,E,8,G,10,D
Em7/5-,0.5.5.7.8.6,1,1,8,6,0,1,5,5,8,3,True,False,0,E,5,D,5,G,7,D,8,G,6,A#
Em7/5-/B,x.2.5.3.3.0,2,1,1,5,1,1,4,2,5,3,True,False,x,,2,B,5,G,3,A#,3,D,0,E
Em7/5b,0.x.x.7.8.6,1,1,1,4,2,1,3,6,8,2,True,True,0,E,x,,x,,7,D,8,G,6,A#
Em7/A,x.0.5.7.0.0,2,2,1,5,1,3,2,5,7,2,True,False,x,,0,A,5,G,7,D,0,B,0,E
Em7/B,x.2.x.0.3.0,1,1,1,4,2,2,2,2,3,1,True,False,x,,2,B,x,,0,G,3,D,0,E
Em7/bB,x.1.x.x.3.x,3,1,1,2,4,0,2,1,3,2,True,False,x,,1,A#,x,,x,,3,D,x,
Em7/D,x.x.0.0.3.0,3,1,1,4,2,3,1,3,3,0,True,False,x,,x,,0,D,0,G,3,D,0,E
Em7/D,x.x.0.4.5.3,1,1,2,4,2,1,3,3,5,2,True,False,x,,x,,0,D,4,B,5,E,3,G
Em7/E,0.2.2.0.3.3,6,2,1,6,0,2,4,2,3,1,True,False,0,E,2,B,2,E,0,G,3,D,3,G
Em7/G,3.2.0.0.3.0,2,2,1,6,0,3,3,2,3,1,True,False,3,G,2,B,0,D,0,G,3,D,0,E
Em75b,x.7.8.7.8.x,1,1,1,4,2,0,4,7,8,1,True,False,x,,7,E,8,A#,7,D,8,G,x,
Em79,0.2.0.0.0.2,4,2,1,6,0,4,2,2,2,0,True,False,0,E,2,B,0,D,0,G,0,B,2,F#
Em79,0.2.4.4.3.3,1,1,2,6,0,1,5,2,4,2,True,False,0,E,2,B,4,F#,4,B,3,D,3,G
Em79,x.7.5.7.7.x,1,1,3,4,2,0,4,5,7,2,True,False,x,,7,E,5,G,7,D,7,F#,x,
Em7add11,0.0.0.0.0.0,3,1,1,6,0,6,0,0,0,0,True,False,0,E,0,A,0,D,0,G,0,B,0,E
Em7add11,0.10.12.14.0.0,2,1,2,6,0,3,3,10,14,4,True,True,0,E,10,G,12,D,14,A,0,B,0,E
Em7add11,x.7.7.7.8.7,1,1,3,5,1,0,5,7,8,1,True,False,x,,7,E,7,A,7,D,8,G,7,B
Em7add13,0.5.5.4.2.0,1,1,1,6,0,2,4,2,5,3,True,False,0,E,5,D,5,G,4,B,2,C#,0,E
Em7b5,0.x.x.3.3.3,2,1,1,4,2,1,3,3,3,0,True,False,0,E,x,,x,,3,A#,3,D,3,G
Em7b5,x.7.8.7.8.0,2,2,2,5,1,1,4,7,8,1,True,True,x,,7,E,8,A#,7,D,8,G,0,E
Em7b5,6.7.8.7.8.0,2,2,3,6,0,1,5,6,8,2,True,True,6,A#,7,E,8,A#,7,D,8,G,0,E
Em7M,x.x.1.0.0.3,6,1,1,4,2,2,2,1,3,2,True,False,x,,x,,1,D#,0,G,0,B,3,G
Em7M,0.2.1.0.0.0,4,1,2,6,0,4,2,1,2,1,True,False,0,E,2,B,1,D#,0,G,0,B,0,E
Em7M,0.2.1.0.x.x,2,1,3,4,2,2,2,1,2,1,True,False,0,E,2,B,1,D#,0,G,x,,x,
Em7M,0.x.1.0.0.3,1,1,4,5,1,3,2,1,3,2,True,False,0,E,x,,1,D#,0,G,0,B,3,G
Em7M,0.2.2.0.4.0,1,1,5,6,0,3,3,2,4,2,True,False,0,E,2,B,2,E,0,G,4,D#,0,E
Em7M9,x.2.4.0.4.0,2,1,1,5,1,2,3,2,4,2,True,False,x,,2,B,4,F#,0,G,4,D#,0,E
Em7M9,0.x.4.4.4.3,1,1,2,5,1,1,4,3,4,1,True,False,0,E,x,,4,F#,4,B,4,D#,3,G
Em7M9,0.10.9.8.7.7,1,1,3,6,0,1,5,7,10,3,True,True,0,E,10,G,9,B,8,D#,7,F#,7,B
Em7M9-/D#,x.6.5.0.6.0,24,2,1,5,1,2,3,5,6,1,True,False,x,,6,D#,5,G,0,G,6,F,0,E
Em9,0.2.x.0.3.2,34,2,1,5,1,2,3,2,3,1,True,False,0,E,2,B,x,,0,G,3,D,2,F#
Em9,x.x.2.0.3.2,23,1,2,4,2,1,3,2,3,1,True,False,x,,x,,2,E,0,G,3,D,2,F#
Em9,0.2.0.0.0.2,19,5,3,6,0,4,2,2,2,0,True,False,0,E,2,B,0,D,0,G,0,B,2,F#
Em9,0.2.2.0.3.2,17,6,4,6,0,2,4,2,3,1,True,False,0,E,2,B,2,E,0,G,3,D,2,F#
Em9,0.x.x.0.3.2,14,1,5,4,2,2,2,2,3,1,True,False,0,E,x,,x,,0,G,3,D,2,F#
Em9,x.7.5.7.7.x,14,2,6,4,2,0,4,5,7,2,True,False,x,,7,E,5,G,7,D,7,F#,x,
Em9,0.7.5.7.7.x,4,2,7,5,1,1,4,5,7,2,True,False,0,E,7,E,5,G,7,D,7,F#,x,
Em9,x.0.4.0.3.0,3,2,8,5,1,3,2,3,4,1,True,False,x,,0,A,4,F#,0,G,3,D,0,E
Em9,x.5.4.0.5.x,2,2,9,4,2,1,3,4,5,1,True,False,x,,5,D,4,F#,0,G,5,E,x,
Em9,0.2.4.0.3.x,2,1,10,5,1,2,3,2,4,2,True,False,0,E,2,B,4,F#,0,G,3,D,x,
Em9,x.5.4.0.3.0,2,2,11,5,1,2,3,3,5,2,True,False,x,,5,D,4,F#,0,G,3,D,0,E
Em9,0.x.5.7.7.7,2,1,12,5,1,1,4,5,7,2,True,False,0,E,x,,5,G,7,D,7,F#,7,B
Em9,0.10.12.11.0.0,2,1,13,6,0,3,3,10,12,2,True,True,0,E,10,G,12,D,11,F#,0,B,0,E
Em9,7.5.4.0.0.0,2,1,14,6,0,3,3,4,7,3,True,False,7,B,5,D,4,F#,0,G,0,B,0,E
Em9,x.7.4.0.7.x,2,1,15,4,2,1,3,4,7,3,True,False,x,,7,E,4,F#,0,G,7,F#,x,
Em9,0.x.0.0.0.2,1,1,16,5,1,4,1,2,2,0,True,False,0,E,x,,0,D,0,G,0,B,2,F#
Em9,0.2.0.0.3.2,1,1,17,6,0,3,3,2,3,1,True,False,0,E,2,B,0,D,0,G,3,D,2,F#
Em9,0.x.2.0.3.2,1,1,18,5,1,2,3,2,3,1,True,False,0,E,x,,2,E,0,G,3,D,2,F#
Em9,0.2.4.0.3.0,1,1,19,6,0,3,3,2,4,2,True,False,0,E,2,B,4,F#,0,G,3,D,0,E
Em9,0.x.4.0.3.2,1,1,20,5,1,2,3,2,4,2,True,False,0,E,x,,4,F#,0,G,3,D,2,F#
Em9,x.2.4.0.3.0,1,1,21,5,1,2,3,2,4,2,True,False,x,,2,B,4,F#,0,G,3,D,0,E
Em9,0.7.5.7.7.7,1,1,22,6,0,1,5,5,7,2,True,False,0,E,7,E,5,G,7,D,7,F#,7,B
Em9/5-,6.x.5.7.7.0,1,1,1,5,1,1,4,5,7,2,True,False,6,A#,x,,5,G,7,D,7,F#,0,E
Em9/A,x.0.2.0.3.2,16,1,1,5,1,2,3,2,3,1,True,False,x,,0,A,2,E,0,G,3,D,2,F#
Em9/B,x.2.x.0.3.2,16,1,1,4,2,1,3,2,3,1,True,False,x,,2,B,x,,0,G,3,D,2,F#
Em9/D,x.x.0.0.3.2,4,1,1,4,2,2,2,2,3,1,True,False,x,,x,,0,D,0,G,3,D,2,F#
Em9/F#,2.x.x.0.3.2,20,1,1,4,2,1,3,2,3,1,True,False,2,F#,x,,x,,0,G,3,D,2,F#
Emadd11,0.x.5.2.0.3,4,1,1,5,1,2,3,2,5,3,True,False,0,E,x,,5,G,2,A,0,B,3,G
Emadd11,0.x.7.0.0.3,2,1,2,5,1,3,2,3,7,4,True,False,0,E,x,,7,A,0,G,0,B,3,G
Emadd11/A,5.7.7.0.0.0,1,1,1,6,0,3,3,5,7,2,True,False,5,A,7,E,7,A,0,G,0,B,0,E
Emadd13-,0.2.2.0.1.x,1,1,1,5,1,2,3,1,2,1,True,False,0,E,2,B,2,E,0,G,1,C,x,
Emadd2,0.2.2.0.0.2,1,1,1,6,0,3,3,2,2,0,True,False,0,E,2,B,2,E,0,G,0,B,2,F#
Emadd9,0.2.4.0.0.0,28,7,1,6,0,4,2,2,4,2,True,False,0,E,2,B,4,F#,0,G,0,B,0,E
Emadd9,x.x.2.0.0.2,19,3,2,4,2,2,2,2,2,0,True,False,x,,x,,2,E,0,G,0,B,2,F#
Emadd9,0.2.4.0.0.x,13,2,3,5,1,3,2,2,4,2,True,False,0,E,2,B,4,F#,0,G,0,B,x,
Emadd9,0.2.2.0.0.2,9,4,4,6,0,3,3,2,2,0,True,False,0,E,2,B,2,E,0,G,0,B,2,F#
Emadd9,0.2.4.0.x.x,6,3,5,4,2,2,2,2,4,2,True,False,0,E,2,B,4,F#,0,G,x,,x,
Emadd9,x.2.2.0.0.2,3,1,6,5,1,2,3,2,2,0,True,False,x,,2,B,2,E,0,G,0,B,2,F#
Emadd9,0.x.x.0.0.2,1,1,7,4,2,3,1,2,2,0,True,False,0,E,x,,x,,0,G,0,B,2,F#
Emadd9,0.x.4.0.0.0,1,1,8,5,1,4,1,4,4,0,True,False,0,E,x,,4,F#,0,G,0,B,0,E
Emadd9,0.x.4.0.0.x,1,1,9,4,2,3,1,4,4,0,True,False,0,E,x,,4,F#,0,G,0,B,x,
Emadd9,x.x.4.0.0.0,1,1,10,4,2,3,1,4,4,0,True,False,x,,x,,4,F#,0,G,0,B,0,E
Emadd9,x.2.4.0.0.0,1,1,11,5,1,3,2,2,4,2,True,False,x,,2,B,4,F#,0,G,0,B,0,E
Emadd9,x.7.9.11.8.7,1,1,12,5,1,0,5,7,11,4,True,False,x,,7,E,9,B,11,F#,8,G,7,B
Emadd9 (type 1),x.7.5.4.7.x,6,1,1,4,2,0,4,4,7,3,True,False,x,,7,E,5,G,4,B,7,F#,x,
Emadd9 (type 2),x.7.5.x.7.7,3,1,1,4,2,0,4,5,7,2,True,False,x,,7,E,5,G,x,,7,F#,7,B
Emadd9 (type 3),x.7.5.7.7.x,6,1,1,4,2,0,4,5,7,2,True,False,x,,7,E,5,G,7,D,7,F#,x,
Emadd9-,3.x.3.0.x.0,1,1,1,4,2,2,2,3,3,0,True,False,3,G,x,,3,F,0,G,x,,0,E
Emadd9-/G#,4.x.3.4.5.3,4,1,1,5,1,0,5,3,5,2,True,False,4,G#,x,,3,F,4,B,5,E,3,G
Emadd9/11,0.2.5.2.x.2,4,1,1,5,1,1,4,2,5,3,True,False,0,E,2,B,5,G,2,A,x,,2,F#
Emadd9/5+,0.3.4.0.1.0,5,2,1,6,0,3,3,1,4,3,True,False,0,E,3,C,4,F#,0,G,1,C,0,E
Emadd9/5+,0.x.4.0.1.3,1,1,2,5,1,2,3,1,4,3,True,False,0,E,x,,4,F#,0,G,1,C,3,G
Emadd9/B,7.9.9.0.0.0,1,1,1,6,0,3,3,7,9,2,True,True,7,B,9,F#,9,B,0,G,0,B,0,E
Emadd9/F#,2.2.4.0.0.0,2,1,1,6,0,3,3,2,4,2,True,False,2,F#,2,B,4,F#,0,G,0,B,0,E
Emaj7,0.7.6.8.x.x,1,1,1,4,2,1,3,6,8,2,True,True,0,E,7,E,6,G#,8,D#,x,,x,
Emaj7/D#,x.6.6.4.0.0,4,1,1,5,1,2,3,4,6,2,True,False,x,,6,D#,6,G#,4,B,0,B,0,E
Emaj7/D#,x.x.1.1.0.0,2,1,2,4,2,2,2,1,1,0,True,False,x,,x,,1,D#,1,G#,0,B,0,E
Emaj9,0.11.13.11.x.x,26,1,1,4,2,1,3,11,13,2,True,True,0,E,11,G#,13,D#,11,F#,x,,x,
EMAJ9,0.7.6.8.7.x,16,1,1,5,1,1,4,6,8,2,True,True,0,E,7,E,6,G#,8,D#,7,F#,x,
EMAJ9,x.7.6.8.7.x,9,1,2,4,2,0,4,6,8,2,True,False,x,,7,E,6,G#,8,D#,7,F#,x,
Emsus4,0.x.x.4.5.5,1,1,1,4,2,1,3,4,5,1,True,False,0,E,x,,x,,4,B,5,E,5,A
Esus2,3.3.5.x.x.x,18,2,1,3,3,0,3,3,5,2,True,False,3,G,3,C,5,G,x,,x,,x,
Esus2,x.7.9.11.x.x,10,1,2,3,3,0,3,7,11,4,True,False,x,,7,E,9,B,11,F#,x,,x,
Esus2,0.7.9.9.7.7,9,3,3,6,0,1,5,7,9,2,True,True,0,E,7,E,9,B,9,E,7,F#,7,B
Esus2,2.x.2.4.x.x,6,2,4,3,3,0,3,2,4,2,True,False,2,F#,x,,2,E,4,B,x,,x,
Esus2,0.2.2.4.5.2,6,1,5,6,0,1,5,2,5,3,True,False,0,E,2,B,2,E,4,B,5,E,2,F#
Esus2,0.2.4.x.0.0,4,1,6,5,1,3,2,2,4,2,True,False,0,E,2,B,4,F#,x,,0,B,0,E
Esus2,x.2.2.4.5.2,4,1,7,5,1,0,5,2,5,3,True,False,x,,2,B,2,E,4,B,5,E,2,F#
Esus2,0.7.4.4.5.7,4,1,8,6,0,1,5,4,7,3,True,False,0,E,7,E,4,F#,4,B,5,E,7,B
Esus2,x.x.2.4.5.2,3,2,9,4,2,0,4,2,5,3,True,False,x,,x,,2,E,4,B,5,E,2,F#
Esus2,x.x.2.x.x.2,2,1,10,2,4,0,2,2,2,0,True,False,x,,x,,2,E,x,,x,,2,F#
Esus2,x.x.4.x.x.0,1,1,11,2,4,1,1,4,4,0,True,False,x,,x,,4,F#,x,,x,,0,E
Esus2,0.9.9.9.0.0,1,1,12,6,0,3,3,9,9,0,True,True,0,E,9,F#,9,B,9,E,0,B,0,E
Esus2,0.x.x.11.0.12,1,1,13,4,2,2,2,11,12,1,True,True,0,E,x,,x,,11,F#,0,B,12,E
Esus2,0.2.2.4.x.2,1,1,14,5,1,1,4,2,4,2,True,False,0,E,2,B,2,E,4,B,x,,2,F#
Esus2,0.2.4.x.0.x,1,1,15,4,2,2,2,2,4,2,True,False,0,E,2,B,4,F#,x,,0,B,x,
Esus2,7.9.9.9.7.7,1,1,16,6,0,0,6,7,9,2,True,False,7,B,9,F#,9,B,9,E,7,F#,7,B
Esus2,x.7.9.9.7.7,1,1,17,5,1,0,5,7,9,2,True,False,x,,7,E,9,B,9,E,7,F#,7,B
Esus2,x.7.x.9.7.7,1,1,18,4,2,0,4,7,9,2,True,False,x,,7,E,x,,9,E,7,F#,7,B
Esus2,x.x.x.9.7.0,1,1,19,3,3,1,2,7,9,2,True,True,x,,x,,x,,9,E,7,F#,0,E
Esus2,x.9.x.9.x.12,1,1,20,3,3,0,3,9,12,3,True,False,x,,9,F#,x,,9,E,x,,12,E
Esus2add13,1.x.0.0.x.x,2,1,1,3,3,2,1,1,1,0,True,False,1,F,x,,0,D,0,G,x,,x,
Esus2add13-,0.2.4.5.0.0,1,1,1,6,0,3,3,2,5,3,True,False,0,E,2,B,4,F#,5,C,0,B,0,E
Esus2add9-,7.7.9.10.7.7,2,1,1,6,0,0,6,7,10,3,True,False,7,B,7,E,9,B,10,F,7,F#,7,B
Esus4,0.2.2.2.0.0,101,22,1,6,0,3,3,2,2,0,True,False,0,E,2,B,2,E,2,A,0,B,0,E
Esus4,0.2.0.2.0.0,23,1,2,6,0,4,2,2,2,0,True,False,0,E,2,B,0,D,2,A,0,B,0,E
Esus4,0.x.2.x.x.5,12,3,3,3,3,1,2,2,5,3,True,False,0,E,x,,2,E,x,,x,,5,A
Esus4,x.2.2.2.0.0,11,3,4,5,1,2,3,2,2,0,True,False,x,,2,B,2,E,2,A,0,B,0,E
Esus4,0.0.2.2.0.0,10,4,5,6,0,4,2,2,2,0,True,False,0,E,0,A,2,E,2,A,0,B,0,E
Esus4,x.x.2.4.5.5,7,1,6,4,2,0,4,2,5,3,True,False,x,,x,,2,E,4,B,5,E,5,A
Esus4,x.x.x.2.x.x,6,1,7,1,5,0,1,2,2,0,True,False,x,,x,,x,,2,A,x,,x,
Esus4,7.7.9.9.10.7,6,3,8,6,0,0,6,7,10,3,True,False,7,B,7,E,9,B,9,E,10,A,7,B
Esus4,x.x.2.2.0.0,5,2,9,4,2,2,2,2,2,0,True,False,x,,x,,2,E,2,A,0,B,0,E
Esus4,0.2.2.2.x.x,4,3,10,4,2,1,3,2,2,0,True,False,0,E,2,B,2,E,2,A,x,,x,
Esus4,x.2.2.2.0.x,4,2,11,4,2,1,3,2,2,0,True,False,x,,2,B,2,E,2,A,0,B,x,
Esus4,12.12.14.14.12.12,4,1,12,6,0,0,6,12,14,2,True,False,12,E,12,A,14,E,14,A,12,B,12,E
Esus4,2.x.x.2.0.0,3,1,13,4,2,2,2,2,2,0,True,False,2,F#,x,,x,,2,A,0,B,0,E
Esus4,x.2.2.2.x.x,3,2,14,3,3,0,3,2,2,0,True,False,x,,2,B,2,E,2,A,x,,x,
Esus4,x.x.14.14.12.12,3,1,15,4,2,0,4,12,14,2,True,False,x,,x,,14,E,14,A,12,B,12,E
Esus4,0.2.2.2.0.x,2,1,16,5,1,2,3,2,2,0,True,False,0,E,2,B,2,E,2,A,0,B,x,
Esus4,x.x.9.9.10.x,2,1,17,3,3,0,3,9,10,1,True,False,x,,x,,9,B,9,E,10,A,x,
Esus4,x.x.x.9.10.7,2,1,18,3,3,0,3,7,10,3,True,False,x,,x,,x,,9,E,10,A,7,B
Esus4,0.x.x.2.0.0,1,1,19,4,2,3,1,2,2,0,True,False,0,E,x,,x,,2,A,0,B,0,E
Esus4,0.x.x.4.5.5,1,1,20,4,2,1,3,4,5,1,True,False,0,E,x,,x,,4,B,5,E,5,A
Esus4,x.x.x.4.5.5,1,1,21,3,3,0,3,4,5,1,True,False,x,,x,,x,,4,B,5,E,5,A
Esus4,12.14.14.14.12.12,1,1,22,6,0,0,6,12,14,2,True,False,12,E,14,B,14,E,14,A,12,B,12,E
Esus4,0.7.7.4.0.0,1,1,23,6,0,3,3,4,7,3,True,False,0,E,7,E,7,A,4,B,0,B,0,E
Esus4,0.0.7.9.10.7,1,1,24,6,0,2,4,7,10,3,True,True,0,E,0,A,7,A,9,E,10,A,7,B
Esus4,0.x.x.x.10.7,1,1,25,3,3,1,2,7,10,3,True,True,0,E,x,,x,,x,,10,A,7,B
Esus4,x.7.9.9.10.7,1,1,26,5,1,0,5,7,10,3,True,False,x,,7,E,9,B,9,E,10,A,7,B
Esus4&9/A,x.0.4.2.0.0,2,1,1,5,1,3,2,2,4,2,True,False,x,,0,A,4,F#,2,A,0,B,0,E
Esus4&9/D,x.x.0.2.0.0,2,1,1,4,2,3,1,2,2,0,True,False,x,,x,,0,D,2,A,0,B,0,E
Esus4+C,2.x.x.2.1.0,1,1,1,4,2,1,3,1,2,1,True,False,2,F#,x,,x,,2,A,1,C,0,E
Esus4/5+,12.12.10.9.10.12,2,1,1,6,0,0,6,9,12,3,True,False,12,E,12,A,10,C,9,E,10,A,12,E
Esus4/5-,0.0.2.3.x.0,1,1,1,5,1,3,2,2,3,1,True,False,0,E,0,A,2,E,3,A#,x,,0,E
Esus4/C,x.3.2.2.0.0,1,1,1,5,1,2,3,2,3,1,True,False,x,,3,C,2,E,2,A,0,B,0,E
Esus4/C#,x.4.2.2.0.0,1,1,1,5,1,2,3,2,4,2,True,False,x,,4,C#,2,E,2,A,0,B,0,E
Esus4/F#,2.x.2.2.0.x,1,1,1,4,2,1,3,2,2,0,True,False,2,F#,x,,2,E,2,A,0,B,x,
Esus4/F#,x.x.4.4.5.5,1,1,2,4,2,0,4,4,5,1,True,False,x,,x,,4,F#,4,B,5,E,5,A
Esus4/G,3.2.2.2.x.x,1,1,1,4,2,0,4,2,3,1,True,False,3,G,2,B,2,E,2,A,x,,x,
Esus4/G,x.x.5.4.5.5,1,1,2,4,2,0,4,4,5,1,True,False,x,,x,,5,G,4,B,5,E,5,A
Esus4/G#,4.x.2.2.0.0,8,2,1,5,1,2,3,2,4,2,True,False,4,G#,x,,2,E,2,A,0,B,0,E
Esus4add9,0.0.4.2.0.2,3,1,1,6,0,3,3,2,4,2,True,False,0,E,0,A,4,F#,2,A,0,B,2,F#
f,0.3.3.2.x.x,1,1,1,4,2,1,3,2,3,1,True,False,0,E,3,C,3,F,2,A,x,,x,
F,1.3.3.2.1.1,3229,387,1,6,0,0,6,1,3,2,True,False,1,F,3,C,3,F,2,A,1,C,1,F
F,1.0.3.2.1.1,1280,123,2,6,0,1,5,1,3,2,True,False,1,F,0,A,3,F,2,A,1,C,1,F
f,1.3.3.2.x.x,1,1,2,4,2,0,4,1,3,2,True,False,1,F,3,C,3,F,2,A,x,,x,
F,x.x.3.2.1.1,266,47,3,4,2,0,4,1,3,2,True,False,x,,x,,3,F,2,A,1,C,1,F
F,x.8.10.10.10.8,171,24,4,5,1,0,5,8,10,2,True,False,x,,8,F,10,C,10,F,10,A,8,C
F,8.8.10.10.10.8,116,9,5,6,0,0,6,8,10,2,True,False,8,C,8,F,10,C,10,F,10,A,8,C
F,x.x.x.2.1.1,104,11,6,3,3,0,3,1,2,1,True,False,x,,x,,x,,2,A,1,C,1,F
F,1.x.3.2.1.x,98,12,7,4,2,0,4,1,3,2,True,False,1,F,x,,3,F,2,A,1,C,x,
F,1.3.3.2.1.x,93,23,8,5,1,0,5,1,3,2,True,False,1,F,3,C,3,F,2,A,1,C,x,
F,x.8.7.5.6.5,83,21,9,5,1,0,5,5,8,3,True,False,x,,8,F,7,A,5,C,6,F,5,A
F,x.3.3.2.1.1,72,17,10,5,1,0,5,1,3,2,True,False,x,,3,C,3,F,2,A,1,C,1,F
F,x.x.x.5.6.5,70,14,11,3,3,0,3,5,6,1,True,False,x,,x,,x,,5,C,6,F,5,A
F,x.8.10.10.10.x,66,13,12,4,2,0,4,8,10,2,True,False,x,,8,F,10,C,10,F,10,A,x,
F,1.3.3.2.x.x,59,23,13,4,2,0,4,1,3,2,True,False,1,F,3,C,3,F,2,A,x,,x,
F,x.x.3.2.1.x,50,13,14,3,3,0,3,1,3,2,True,False,x,,x,,3,F,2,A,1,C,x,
F,1.x.x.2.1.5,48,8,15,4,2,0,4,1,5,4,True,False,1,F,x,,x,,2,A,1,C,5,A
F,x.x.x.10.10.8,39,5,16,3,3,0,3,8,10,2,True,False,x,,x,,x,,10,F,10,A,8,C
F,3.2.1.1.x.x,37,2,17,4,2,0,4,1,3,2,True,False,3,G,2,B,1,D#,1,G#,x,,x,
F,x.x.10.10.10.8,34,5,18,4,2,0,4,8,10,2,True,False,x,,x,,10,C,10,F,10,A,8,C
F,5.8.7.5.6.5,30,7,19,6,0,0,6,5,8,3,True,False,5,A,8,F,7,A,5,C,6,F,5,A
F,1.0.3.2.1.x,24,8,20,5,1,1,4,1,3,2,True,False,1,F,0,A,3,F,2,A,1,C,x,
F,2.4.4.3.2.2,24,2,21,6,0,0,6,2,4,2,True,False,2,F#,4,C#,4,F#,3,A#,2,C#,2,F#
F,x.3.3.2.1.x,23,6,22,4,2,0,4,1,3,2,True,False,x,,3,C,3,F,2,A,1,C,x,
F,x.3.3.2.x.x,21,1,23,3,3,0,3,2,3,1,True,False,x,,3,C,3,F,2,A,x,,x,
F,x.x.3.2.x.x,21,7,24,2,4,0,2,2,3,1,True,False,x,,x,,3,F,2,A,x,,x,
F,x.0.3.2.1.1,18,5,25,5,1,1,4,1,3,2,True,False,x,,0,A,3,F,2,A,1,C,1,F
F,x.x.7.5.6.5,14,8,26,4,2,0,4,5,7,2,True,False,x,,x,,7,A,5,C,6,F,5,A
F,x.3.3.x.1.5,14,1,27,4,2,0,4,1,5,4,True,False,x,,3,C,3,F,x,,1,C,5,A
F,1.3.3.2.x.1,13,5,28,5,1,0,5,1,3,2,True,False,1,F,3,C,3,F,2,A,x,,1,F
F,1.x.3.2.1.1,12,7,29,5,1,0,5,1,3,2,True,False,1,F,x,,3,F,2,A,1,C,1,F
F,10.10.10.8.x.x,12,1,30,4,2,0,4,8,10,2,True,False,10,D,10,G,10,C,8,D#,x,,x,
F,x.9.11.11.11.9,12,2,31,5,1,0,5,9,11,2,True,False,x,,9,F#,11,C#,11,F#,11,A#,9,C#
F,13.15.15.14.13.x,12,2,32,5,1,0,5,13,15,2,True,False,13,F,15,C,15,F,14,A,13,C,x,
F,8.8.7.5.6.5,10,3,33,6,0,0,6,5,8,3,True,False,8,C,8,F,7,A,5,C,6,F,5,A
F,x.0.3.2.1.x,9,6,34,4,2,1,3,1,3,2,True,False,x,,0,A,3,F,2,A,1,C,x,
F,3.2.0.0.0.3,8,1,35,6,0,3,3,2,3,1,True,False,3,G,2,B,0,D,0,G,0,B,3,G
F,x.x.3.5.x.5,8,3,36,3,3,0,3,3,5,2,True,False,x,,x,,3,F,5,C,x,,5,A
F,13.12.10.10.10.13,8,1,37,6,0,0,6,10,13,3,True,False,13,F,12,A,10,C,10,F,10,A,13,F
F,x.3.3.x.x.x,7,3,38,2,4,0,2,3,3,0,True,False,x,,3,C,3,F,x,,x,,x,
F,8.8.10.10.10.x,7,1,39,5,1,0,5,8,10,2,True,False,8,C,8,F,10,C,10,F,10,A,x,
F,x.x.3.5.6.5,7,4,40,4,2,0,4,3,6,3,True,False,x,,x,,3,F,5,C,6,F,5,A
F,x.x.x.5.6.8,7,3,41,3,3,0,3,5,8,3,True,False,x,,x,,x,,5,C,6,F,8,C
F,x.0.3.2.1.0,6,1,42,5,1,2,3,1,3,2,True,False,x,,0,A,3,F,2,A,1,C,0,E
F,x.1.x.x.x.x,5,1,43,1,5,0,1,1,1,0,True,False,x,,1,A#,x,,x,,x,,x,
F,x.x.x.x.1.1,5,2,44,2,4,0,2,1,1,0,True,False,x,,x,,x,,x,,1,C,1,F
F,x.x.10.10.x.x,5,3,45,2,4,0,2,10,10,0,True,False,x,,x,,10,C,10,F,x,,x,
F,x.0.x.2.1.1,5,2,46,4,2,1,3,1,2,1,True,False,x,,0,A,x,,2,A,1,C,1,F
F,1.0.3.2.1.0,5,1,47,6,0,2,4,1,3,2,True,False,1,F,0,A,3,F,2,A,1,C,0,E
F,13.15.15.14.13.13,5,2,48,6,0,0,6,13,15,2,True,False,13,F,15,C,15,F,14,A,13,C,13,F
F,x.8.7.5.6.x,5,2,49,4,2,0,4,5,8,3,True,False,x,,8,F,7,A,5,C,6,F,x,
F,1.x.x.2.1.x,4,3,50,3,3,0,3,1,2,1,True,False,1,F,x,,x,,2,A,1,C,x,
F,1.x.3.2.x.x,4,2,51,3,3,0,3,1,3,2,True,False,1,F,x,,3,F,2,A,x,,x,
F,x.x.3.x.x.5,4,1,52,2,4,0,2,3,5,2,True,False,x,,x,,3,F,x,,x,,5,A
F,x.8.10.10.x.x,4,1,53,3,3,0,3,8,10,2,True,False,x,,8,F,10,C,10,F,x,,x,
F,x.8.10.x.10.x,4,1,54,3,3,0,3,8,10,2,True,False,x,,8,F,10,C,x,,10,A,x,
F,x.x.10.10.10.x,3,1,55,3,3,0,3,10,10,0,True,False,x,,x,,10,C,10,F,10,A,x,
F,x.x.x.10.10.x,3,1,56,2,4,0,2,10,10,0,True,False,x,,x,,x,,10,F,10,A,x,
F,x.0.3.2.x.x,3,2,57,3,3,1,2,2,3,1,True,False,x,,0,A,3,F,2,A,x,,x,
F,1.0.3.2.x.x,3,1,58,4,2,1,3,1,3,2,True,False,1,F,0,A,3,F,2,A,x,,x,
F,1.0.3.x.x.x,3,2,59,3,3,1,2,1,3,2,True,False,1,F,0,A,3,F,x,,x,,x,
F,1.3.3.2.0.x,3,1,60,5,1,1,4,1,3,2,True,False,1,F,3,C,3,F,2,A,0,B,x,
F,3.x.3.2.1.1,3,1,61,5,1,0,5,1,3,2,True,False,3,G,x,,3,F,2,A,1,C,1,F
F,14.16.16.15.14.14,3,1,62,6,0,0,6,14,16,2,True,False,14,F#,16,C#,16,F#,15,A#,14,C#,14,F#
F,5.x.3.5.6.x,3,3,63,4,2,0,4,3,6,3,True,False,5,A,x,,3,F,5,C,6,F,x,
F,8.x.x.5.6.8,3,1,64,4,2,0,4,5,8,3,True,False,8,C,x,,x,,5,C,6,F,8,C
F,1.x.x.2.1.1,2,1,65,4,2,0,4,1,2,1,True,False,1,F,x,,x,,2,A,1,C,1,F
F,1.x.x.2.x.x,2,1,66,2,4,0,2,1,2,1,True,False,1,F,x,,x,,2,A,x,,x,
F,3.3.3.2.x.x,2,2,67,4,2,0,4,2,3,1,True,False,3,G,3,C,3,F,2,A,x,,x,
F,x.0.x.5.6.5,2,1,68,4,2,1,3,5,6,1,True,False,x,,0,A,x,,5,C,6,F,5,A
F,x.x.x.x.6.5,2,2,69,2,4,0,2,5,6,1,True,False,x,,x,,x,,x,,6,F,5,A
F,1.1.3.2.1.1,2,1,70,6,0,0,6,1,3,2,True,False,1,F,1,A#,3,F,2,A,1,C,1,F
F,3.3.3.2.1.1,2,2,71,6,0,0,6,1,3,2,True,False,3,G,3,C,3,F,2,A,1,C,1,F
F,3.x.3.2.1.x,2,1,72,4,2,0,4,1,3,2,True,False,3,G,x,,3,F,2,A,1,C,x,
F,x.3.x.2.1.1,2,1,73,4,2,0,4,1,3,2,True,False,x,,3,C,x,,2,A,1,C,1,F
F,5.x.7.5.6.5,2,1,74,5,1,0,5,5,7,2,True,False,5,A,x,,7,A,5,C,6,F,5,A
F,8.x.10.10.x.x,2,1,75,3,3,0,3,8,10,2,True,False,8,C,x,,10,C,10,F,x,,x,
F,x.x.15.14.13.13,2,2,76,4,2,0,4,13,15,2,True,False,x,,x,,15,F,14,A,13,C,13,F
F,3.3.3.5.6.5,2,1,77,6,0,0,6,3,6,3,True,False,3,G,3,C,3,F,5,C,6,F,5,A
F,x.x.7.10.x.x,2,1,78,2,4,0,2,7,10,3,True,False,x,,x,,7,A,10,F,x,,x,
F,3.0.x.2.1.5,2,1,79,5,1,1,4,1,5,4,True,False,3,G,0,A,x,,2,A,1,C,5,A
F,1.0.x.x.x.x,1,1,80,2,4,1,1,1,1,0,True,False,1,F,0,A,x,,x,,x,,x,
F,x.8.7.x.x.8,1,1,81,3,3,0,3,7,8,1,True,False,x,,8,F,7,A,x,,x,,8,C
F,x.x.x.14.13.13,1,1,82,3,3,0,3,13,14,1,True,False,x,,x,,x,,14,A,13,C,13,F
F,1.0.3.3.1.1,1,1,83,6,0,1,5,1,3,2,True,False,1,F,0,A,3,F,3,A#,1,C,1,F
F,1.1.3.2.x.1,1,1,84,5,1,0,5,1,3,2,True,False,1,F,1,A#,3,F,2,A,x,,1,F
F,1.3.x.2.x.x,1,1,85,3,3,0,3,1,3,2,True,False,1,F,3,C,x,,2,A,x,,x,
F,1.x.3.2.0.x,1,1,86,4,2,1,3,1,3,2,True,False,1,F,x,,3,F,2,A,0,B,x,
F,3.0.3.2.1.1,1,1,87,6,0,1,5,1,3,2,True,False,3,G,0,A,3,F,2,A,1,C,1,F
F,x.0.3.2.x.1,1,1,88,4,2,1,3,1,3,2,True,False,x,,0,A,3,F,2,A,x,,1,F
F,x.x.3.2.x.1,1,1,89,3,3,0,3,1,3,2,True,False,x,,x,,3,F,2,A,x,,1,F
F,x.x.3.x.x.1,1,1,90,2,4,0,2,1,3,2,True,False,x,,x,,3,F,x,,x,,1,F
F,x.3.3.5.x.5,1,1,91,4,2,0,4,3,5,2,True,False,x,,3,C,3,F,5,C,x,,5,A
F,x.0.7.5.6.5,1,1,92,5,1,1,4,5,7,2,True,False,x,,0,A,7,A,5,C,6,F,5,A
F,8.0.7.x.6.8,1,1,93,5,1,1,4,6,8,2,True,True,8,C,0,A,7,A,x,,6,F,8,C
F,8.8.10.10.x.x,1,1,94,4,2,0,4,8,10,2,True,False,8,C,8,F,10,C,10,F,x,,x,
F,8.x.x.10.10.8,1,1,95,4,2,0,4,8,10,2,True,False,8,C,x,,x,,10,F,10,A,8,C
F,x.8.10.x.10.8,1,1,96,4,2,0,4,8,10,2,True,False,x,,8,F,10,C,x,,10,A,8,C
F,x.8.x.10.10.x,1,1,97,3,3,0,3,8,10,2,True,False,x,,8,F,x,,10,F,10,A,x,
F,x.12.10.10.10.x,1,1,98,4,2,0,4,10,12,2,True,False,x,,12,A,10,C,10,F,10,A,x,
F,x.12.10.10.x.x,1,1,99,3,3,0,3,10,12,2,True,False,x,,12,A,10,C,10,F,x,,x,
F,x.0.15.14.13.0,1,1,100,5,1,2,3,13,15,2,True,True,x,,0,A,15,F,14,A,13,C,0,E
F,x.15.15.17.x.x,1,1,101,3,3,0,3,15,17,2,True,False,x,,15,C,15,F,17,C,x,,x,
F,x.x.3.2.x.5,1,1,102,3,3,0,3,2,5,3,True,False,x,,x,,3,F,2,A,x,,5,A
F,x.3.3.5.6.x,1,1,103,4,2,0,4,3,6,3,True,False,x,,3,C,3,F,5,C,6,F,x,
F,5.8.x.5.6.5,1,1,104,5,1,0,5,5,8,3,True,False,5,A,8,F,x,,5,C,6,F,5,A
F,8.0.7.5.6.5,1,1,105,6,0,1,5,5,8,3,True,False,8,C,0,A,7,A,5,C,6,F,5,A
F,x.0.x.5.6.8,1,1,106,4,2,1,3,5,8,3,True,False,x,,0,A,x,,5,C,6,F,8,C
F,x.8.x.5.6.5,1,1,107,4,2,0,4,5,8,3,True,False,x,,8,F,x,,5,C,6,F,5,A
F,x.x.5.7.6.8,1,1,108,4,2,0,4,5,8,3,True,False,x,,x,,5,G,7,D,6,F,8,C
F,13.12.10.x.x.x,1,1,109,3,3,0,3,10,13,3,True,False,13,F,12,A,10,C,x,,x,,x,
F,x.20.19.22.22.x,1,1,110,4,2,0,4,19,22,3,True,False,x,,20,F,19,A,22,F,22,A,x,
F,1.0.3.5.x.5,1,1,111,5,1,1,4,1,5,4,True,False,1,F,0,A,3,F,5,C,x,,5,A
F (C),x.3.2.0.1.0,34,1,1,5,1,2,3,1,3,2,True,False,x,,3,C,2,E,0,G,1,C,0,E
F (normal tune),1.3.3.2.1.1,6,1,1,6,0,0,6,1,3,2,True,False,1,F,3,C,3,F,2,A,1,C,1,F
F sus 2,x.x.7.5.6.8,1,1,1,4,2,0,4,5,8,3,True,False,x,,x,,7,A,5,C,6,F,8,C
F#,2.4.4.3.2.2,775,129,1,6,0,0,6,2,4,2,True,False,2,F#,4,C#,4,F#,3,A#,2,C#,2,F#
F#,x.4.4.6.7.x,46,2,2,4,2,0,4,4,7,3,True,False,x,,4,C#,4,F#,6,C#,7,F#,x,
F#,x.x.4.3.2.2,36,6,3,4,2,0,4,2,4,2,True,False,x,,x,,4,F#,3,A#,2,C#,2,F#
F#,2.4.4.3.x.x,32,9,4,4,2,0,4,2,4,2,True,False,2,F#,4,C#,4,F#,3,A#,x,,x,
F#,2.4.4.3.2.x,31,7,5,5,1,0,5,2,4,2,True,False,2,F#,4,C#,4,F#,3,A#,2,C#,x,
F#,2.x.4.3.2.x,29,3,6,4,2,0,4,2,4,2,True,False,2,F#,x,,4,F#,3,A#,2,C#,x,
F#,3.2.0.0.3.3,18,2,7,6,0,2,4,2,3,1,True,False,3,G,2,B,0,D,0,G,3,D,3,G
F#,2.4.4.x.x.x,17,4,8,3,3,0,3,2,4,2,True,False,2,F#,4,C#,4,F#,x,,x,,x,
F#,x.4.4.x.x.x,16,3,9,2,4,0,2,4,4,0,True,False,x,,4,C#,4,F#,x,,x,,x,
F#,9.9.x.x.x.x,12,1,10,2,4,0,2,9,9,0,True,False,9,C#,9,F#,x,,x,,x,,x,
F#,x.9.11.11.11.9,9,6,11,5,1,0,5,9,11,2,True,False,x,,9,F#,11,C#,11,F#,11,A#,9,C#
F#,x.4.4.3.x.x,8,1,12,3,3,0,3,3,4,1,True,False,x,,4,C#,4,F#,3,A#,x,,x,
F#,x.4.4.3.2.x,8,2,13,4,2,0,4,2,4,2,True,False,x,,4,C#,4,F#,3,A#,2,C#,x,
F#,2.x.4.3.2.2,7,3,14,5,1,0,5,2,4,2,True,False,2,F#,x,,4,F#,3,A#,2,C#,2,F#
F#,x.9.8.6.7.6,6,3,15,5,1,0,5,6,9,3,True,False,x,,9,F#,8,A#,6,C#,7,F#,6,A#
F#,3.2.0.0.0.3,5,1,16,6,0,3,3,2,3,1,True,False,3,G,2,B,0,D,0,G,0,B,3,G
F#,4.x.x.x.x.x,4,1,17,1,5,0,1,4,4,0,True,False,4,G#,x,,x,,x,,x,,x,
F#,x.x.x.6.7.6,4,1,18,3,3,0,3,6,7,1,True,False,x,,x,,x,,6,C#,7,F#,6,A#
F#,2.1.x.3.2.2,4,2,19,5,1,0,5,1,3,2,True,False,2,F#,1,A#,x,,3,A#,2,C#,2,F#
F#,2.x.4.3.x.x,4,2,20,3,3,0,3,2,4,2,True,False,2,F#,x,,4,F#,3,A#,x,,x,
F#,x.9.11.11.11.x,4,3,21,4,2,0,4,9,11,2,True,False,x,,9,F#,11,C#,11,F#,11,A#,x,
F#,x.x.11.11.11.9,4,1,22,4,2,0,4,9,11,2,True,False,x,,x,,11,C#,11,F#,11,A#,9,C#
F#,x.4.4.3.2.2,3,1,23,5,1,0,5,2,4,2,True,False,x,,4,C#,4,F#,3,A#,2,C#,2,F#
F#,2.x.x.x.x.x,2,1,24,1,5,0,1,2,2,0,True,False,2,F#,x,,x,,x,,x,,x,
F#,6.x.x.6.7.x,2,1,25,3,3,0,3,6,7,1,True,False,6,A#,x,,x,,6,C#,7,F#,x,
F#,2.4.4.3.x.2,2,1,26,5,1,0,5,2,4,2,True,False,2,F#,4,C#,4,F#,3,A#,x,,2,F#
F#,x.x.8.6.7.6,2,1,27,4,2,0,4,6,8,2,True,False,x,,x,,8,A#,6,C#,7,F#,6,A#
F#,3.x.0.0.0.x,1,1,28,4,2,3,1,3,3,0,True,False,3,G,x,,0,D,0,G,0,B,x,
F#,5.x.0.x.0.x,1,1,29,3,3,2,1,5,5,0,True,False,5,A,x,,0,D,x,,0,B,x,
F#,x.5.x.0.0.x,1,1,30,3,3,2,1,5,5,0,True,False,x,,5,D,x,,0,G,0,B,x,
F#,x.x.x.3.2.2,1,1,31,3,3,0,3,2,3,1,True,False,x,,x,,x,,3,A#,2,C#,2,F#
F#,2.4.x.3.2.2,1,1,32,5,1,0,5,2,4,2,True,False,2,F#,4,C#,x,,3,A#,2,C#,2,F#
F#,2.4.x.3.x.2,1,1,33,4,2,0,4,2,4,2,True,False,2,F#,4,C#,x,,3,A#,x,,2,F#
F#,x.4.4.6.x.x,1,1,34,3,3,0,3,4,6,2,True,False,x,,4,C#,4,F#,6,C#,x,,x,
F#,x.1.4.x.2.x,1,1,35,3,3,0,3,1,4,3,True,False,x,,1,A#,4,F#,x,,2,C#,x,
F#,6.9.8.6.7.6,1,1,36,6,0,0,6,6,9,3,True,False,6,A#,9,F#,8,A#,6,C#,7,F#,6,A#
F#,9.x.8.6.7.6,1,1,37,5,1,0,5,6,9,3,True,False,9,C#,x,,8,A#,6,C#,7,F#,6,A#
F#,14.13.11.x.x.x,1,1,38,3,3,0,3,11,14,3,True,False,14,F#,13,A#,11,C#,x,,x,,x,
F#/5-,2.x.x.x.1.x,2,1,1,2,4,0,2,1,2,1,True,False,2,F#,x,,x,,x,,1,C,x,
F#/5-,2.x.4.x.1.2,2,1,2,4,2,0,4,1,4,3,True,False,2,F#,x,,4,F#,x,,1,C,2,F#
F#/5-/G#,x.11.10.11.11.x,1,1,1,4,2,0,4,10,11,1,True,False,x,,11,G#,10,C,11,F#,11,A#,x,
F#/A#,x.x.8.6.7.6,2,1,1,4,2,0,4,6,8,2,True,False,x,,x,,8,A#,6,C#,7,F#,6,A#
F#/A#,6.x.4.6.x.x,1,1,2,3,3,0,3,4,6,2,True,False,6,A#,x,,4,F#,6,C#,x,,x,
F#/B,x.2.4.3.2.2,2,1,1,5,1,0,5,2,4,2,True,False,x,,2,B,4,F#,3,A#,2,C#,2,F#
F#/C#,x.x.x.6.7.6,6,2,1,3,3,0,3,6,7,1,True,False,x,,x,,x,,6,C#,7,F#,6,A#
F#/D#,x.6.8.6.7.6,1,1,1,5,1,0,5,6,8,2,True,False,x,,6,D#,8,A#,6,C#,7,F#,6,A#
F#/e,0.x.2.3.2.2,1,1,1,5,1,1,4,2,3,1,True,False,0,E,x,,2,E,3,A#,2,C#,2,F#
F#/E,x.7.8.6.7.6,4,2,1,5,1,0,5,6,8,2,True,False,x,,7,E,8,A#,6,C#,7,F#,6,A#
F#/G,x.x.x.0.2.2,2,1,1,3,3,1,2,2,2,0,True,False,x,,x,,x,,0,G,2,C#,2,F#
F#/G,2.2.0.0.3.3,2,1,2,6,0,2,4,2,3,1,True,False,2,F#,2,B,0,D,0,G,3,D,3,G
F#/G#,x.x.6.6.7.6,13,2,1,4,2,0,4,6,7,1,True,False,x,,x,,6,G#,6,C#,7,F#,6,A#
F#11,x.9.9.9.9.x,1,1,1,4,2,0,4,9,9,0,True,False,x,,9,F#,9,B,9,E,9,G#,x,
f#11#5,2.4.0.2.0.x,2,1,1,5,1,2,3,2,4,2,True,False,2,F#,4,C#,0,D,2,A,0,B,x,
F#11/9-,2.2.2.3.2.3,2,1,1,6,0,0,6,2,3,1,True,False,2,F#,2,B,2,E,3,A#,2,C#,3,G
F#11/9-,2.4.5.3.0.0,1,1,2,6,0,2,4,2,5,3,True,False,2,F#,4,C#,5,G,3,A#,0,B,0,E
F#13/9+,7.0.8.8.7.0,2,1,1,6,0,2,4,7,8,1,True,True,7,B,0,A,8,A#,8,D#,7,F#,0,E
F#13/9-,2.x.2.3.4.3,1,1,1,5,1,0,5,2,4,2,True,False,2,F#,x,,2,E,3,A#,4,D#,3,G
F#5,2.4.4.x.x.x,343,77,1,3,3,0,3,2,4,2,True,False,2,F#,4,C#,4,F#,x,,x,,x,
F#5,2.4.x.x.x.x,99,18,2,2,4,0,2,2,4,2,True,False,2,F#,4,C#,x,,x,,x,,x,
F#5,x.9.11.11.x.x,39,6,3,3,3,0,3,9,11,2,True,False,x,,9,F#,11,C#,11,F#,x,,x,
F#5,x.9.11.x.x.x,30,16,4,2,4,0,2,9,11,2,True,False,x,,9,F#,11,C#,x,,x,,x,
F#5,3.5.5.x.x.x,12,4,5,3,3,0,3,3,5,2,True,False,3,G,5,D,5,G,x,,x,,x,
F#5,2.4.4.x.2.2,10,1,6,5,1,0,5,2,4,2,True,False,2,F#,4,C#,4,F#,x,,2,C#,2,F#
F#5,x.x.4.6.7.x,9,5,7,3,3,0,3,4,7,3,True,False,x,,x,,4,F#,6,C#,7,F#,x,
F#5,4.x.x.x.x.x,3,2,8,1,5,0,1,4,4,0,True,False,4,G#,x,,x,,x,,x,,x,
F#5,3.x.0.0.x.x,2,1,9,3,3,2,1,3,3,0,True,False,3,G,x,,0,D,0,G,x,,x,
F#5,2.x.4.x.x.x,2,1,10,2,4,0,2,2,4,2,True,False,2,F#,x,,4,F#,x,,x,,x,
F#5,2.x.x.x.2.2,1,1,11,3,3,0,3,2,2,0,True,False,2,F#,x,,x,,x,,2,C#,2,F#
F#5,x.x.4.6.x.x,1,1,12,2,4,0,2,4,6,2,True,False,x,,x,,4,F#,6,C#,x,,x,
F#5,x.x.5.7.8.x,1,1,13,3,3,0,3,5,8,3,True,False,x,,x,,5,G,7,D,8,G,x,
F#5,x.x.16.18.19.x,1,1,14,3,3,0,3,16,19,3,True,False,x,,x,,16,F#,18,C#,19,F#,x,
F#5,3.5.5.7.x.x,1,1,15,4,2,0,4,3,7,4,True,False,3,G,5,D,5,G,7,D,x,,x,
F#6,2.1.1.3.2.2,4,1,1,6,0,0,6,1,3,2,True,False,2,F#,1,A#,1,D#,3,A#,2,C#,2,F#
F#6,x.x.4.3.4.2,1,1,2,4,2,0,4,2,4,2,True,False,x,,x,,4,F#,3,A#,4,D#,2,F#
F#6/9,x.9.8.8.9.9,1,1,1,5,1,0,5,8,9,1,True,False,x,,9,F#,8,A#,8,D#,9,G#,9,C#
F#7,2.4.2.3.2.2,172,33,1,6,0,0,6,2,4,2,True,False,2,F#,4,C#,2,E,3,A#,2,C#,2,F#
F#7,2.4.2.3.5.2,34,4,2,6,0,0,6,2,5,3,True,False,2,F#,4,C#,2,E,3,A#,5,E,2,F#
F#7,2.1.2.3.2.2,31,5,3,6,0,0,6,1,3,2,True,False,2,F#,1,A#,2,E,3,A#,2,C#,2,F#
F#7,x.4.4.3.2.0,28,4,4,5,1,1,4,2,4,2,True,False,x,,4,C#,4,F#,3,A#,2,C#,0,E
F#7,0.x.x.11.x.9,16,2,5,3,3,1,2,9,11,2,True,True,0,E,x,,x,,11,F#,x,,9,C#
F#7,2.x.2.3.2.0,15,4,6,5,1,1,4,2,3,1,True,False,2,F#,x,,2,E,3,A#,2,C#,0,E
F#7,x.x.x.6.7.0,8,1,7,3,3,1,2,6,7,1,True,True,x,,x,,x,,6,C#,7,F#,0,E
F#7,x.x.4.3.2.0,8,6,8,4,2,1,3,2,4,2,True,False,x,,x,,4,F#,3,A#,2,C#,0,E
F#7,2.x.2.3.2.x,6,3,9,4,2,0,4,2,3,1,True,False,2,F#,x,,2,E,3,A#,2,C#,x,
F#7,x.x.8.9.7.x,6,1,10,3,3,0,3,7,9,2,True,False,x,,x,,8,A#,9,E,7,F#,x,
F#7,2.4.2.3.5.x,6,1,11,5,1,0,5,2,5,3,True,False,2,F#,4,C#,2,E,3,A#,5,E,x,
F#7,x.x.4.3.5.x,4,1,12,3,3,0,3,3,5,2,True,False,x,,x,,4,F#,3,A#,5,E,x,
F#7,4.4.4.6.5.x,4,1,13,5,1,0,5,4,6,2,True,False,4,G#,4,C#,4,F#,6,C#,5,E,x,
F#7,0.4.2.3.5.2,4,1,14,6,0,1,5,2,5,3,True,False,0,E,4,C#,2,E,3,A#,5,E,2,F#
F#7,2.4.2.3.x.x,3,3,15,4,2,0,4,2,4,2,True,False,2,F#,4,C#,2,E,3,A#,x,,x,
F#7,2.x.4.3.2.0,3,2,16,5,1,1,4,2,4,2,True,False,2,F#,x,,4,F#,3,A#,2,C#,0,E
F#7,x.9.8.9.7.9,2,1,17,5,1,0,5,7,9,2,True,False,x,,9,F#,8,A#,9,E,7,F#,9,C#
F#7,2.4.2.3.2.x,1,1,18,5,1,0,5,2,4,2,True,False,2,F#,4,C#,2,E,3,A#,2,C#,x,
F#7,2.4.2.3.x.2,1,1,19,5,1,0,5,2,4,2,True,False,2,F#,4,C#,2,E,3,A#,x,,2,F#
F#7,4.x.2.3.2.2,1,1,20,5,1,0,5,2,4,2,True,False,4,G#,x,,2,E,3,A#,2,C#,2,F#
F#7,x.x.4.6.5.6,1,1,21,4,2,0,4,4,6,2,True,False,x,,x,,4,F#,6,C#,5,E,6,A#
F#7,x.x.4.6.5.x,1,1,22,3,3,0,3,4,6,2,True,False,x,,x,,4,F#,6,C#,5,E,x,
F#7,0.9.8.9.7.x,1,1,23,5,1,1,4,7,9,2,True,True,0,E,9,F#,8,A#,9,E,7,F#,x,
F#7,x.9.8.9.7.x,1,1,24,4,2,0,4,7,9,2,True,False,x,,9,F#,8,A#,9,E,7,F#,x,
F#7,x.9.x.9.7.9,1,1,25,4,2,0,4,7,9,2,True,False,x,,9,F#,x,,9,E,7,F#,9,C#
F#7,x.x.8.9.7.9,1,1,26,4,2,0,4,7,9,2,True,False,x,,x,,8,A#,9,E,7,F#,9,C#
F#7,9.9.11.9.11.9,1,1,27,6,0,0,6,9,11,2,True,False,9,C#,9,F#,11,C#,9,E,11,A#,9,C#
F#7,4.1.2.3.x.0,1,1,28,5,1,1,4,1,4,3,True,False,4,G#,1,A#,2,E,3,A#,x,,0,E
F#7,x.x.11.11.14.0,1,1,29,4,2,1,3,11,14,3,True,True,x,,x,,11,C#,11,F#,14,C#,0,E
F#7#5,2.x.2.3.3.x,1,1,1,4,2,0,4,2,3,1,True,False,2,F#,x,,2,E,3,A#,3,D,x,
F#7(#9),x.9.8.9.10.x,1,1,1,4,2,0,4,8,10,2,True,False,x,,9,F#,8,A#,9,E,10,A,x,
F#7/5+,2.x.2.3.3.x,10,3,1,4,2,0,4,2,3,1,True,False,2,F#,x,,2,E,3,A#,3,D,x,
F#7/5+,0.x.8.7.7.0,1,1,2,5,1,2,3,7,8,1,True,True,0,E,x,,8,A#,7,D,7,F#,0,E
F#7/5+,2.1.2.3.3.x,1,1,3,5,1,0,5,1,3,2,True,False,2,F#,1,A#,2,E,3,A#,3,D,x,
F#7/5+,2.x.0.3.5.2,1,1,4,5,1,1,4,2,5,3,True,False,2,F#,x,,0,D,3,A#,5,E,2,F#
F#7/5+/E,x.7.8.7.7.x,1,1,1,4,2,0,4,7,8,1,True,False,x,,7,E,8,A#,7,D,7,F#,x,
F#7/5-,2.x.2.3.1.x,2,1,1,4,2,0,4,1,3,2,True,False,2,F#,x,,2,E,3,A#,1,C,x,
F#7/A#,x.1.2.0.2.x,1,1,1,4,2,1,3,1,2,1,True,False,x,,1,A#,2,E,0,G,2,C#,x,
F#7/A#,6.x.4.6.5.x,1,1,2,4,2,0,4,4,6,2,True,False,6,A#,x,,4,F#,6,C#,5,E,x,
F#7/C#,x.4.4.3.2.0,6,1,1,5,1,1,4,2,4,2,True,False,x,,4,C#,4,F#,3,A#,2,C#,0,E
F#7/D,x.5.4.6.5.x,1,1,1,4,2,0,4,4,6,2,True,False,x,,5,D,4,F#,6,C#,5,E,x,
F#7/G,3.x.2.3.2.2,3,1,1,5,1,0,5,2,3,1,True,False,3,G,x,,2,E,3,A#,2,C#,2,F#
F#7/G#,4.x.4.3.2.0,3,1,1,5,1,1,4,2,4,2,True,False,4,G#,x,,4,F#,3,A#,2,C#,0,E
F#7add11,2.4.4.3.0.0,6,2,1,6,0,2,4,2,4,2,True,False,2,F#,4,C#,4,F#,3,A#,0,B,0,E
F#7add11,2.2.2.3.2.2,3,2,2,6,0,0,6,2,3,1,True,False,2,F#,2,B,2,E,3,A#,2,C#,2,F#
F#7add13/E,x.7.8.8.7.x,1,1,1,4,2,0,4,7,8,1,True,False,x,,7,E,8,A#,8,D#,7,F#,x,
F#7dim,2.3.2.2.x.x,1,1,1,4,2,0,4,2,3,1,True,False,2,F#,3,C,2,E,2,A,x,,x,
F#7M,2.4.3.3.2.2,3,2,1,6,0,0,6,2,4,2,True,False,2,F#,4,C#,3,F,3,A#,2,C#,2,F#
F#7M,x.x.4.3.2.1,2,1,2,4,2,0,4,1,4,3,True,False,x,,x,,4,F#,3,A#,2,C#,1,F
F#7M9+,9.9.8.x.6.5,1,1,1,5,1,0,5,5,9,4,True,False,9,C#,9,F#,8,A#,x,,6,F,5,A
F#7M9+/5-,5.9.8.5.6.5,2,1,1,6,0,0,6,5,9,4,True,False,5,A,9,F#,8,A#,5,C,6,F,5,A
F#7sus2,3.5.3.2.x.x,1,1,1,4,2,0,4,2,5,3,True,False,3,G,5,D,3,F,2,A,x,,x,
F#7sus2add13,x.9.x.9.9.11,1,1,1,4,2,0,4,9,11,2,True,False,x,,9,F#,x,,9,E,9,G#,11,D#
F#7sus4,2.4.2.4.2.2,9,2,1,6,0,0,6,2,4,2,True,False,2,F#,4,C#,2,E,4,B,2,C#,2,F#
F#7sus4,x.9.11.11.0.0,2,1,2,5,1,2,3,9,11,2,True,True,x,,9,F#,11,C#,11,F#,0,B,0,E
F#7sus4,x.x.4.6.5.7,2,2,3,4,2,0,4,4,7,3,True,False,x,,x,,4,F#,6,C#,5,E,7,B
F#7sus4,2.2.2.4.0.x,1,1,4,5,1,1,4,2,4,2,True,False,2,F#,2,B,2,E,4,B,0,B,x,
F#7VII,x.9.8.9.7.x,2,1,1,4,2,0,4,7,9,2,True,False,x,,9,F#,8,A#,9,E,7,F#,x,
F#9,0.9.8.9.9.0,3,1,1,6,0,2,4,8,9,1,True,True,0,E,9,F#,8,A#,9,E,9,G#,0,E
F#9,2.x.2.3.2.4,2,1,2,5,1,0,5,2,4,2,True,False,2,F#,x,,2,E,3,A#,2,C#,4,G#
F#9,0.x.6.6.7.6,1,1,3,5,1,1,4,6,7,1,True,True,0,E,x,,6,G#,6,C#,7,F#,6,A#
F#9,x.9.8.9.9.0,1,1,4,5,1,1,4,8,9,1,True,True,x,,9,F#,8,A#,9,E,9,G#,0,E
F#9,x.9.8.9.9.9,1,1,5,5,1,0,5,8,9,1,True,False,x,,9,F#,8,A#,9,E,9,G#,9,C#
F#9,x.x.4.3.5.4,1,1,6,4,2,0,4,3,5,2,True,False,x,,x,,4,F#,3,A#,5,E,4,G#
F#9+,x.x.4.3.5.5,13,1,1,4,2,0,4,3,5,2,True,False,x,,x,,4,F#,3,A#,5,E,5,A
F#9-,x.x.2.0.2.2,3,1,1,4,2,1,3,2,2,0,True,False,x,,x,,2,E,0,G,2,C#,2,F#
F#9-,x.9.8.9.8.0,2,1,2,5,1,1,4,8,9,1,True,True,x,,9,F#,8,A#,9,E,8,G,0,E
F#add11,2.4.4.3.0.x,1,1,1,5,1,1,4,2,4,2,True,False,2,F#,4,C#,4,F#,3,A#,0,B,x,
F#add11,x.x.4.3.0.2,1,1,2,4,2,1,3,2,4,2,True,False,x,,x,,4,F#,3,A#,0,B,2,F#
F#add11+,2.x.4.5.2.2,1,1,1,5,1,0,5,2,5,3,True,False,2,F#,x,,4,F#,5,C,2,C#,2,F#
F#add11+,3.5.5.6.x.x,1,1,2,4,2,0,4,3,6,3,True,False,3,G,5,D,5,G,6,C#,x,,x,
F#add13-,2.1.0.3.2.x,3,1,1,5,1,1,4,1,3,2,True,False,2,F#,1,A#,0,D,3,A#,2,C#,x,
F#add4/E,0.x.4.3.0.2,1,1,1,5,1,2,3,2,4,2,True,False,0,E,x,,4,F#,3,A#,0,B,2,F#
F#add9,6.4.4.6.7.4,2,1,1,6,0,0,6,4,7,3,True,False,6,A#,4,C#,4,F#,6,C#,7,F#,4,G#
F#add9,2.4.6.x.x.x,2,1,2,3,3,0,3,2,6,4,True,False,2,F#,4,C#,6,G#,x,,x,,x,
F#add9,2.4.6.3.2.x,1,1,3,5,1,0,5,2,6,4,True,False,2,F#,4,C#,6,G#,3,A#,2,C#,x,
F#add9,x.9.11.13.11.x,1,1,4,4,2,0,4,9,13,4,True,False,x,,9,F#,11,C#,13,G#,11,A#,x,
F#add9-,2.4.5.3.2.2,5,1,1,6,0,0,6,2,5,3,True,False,2,F#,4,C#,5,G,3,A#,2,C#,2,F#
F#add9-,2.x.4.0.2.x,3,1,2,4,2,1,3,2,4,2,True,False,2,F#,x,,4,F#,0,G,2,C#,x,
F#add9-/5+,2.1.0.0.x.x,1,1,1,4,2,2,2,1,2,1,True,False,2,F#,1,A#,0,D,0,G,x,,x,
F#add9/5+,2.x.4.3.3.4,1,1,1,5,1,0,5,2,4,2,True,False,2,F#,x,,4,F#,3,A#,3,D,4,G#
F#aug,2.x.0.3.x.x,1,1,1,3,3,1,2,2,3,1,True,False,2,F#,x,,0,D,3,A#,x,,x,
F#aug,2.x.x.3.3.2,1,1,2,4,2,0,4,2,3,1,True,False,2,F#,x,,x,,3,A#,3,D,2,F#
F#aug,2.5.4.3.x.x,1,1,3,4,2,0,4,2,5,3,True,False,2,F#,5,D,4,F#,3,A#,x,,x,
F#aug (type 1),x.2.x.3.3.2,2,1,1,4,2,0,4,2,3,1,True,False,x,,2,B,x,,3,A#,3,D,2,F#
F#aug (type 2),x.9.8.7.x.x,2,1,1,3,3,0,3,7,9,2,True,False,x,,9,F#,8,A#,7,D,x,,x,
F#dim,x.x.4.5.4.5,15,5,1,4,2,0,4,4,5,1,True,False,x,,x,,4,F#,5,C,4,D#,5,A
F#dim,2.x.1.2.1.x,13,2,2,4,2,0,4,1,2,1,True,False,2,F#,x,,1,D#,2,A,1,C,x,
F#dim,x.x.1.2.1.2,2,1,3,4,2,0,4,1,2,1,True,False,x,,x,,1,D#,2,A,1,C,2,F#
F#dim,2.0.1.2.1.2,1,1,4,6,0,1,5,1,2,1,True,False,2,F#,0,A,1,D#,2,A,1,C,2,F#
F#dim7,x.x.4.2.4.2,9,1,1,4,2,0,4,2,4,2,True,False,x,,x,,4,F#,2,A,4,D#,2,F#
F#m,2.4.4.2.2.2,1443,163,1,6,0,0,6,2,4,2,True,False,2,F#,4,C#,4,F#,2,A,2,C#,2,F#
F#m,x.9.11.11.10.9,74,11,2,5,1,0,5,9,11,2,True,False,x,,9,F#,11,C#,11,F#,10,A,9,C#
F#m,2.0.4.2.2.2,64,11,3,6,0,1,5,2,4,2,True,False,2,F#,0,A,4,F#,2,A,2,C#,2,F#
F#m,14.12.11.14.x.x,52,2,4,4,2,0,4,11,14,3,True,False,14,F#,12,A,11,C#,14,A,x,,x,
F#m,2.4.4.2.x.x,40,10,5,4,2,0,4,2,4,2,True,False,2,F#,4,C#,4,F#,2,A,x,,x,
F#m,x.x.4.2.2.2,40,11,6,4,2,0,4,2,4,2,True,False,x,,x,,4,F#,2,A,2,C#,2,F#
F#m,2.4.4.2.2.x,33,6,7,5,1,0,5,2,4,2,True,False,2,F#,4,C#,4,F#,2,A,2,C#,x,
F#m,x.x.x.11.10.9,28,2,8,3,3,0,3,9,11,2,True,False,x,,x,,x,,11,F#,10,A,9,C#
F#m,4.2.2.2.x.x,23,1,9,4,2,0,4,2,4,2,True,False,4,G#,2,B,2,E,2,A,x,,x,
F#m,2.x.x.2.2.2,21,2,10,4,2,0,4,2,2,0,True,False,2,F#,x,,x,,2,A,2,C#,2,F#
F#m,x.0.4.2.2.2,20,2,11,5,1,1,4,2,4,2,True,False,x,,0,A,4,F#,2,A,2,C#,2,F#
F#m,x.4.4.2.2.x,19,1,12,4,2,0,4,2,4,2,True,False,x,,4,C#,4,F#,2,A,2,C#,x,
F#m,2.x.4.2.2.5,17,3,13,5,1,0,5,2,5,3,True,False,2,F#,x,,4,F#,2,A,2,C#,5,A
F#m,x.9.11.11.10.x,14,4,14,4,2,0,4,9,11,2,True,False,x,,9,F#,11,C#,11,F#,10,A,x,
F#m,x.x.x.6.7.5,10,4,15,3,3,0,3,5,7,2,True,False,x,,x,,x,,6,C#,7,F#,5,A
F#m,x.4.4.2.x.x,6,2,16,3,3,0,3,2,4,2,True,False,x,,4,C#,4,F#,2,A,x,,x,
F#m,2.x.4.2.2.x,5,2,17,4,2,0,4,2,4,2,True,False,2,F#,x,,4,F#,2,A,2,C#,x,
F#m,x.x.x.2.x.2,4,2,18,2,4,0,2,2,2,0,True,False,x,,x,,x,,2,A,x,,2,F#
F#m,5.x.x.6.7.x,4,1,19,3,3,0,3,5,7,2,True,False,5,A,x,,x,,6,C#,7,F#,x,
F#m,x.0.7.6.7.5,4,2,20,5,1,1,4,5,7,2,True,False,x,,0,A,7,A,6,C#,7,F#,5,A
F#m,9.9.11.11.10.9,4,2,21,6,0,0,6,9,11,2,True,False,9,C#,9,F#,11,C#,11,F#,10,A,9,C#
F#m,x.0.11.11.10.9,4,1,22,5,1,1,4,9,11,2,True,True,x,,0,A,11,C#,11,F#,10,A,9,C#
F#m,x.x.4.2.2.5,4,2,23,4,2,0,4,2,5,3,True,False,x,,x,,4,F#,2,A,2,C#,5,A
F#m,x.x.x.2.2.2,3,3,24,3,3,0,3,2,2,0,True,False,x,,x,,x,,2,A,2,C#,2,F#
F#m,x.x.7.6.7.5,3,2,25,4,2,0,4,5,7,2,True,False,x,,x,,7,A,6,C#,7,F#,5,A
F#m,9.9.11.11.10.x,3,1,26,5,1,0,5,9,11,2,True,False,9,C#,9,F#,11,C#,11,F#,10,A,x,
F#m,2.x.x.2.2.x,2,2,27,3,3,0,3,2,2,0,True,False,2,F#,x,,x,,2,A,2,C#,x,
F#m,2.x.x.2.x.x,2,2,28,2,4,0,2,2,2,0,True,False,2,F#,x,,x,,2,A,x,,x,
F#m,2.4.4.x.x.2,2,1,29,4,2,0,4,2,4,2,True,False,2,F#,4,C#,4,F#,x,,x,,2,F#
F#m,2.x.4.2.2.2,2,1,30,5,1,0,5,2,4,2,True,False,2,F#,x,,4,F#,2,A,2,C#,2,F#
F#m,x.x.4.2.x.x,2,2,31,2,4,0,2,2,4,2,True,False,x,,x,,4,F#,2,A,x,,x,
F#m,x.x.7.x.7.5,2,1,32,3,3,0,3,5,7,2,True,False,x,,x,,7,A,x,,7,F#,5,A
F#m,x.x.11.11.10.9,2,1,33,4,2,0,4,9,11,2,True,False,x,,x,,11,C#,11,F#,10,A,9,C#
F#m,x.0.4.6.7.x,2,1,34,4,2,1,3,4,7,3,True,False,x,,0,A,4,F#,6,C#,7,F#,x,
F#m,x.0.x.x.x.2,1,1,35,2,4,1,1,2,2,0,True,False,x,,0,A,x,,x,,x,,2,F#
F#m,2.3.3.2.2.2,1,1,36,6,0,0,6,2,3,1,True,False,2,F#,3,C,3,F,2,A,2,C#,2,F#
F#m,x.12.11.11.x.x,1,1,37,3,3,0,3,11,12,1,True,False,x,,12,A,11,C#,11,F#,x,,x,
F#m,4.x.4.2.2.2,1,1,38,5,1,0,5,2,4,2,True,False,4,G#,x,,4,F#,2,A,2,C#,2,F#
F#m,x.4.4.2.2.2,1,1,39,5,1,0,5,2,4,2,True,False,x,,4,C#,4,F#,2,A,2,C#,2,F#
F#m,x.4.x.2.x.2,1,1,40,3,3,0,3,2,4,2,True,False,x,,4,C#,x,,2,A,x,,2,F#
F#m,x.x.4.2.2.x,1,1,41,3,3,0,3,2,4,2,True,False,x,,x,,4,F#,2,A,2,C#,x,
F#m,5.x.7.6.7.x,1,1,42,4,2,0,4,5,7,2,True,False,5,A,x,,7,A,6,C#,7,F#,x,
F#m,x.0.x.x.7.5,1,1,43,3,3,1,2,5,7,2,True,False,x,,0,A,x,,x,,7,F#,5,A
F#m,x.x.x.x.7.5,1,1,44,2,4,0,2,5,7,2,True,False,x,,x,,x,,x,,7,F#,5,A
F#m,9.x.11.11.10.9,1,1,45,5,1,0,5,9,11,2,True,False,9,C#,x,,11,C#,11,F#,10,A,9,C#
F#m,x.9.11.x.10.x,1,1,46,3,3,0,3,9,11,2,True,False,x,,9,F#,11,C#,x,,10,A,x,
F#m,x.x.x.x.19.17,1,1,47,2,4,0,2,17,19,2,True,False,x,,x,,x,,x,,19,F#,17,A
F#m,2.4.4.2.2.5,1,1,48,6,0,0,6,2,5,3,True,False,2,F#,4,C#,4,F#,2,A,2,C#,5,A
F#m,2.4.x.2.x.5,1,1,49,4,2,0,4,2,5,3,True,False,2,F#,4,C#,x,,2,A,x,,5,A
F#m,2.x.x.2.2.5,1,1,50,4,2,0,4,2,5,3,True,False,2,F#,x,,x,,2,A,2,C#,5,A
F#m,2.x.x.x.x.5,1,1,51,2,4,0,2,2,5,3,True,False,2,F#,x,,x,,x,,x,,5,A
F#m,x.x.4.6.7.5,1,1,52,4,2,0,4,4,7,3,True,False,x,,x,,4,F#,6,C#,7,F#,5,A
F#m,x.9.7.6.7.x,1,1,53,4,2,0,4,6,9,3,True,False,x,,9,F#,7,A,6,C#,7,F#,x,
F#m(add9)/A,x.0.4.x.2.2,1,1,1,4,2,1,3,2,4,2,True,False,x,,0,A,4,F#,x,,2,C#,2,F#
F#m/11,2.x.x.2.0.0,2,1,1,4,2,2,2,2,2,0,True,False,2,F#,x,,x,,2,A,0,B,0,E
F#m/5+,2.x.x.2.3.2,7,1,1,4,2,0,4,2,3,1,True,False,2,F#,x,,x,,2,A,3,D,2,F#
F#m/5+,2.0.0.x.x.x,2,1,2,3,3,2,1,2,2,0,True,False,2,F#,0,A,0,D,x,,x,,x,
F#m/5+,2.x.0.2.3.2,1,1,3,5,1,1,4,2,3,1,True,False,2,F#,x,,0,D,2,A,3,D,2,F#
F#m/5+,x.5.x.7.7.5,1,1,4,4,2,0,4,5,7,2,True,False,x,,5,D,x,,7,D,7,F#,5,A
F#m/5+/D,x.x.0.7.7.5,2,2,1,4,2,1,3,5,7,2,True,False,x,,x,,0,D,7,D,7,F#,5,A
F#m/5+/E,x.7.7.7.7.x,1,1,1,4,2,0,4,7,7,0,True,False,x,,7,E,7,A,7,D,7,F#,x,
F#m/5-,x.x.4.2.1.x,8,3,1,3,3,0,3,1,4,3,True,False,x,,x,,4,F#,2,A,1,C,x,
F#m/5-,x.x.4.2.1.2,5,1,2,4,2,0,4,1,4,3,True,False,x,,x,,4,F#,2,A,1,C,2,F#
F#m/5-,x.0.x.2.1.2,2,1,3,4,2,1,3,1,2,1,True,False,x,,0,A,x,,2,A,1,C,2,F#
F#m/5-,x.x.x.2.1.2,2,2,4,3,3,0,3,1,2,1,True,False,x,,x,,x,,2,A,1,C,2,F#
F#m/5-,2.x.x.2.1.x,1,1,5,3,3,0,3,1,2,1,True,False,2,F#,x,,x,,2,A,1,C,x,
F#m/5-,2.3.4.2.x.x,1,1,6,4,2,0,4,2,4,2,True,False,2,F#,3,C,4,F#,2,A,x,,x,
F#m/5-,x.9.x.x.10.8,1,1,7,3,3,0,3,8,10,2,True,False,x,,9,F#,x,,x,,10,A,8,C
F#m/5-,x.9.7.x.10.8,1,1,8,4,2,0,4,7,10,3,True,False,x,,9,F#,7,A,x,,10,A,8,C
F#m/5-,x.x.x.11.10.8,1,1,9,3,3,0,3,8,11,3,True,False,x,,x,,x,,11,F#,10,A,8,C
F#m/5-,x.x.16.14.13.x,1,1,10,3,3,0,3,13,16,3,True,False,x,,x,,16,F#,14,A,13,C,x,
F#m/5-,x.9.7.5.x.x,1,1,11,3,3,0,3,5,9,4,True,False,x,,9,F#,7,A,5,C,x,,x,
F#m/5-/B,x.2.4.2.1.x,2,1,1,4,2,0,4,1,4,3,True,False,x,,2,B,4,F#,2,A,1,C,x,
F#m/D,x.x.0.2.2.2,10,3,1,4,2,1,3,2,2,0,True,False,x,,x,,0,D,2,A,2,C#,2,F#
F#m/D,x.x.0.6.7.5,4,2,2,4,2,1,3,5,7,2,True,False,x,,x,,0,D,6,C#,7,F#,5,A
F#m/D,x.5.4.2.x.x,4,1,3,3,3,0,3,2,5,3,True,False,x,,5,D,4,F#,2,A,x,,x,
F#m/D,x.5.4.2.2.x,2,1,4,4,2,0,4,2,5,3,True,False,x,,5,D,4,F#,2,A,2,C#,x,
F#m/E,x.7.x.6.7.5,5,1,1,4,2,0,4,5,7,2,True,False,x,,7,E,x,,6,C#,7,F#,5,A
F#m/G,3.x.x.x.7.5,1,1,1,3,3,0,3,3,7,4,True,False,3,G,x,,x,,x,,7,F#,5,A
F#m11,x.4.4.2.0.0,7,1,1,5,1,2,3,2,4,2,True,False,x,,4,C#,4,F#,2,A,0,B,0,E
F#m11,x.x.4.2.0.x,1,1,2,3,3,1,2,2,4,2,True,False,x,,x,,4,F#,2,A,0,B,x,
F#m11,x.9.7.9.0.0,1,1,3,5,1,2,3,7,9,2,True,True,x,,9,F#,7,A,9,E,0,B,0,E
F#m6,2.x.1.2.2.x,9,2,1,4,2,0,4,1,2,1,True,False,2,F#,x,,1,D#,2,A,2,C#,x,
F#m6,2.x.4.2.4.2,2,1,2,5,1,0,5,2,4,2,True,False,2,F#,x,,4,F#,2,A,4,D#,2,F#
F#m6,x.x.7.8.7.9,2,1,3,4,2,0,4,7,9,2,True,False,x,,x,,7,A,8,D#,7,F#,9,C#
F#m6,2.0.1.2.2.2,1,1,4,6,0,1,5,1,2,1,True,False,2,F#,0,A,1,D#,2,A,2,C#,2,F#
F#m6,x.x.4.2.4.2,1,1,5,4,2,0,4,2,4,2,True,False,x,,x,,4,F#,2,A,4,D#,2,F#
F#m7,2.0.2.2.2.0,54,12,1,6,0,2,4,2,2,0,True,False,2,F#,0,A,2,E,2,A,2,C#,0,E
F#m7,2.x.2.2.2.x,35,7,2,4,2,0,4,2,2,0,True,False,2,F#,x,,2,E,2,A,2,C#,x,
F#m7,2.4.2.2.2.2,20,5,3,6,0,0,6,2,4,2,True,False,2,F#,4,C#,2,E,2,A,2,C#,2,F#
F#m7,x.4.4.2.2.0,12,1,4,5,1,1,4,2,4,2,True,False,x,,4,C#,4,F#,2,A,2,C#,0,E
F#m7,2.4.2.2.2.x,8,1,5,5,1,0,5,2,4,2,True,False,2,F#,4,C#,2,E,2,A,2,C#,x,
F#m7,2.x.2.2.x.x,7,2,6,3,3,0,3,2,2,0,True,False,2,F#,x,,2,E,2,A,x,,x,
F#m7,2.x.2.2.2.2,5,2,7,5,1,0,5,2,2,0,True,False,2,F#,x,,2,E,2,A,2,C#,2,F#
F#m7,x.9.11.9.10.x,5,3,8,4,2,0,4,9,11,2,True,False,x,,9,F#,11,C#,9,E,10,A,x,
F#m7,x.0.2.2.2.2,4,2,9,5,1,1,4,2,2,0,True,False,x,,0,A,2,E,2,A,2,C#,2,F#
F#m7,x.x.4.6.5.5,4,3,10,4,2,0,4,4,6,2,True,False,x,,x,,4,F#,6,C#,5,E,5,A
F#m7,x.9.11.9.10.9,4,2,11,5,1,0,5,9,11,2,True,False,x,,9,F#,11,C#,9,E,10,A,9,C#
F#m7,9.9.11.9.10.9,3,2,12,6,0,0,6,9,11,2,True,False,9,C#,9,F#,11,C#,9,E,10,A,9,C#
F#m7,2.4.2.2.5.2,3,2,13,6,0,0,6,2,5,3,True,False,2,F#,4,C#,2,E,2,A,5,E,2,F#
F#m7,2.x.2.2.2.0,2,1,14,5,1,1,4,2,2,0,True,False,2,F#,x,,2,E,2,A,2,C#,0,E
F#m7,5.x.4.6.5.x,2,2,15,4,2,0,4,4,6,2,True,False,5,A,x,,4,F#,6,C#,5,E,x,
F#m7,2.4.2.2.2.5,2,2,16,6,0,0,6,2,5,3,True,False,2,F#,4,C#,2,E,2,A,2,C#,5,A
F#m7,2.4.2.x.x.5,2,1,17,4,2,0,4,2,5,3,True,False,2,F#,4,C#,2,E,x,,x,,5,A
F#m7,2.x.2.2.2.5,2,2,18,5,1,0,5,2,5,3,True,False,2,F#,x,,2,E,2,A,2,C#,5,A
F#m7,2.4.2.2.x.x,1,1,19,4,2,0,4,2,4,2,True,False,2,F#,4,C#,2,E,2,A,x,,x,
F#m7,x.x.4.2.2.0,1,1,20,4,2,1,3,2,4,2,True,False,x,,x,,4,F#,2,A,2,C#,0,E
F#m7,x.7.7.6.7.5,1,1,21,5,1,0,5,5,7,2,True,False,x,,7,E,7,A,6,C#,7,F#,5,A
F#m7,x.9.7.9.x.9,1,1,22,4,2,0,4,7,9,2,True,False,x,,9,F#,7,A,9,E,x,,9,C#
F#m7,2.4.2.2.5.x,1,1,23,5,1,0,5,2,5,3,True,False,2,F#,4,C#,2,E,2,A,5,E,x,
F#m7,2.4.4.2.5.2,1,1,24,6,0,0,6,2,5,3,True,False,2,F#,4,C#,4,F#,2,A,5,E,2,F#
F#m7,2.4.4.2.5.x,1,1,25,5,1,0,5,2,5,3,True,False,2,F#,4,C#,4,F#,2,A,5,E,x,
F#m7,x.x.4.2.5.2,1,1,26,4,2,0,4,2,5,3,True,False,x,,x,,4,F#,2,A,5,E,2,F#
F#m7 (type 2),x.x.x.11.10.12,2,1,1,3,3,0,3,10,12,2,True,False,x,,x,,x,,11,F#,10,A,12,E
F#m7/5+,x.5.4.2.x.0,1,1,1,4,2,1,3,2,5,3,True,False,x,,5,D,4,F#,2,A,x,,0,E
F#m7/5-,x.x.4.5.5.5,8,2,1,4,2,0,4,4,5,1,True,False,x,,x,,4,F#,5,C,5,E,5,A
F#m7/5-,x.9.10.9.10.x,5,4,2,4,2,0,4,9,10,1,True,False,x,,9,F#,10,C,9,E,10,A,x,
F#m7/5-,2.x.2.2.1.x,4,3,3,4,2,0,4,1,2,1,True,False,2,F#,x,,2,E,2,A,1,C,x,
F#m7/B,x.2.4.2.2.0,9,1,1,5,1,1,4,2,4,2,True,False,x,,2,B,4,F#,2,A,2,C#,0,E
F#m7/E,x.7.7.6.7.x,1,1,1,4,2,0,4,6,7,1,True,False,x,,7,E,7,A,6,C#,7,F#,x,
F#m7add11,2.x.2.2.0.x,7,2,1,4,2,1,3,2,2,0,True,False,2,F#,x,,2,E,2,A,0,B,x,
F#m7add11,x.x.4.2.0.0,2,1,2,4,2,2,2,2,4,2,True,False,x,,x,,4,F#,2,A,0,B,0,E
F#m7add11,0.0.4.2.0.0,1,1,3,6,0,4,2,2,4,2,True,False,0,E,0,A,4,F#,2,A,0,B,0,E
F#m9,2.0.2.1.2.0,4,1,1,6,0,2,4,1,2,1,True,False,2,F#,0,A,2,E,1,G#,2,C#,0,E
F#m9,x.0.2.1.2.2,3,1,2,5,1,1,4,1,2,1,True,False,x,,0,A,2,E,1,G#,2,C#,2,F#
F#m9,0.x.7.x.7.4,2,1,3,4,2,1,3,4,7,3,True,False,0,E,x,,7,A,x,,7,F#,4,G#
F#m9,2.0.2.2.2.4,1,1,4,6,0,1,5,2,4,2,True,False,2,F#,0,A,2,E,2,A,2,C#,4,G#
F#m9,2.4.2.2.2.4,1,1,5,6,0,0,6,2,4,2,True,False,2,F#,4,C#,2,E,2,A,2,C#,4,G#
F#m9,14.16.14.14.14.16,1,1,6,6,0,0,6,14,16,2,True,False,14,F#,16,C#,14,E,14,A,14,C#,16,G#
F#m9,2.x.4.2.5.4,1,1,7,5,1,0,5,2,5,3,True,False,2,F#,x,,4,F#,2,A,5,E,4,G#
F#m9,0.x.7.6.7.4,1,1,8,5,1,1,4,4,7,3,True,False,0,E,x,,7,A,6,C#,7,F#,4,G#
F#madd11,2.2.4.2.2.x,2,1,1,5,1,0,5,2,4,2,True,False,2,F#,2,B,4,F#,2,A,2,C#,x,
F#madd11+,2.3.4.2.2.2,1,1,1,6,0,0,6,2,4,2,True,False,2,F#,3,C,4,F#,2,A,2,C#,2,F#
F#madd13-,2.4.4.2.3.x,1,1,1,5,1,0,5,2,4,2,True,False,2,F#,4,C#,4,F#,2,A,3,D,x,
F#madd13-,x.x.4.6.3.5,1,1,2,4,2,0,4,3,6,3,True,False,x,,x,,4,F#,6,C#,3,D,5,A
F#madd2,2.4.6.2.x.x,15,1,1,4,2,0,4,2,6,4,True,False,2,F#,4,C#,6,G#,2,A,x,,x,
F#madd9,x.x.4.2.2.4,1,1,1,4,2,0,4,2,4,2,True,False,x,,x,,4,F#,2,A,2,C#,4,G#
F#madd9,2.4.6.2.2.x,1,1,2,5,1,0,5,2,6,4,True,False,2,F#,4,C#,6,G#,2,A,2,C#,x,
F#madd9/5+,x.0.4.1.3.x,3,1,1,4,2,1,3,1,4,3,True,False,x,,0,A,4,F#,1,G#,3,D,x,
F#sus2,2.4.6.x.x.x,4,1,1,3,3,0,3,2,6,4,True,False,2,F#,4,C#,6,G#,x,,x,,x,
F#sus2,x.x.4.1.2.4,3,1,2,4,2,0,4,1,4,3,True,False,x,,x,,4,F#,1,G#,2,C#,4,G#
F#sus2,2.4.4.x.2.4,1,1,3,5,1,0,5,2,4,2,True,False,2,F#,4,C#,4,F#,x,,2,C#,4,G#
F#sus2,x.0.x.x.8.10,1,1,4,3,3,1,2,8,10,2,True,True,x,,0,A,x,,x,,8,G,10,D
F#sus2/E,x.7.6.x.7.9,1,1,1,4,2,0,4,6,9,3,True,False,x,,7,E,6,G#,x,,7,F#,9,C#
F#sus2add11+,4.4.4.5.7.4,1,1,1,6,0,0,6,4,7,3,True,False,4,G#,4,C#,4,F#,5,C,7,F#,4,G#
F#sus4,2.2.4.4.2.2,19,5,1,6,0,0,6,2,4,2,True,False,2,F#,2,B,4,F#,4,B,2,C#,2,F#
F#sus4,x.9.9.6.7.7,10,1,2,5,1,0,5,6,9,3,True,False,x,,9,F#,9,B,6,C#,7,F#,7,B
F#sus4,x.9.11.x.12.x,2,1,3,3,3,0,3,9,12,3,True,False,x,,9,F#,11,C#,x,,12,B,x,
F#sus4,2.4.4.4.2.x,1,1,4,5,1,0,5,2,4,2,True,False,2,F#,4,C#,4,F#,4,B,2,C#,x,
F#sus4,2.x.4.4.2.2,1,1,5,5,1,0,5,2,4,2,True,False,2,F#,x,,4,F#,4,B,2,C#,2,F#
F#sus4,x.9.x.6.x.7,1,1,6,3,3,0,3,6,9,3,True,False,x,,9,F#,x,,6,C#,x,,7,B
F#sus4/5+,2.x.0.4.0.x,1,1,1,4,2,2,2,2,4,2,True,False,2,F#,x,,0,D,4,B,0,B,x,
F#sus4add9-/5+,2.2.0.0.x.x,2,1,1,4,2,2,2,2,2,0,True,False,2,F#,2,B,0,D,0,G,x,,x,
F(#11)/A,x.0.3.5.0.x,8,2,1,4,2,2,2,3,5,2,True,False,x,,0,A,3,F,5,C,0,B,x,
F(5),x.x.7.5.6.5,20,1,1,4,2,0,4,5,7,2,True,False,x,,x,,7,A,5,C,6,F,5,A
F(5),1.3.3.2.x.x,2,1,2,4,2,0,4,1,3,2,True,False,1,F,3,C,3,F,2,A,x,,x,
F(type 2),x.x.3.2.1.1,1,1,1,4,2,0,4,1,3,2,True,False,x,,x,,3,F,2,A,1,C,1,F
F*,1.3.3.2.1.1,2,2,1,6,0,0,6,1,3,2,True,False,1,F,3,C,3,F,2,A,1,C,1,F
F/5+,1.x.x.2.2.1,1,1,1,4,2,0,4,1,2,1,True,False,1,F,x,,x,,2,A,2,C#,1,F
F/5+,x.x.4.7.x.x,1,1,2,2,4,0,2,4,7,3,True,False,x,,x,,4,F#,7,D,x,,x,
F/5+/G,x.x.5.6.6.5,1,1,1,4,2,0,4,5,6,1,True,False,x,,x,,5,G,6,C#,6,F,5,A
F/5-,x.0.9.10.x.x,3,1,1,3,3,1,2,9,10,1,True,True,x,,0,A,9,B,10,F,x,,x,
F/5-,x.0.3.2.0.x,1,1,2,4,2,2,2,2,3,1,True,False,x,,0,A,3,F,2,A,0,B,x,
F/5-,1.0.3.2.0.x,1,1,3,5,1,2,3,1,3,2,True,False,1,F,0,A,3,F,2,A,0,B,x,
F/5-,x.x.3.2.0.1,1,1,4,4,2,1,3,1,3,2,True,False,x,,x,,3,F,2,A,0,B,1,F
F/5-/A,x.0.3.2.0.x,1,1,1,4,2,2,2,2,3,1,True,False,x,,0,A,3,F,2,A,0,B,x,
F/5-/C,8.8.x.10.12.x,1,1,1,4,2,0,4,8,12,4,True,False,8,C,8,F,x,,10,F,12,B,x,
F/A,x.0.3.2.1.1,10,3,1,5,1,1,4,1,3,2,True,False,x,,0,A,3,F,2,A,1,C,1,F
F/A,x.0.3.2.1.x,4,3,2,4,2,1,3,1,3,2,True,False,x,,0,A,3,F,2,A,1,C,x,
F/A,5.x.3.5.6.x,3,2,3,4,2,0,4,3,6,3,True,False,5,A,x,,3,F,5,C,6,F,x,
F/A,x.0.x.2.1.1,2,1,4,4,2,1,3,1,2,1,True,False,x,,0,A,x,,2,A,1,C,1,F
F/A,x.x.x.2.1.1,2,2,5,3,3,0,3,1,2,1,True,False,x,,x,,x,,2,A,1,C,1,F
F/A,x.0.3.2.1.0,1,1,6,5,1,2,3,1,3,2,True,False,x,,0,A,3,F,2,A,1,C,0,E
F/A,5.x.3.5.x.x,1,1,7,3,3,0,3,3,5,2,True,False,5,A,x,,3,F,5,C,x,,x,
F/A,x.x.7.5.6.5,1,1,8,4,2,0,4,5,7,2,True,False,x,,x,,7,A,5,C,6,F,5,A
F/A#,x.x.8.5.6.5,2,1,1,4,2,0,4,5,8,3,True,False,x,,x,,8,A#,5,C,6,F,5,A
F/B,x.x.x.4.6.8,2,1,1,3,3,0,3,4,8,4,True,False,x,,x,,x,,4,B,6,F,8,C
F/C,x.3.3.2.1.1,39,10,1,5,1,0,5,1,3,2,True,False,x,,3,C,3,F,2,A,1,C,1,F
F/C,x.3.3.2.1.x,26,5,2,4,2,0,4,1,3,2,True,False,x,,3,C,3,F,2,A,1,C,x,
F/C,x.x.x.5.6.5,6,4,3,3,3,0,3,5,6,1,True,False,x,,x,,x,,5,C,6,F,5,A
F/C,1.0.3.2.1.1,6,1,4,6,0,1,5,1,3,2,True,False,1,F,0,A,3,F,2,A,1,C,1,F
F/C,x.3.3.2.x.x,5,3,5,3,3,0,3,2,3,1,True,False,x,,3,C,3,F,2,A,x,,x,
F/C,8.8.10.10.10.8,4,1,6,6,0,0,6,8,10,2,True,False,8,C,8,F,10,C,10,F,10,A,8,C
F/C,8.x.x.10.10.x,4,1,7,3,3,0,3,8,10,2,True,False,8,C,x,,x,,10,F,10,A,x,
F/C,8.x.7.x.6.x,2,1,8,3,3,0,3,6,8,2,True,False,8,C,x,,7,A,x,,6,F,x,
F/C,1.3.3.2.1.1,1,1,9,6,0,0,6,1,3,2,True,False,1,F,3,C,3,F,2,A,1,C,1,F
F/C,x.x.x.5.6.8,1,1,10,3,3,0,3,5,8,3,True,False,x,,x,,x,,5,C,6,F,8,C
F/C,x.x.10.10.10.13,1,1,11,4,2,0,4,10,13,3,True,False,x,,x,,10,C,10,F,10,A,13,F
F/D,x.x.0.5.6.5,9,5,1,4,2,1,3,5,6,1,True,False,x,,x,,0,D,5,C,6,F,5,A
F/D,x.x.0.2.1.1,8,6,2,4,2,1,3,1,2,1,True,False,x,,x,,0,D,2,A,1,C,1,F
F/D,10.0.x.10.10.8,6,1,3,5,1,1,4,8,10,2,True,True,10,D,0,A,x,,10,F,10,A,8,C
F/D,x.5.x.5.6.5,3,2,4,4,2,0,4,5,6,1,True,False,x,,5,D,x,,5,C,6,F,5,A
F/D,x.5.7.5.6.5,2,2,5,5,1,0,5,5,7,2,True,False,x,,5,D,7,A,5,C,6,F,5,A
F/D,10.x.10.10.10.x,1,1,6,4,2,0,4,10,10,0,True,False,10,D,x,,10,C,10,F,10,A,x,
F/D,x.5.x.5.6.x,1,1,7,3,3,0,3,5,6,1,True,False,x,,5,D,x,,5,C,6,F,x,
F/D,x.5.7.5.6.x,1,1,8,4,2,0,4,5,7,2,True,False,x,,5,D,7,A,5,C,6,F,x,
F/D,x.x.x.7.6.8,1,1,9,3,3,0,3,6,8,2,True,False,x,,x,,x,,7,D,6,F,8,C
F/D,x.x.0.10.10.8,1,1,10,4,2,1,3,8,10,2,True,True,x,,x,,0,D,10,F,10,A,8,C
F/D,x.5.3.2.x.x,1,1,11,3,3,0,3,2,5,3,True,False,x,,5,D,3,F,2,A,x,,x,
F/D,x.5.7.5.6.8,1,1,12,5,1,0,5,5,8,3,True,False,x,,5,D,7,A,5,C,6,F,8,C
F/D#,x.x.x.8.6.5,3,1,1,3,3,0,3,5,8,3,True,False,x,,x,,x,,8,D#,6,F,5,A
F/E,0.3.3.2.1.1,5,2,1,6,0,1,5,1,3,2,True,False,0,E,3,C,3,F,2,A,1,C,1,F
F/E,0.0.3.2.1.x,3,1,2,5,1,2,3,1,3,2,True,False,0,E,0,A,3,F,2,A,1,C,x,
F/E,x.7.7.5.6.5,2,1,3,5,1,0,5,5,7,2,True,False,x,,7,E,7,A,5,C,6,F,5,A
F/E,0.0.3.2.1.1,1,1,4,6,0,2,4,1,3,2,True,False,0,E,0,A,3,F,2,A,1,C,1,F
F/E,x.7.x.10.10.8,1,1,5,4,2,0,4,7,10,3,True,False,x,,7,E,x,,10,F,10,A,8,C
F/E,x.x.x.9.6.5,1,1,6,3,3,0,3,5,9,4,True,False,x,,x,,x,,9,E,6,F,5,A
F/F#,x.x.4.5.6.5,3,1,1,4,2,0,4,4,6,2,True,False,x,,x,,4,F#,5,C,6,F,5,A
F/G,x.x.5.5.6.5,87,1,1,4,2,0,4,5,6,1,True,False,x,,x,,5,G,5,C,6,F,5,A
F/G,x.x.x.0.1.1,44,1,2,3,3,1,2,1,1,0,True,False,x,,x,,x,,0,G,1,C,1,F
F/G,3.x.3.2.1.x,9,4,3,4,2,0,4,1,3,2,True,False,3,G,x,,3,F,2,A,1,C,x,
F/G,3.0.3.2.1.1,4,2,4,6,0,1,5,1,3,2,True,False,3,G,0,A,3,F,2,A,1,C,1,F
F/G,3.x.3.2.x.1,1,1,5,4,2,0,4,1,3,2,True,False,3,G,x,,3,F,2,A,x,,1,F
F/G,3.x.x.2.1.1,1,1,6,4,2,0,4,1,3,2,True,False,3,G,x,,x,,2,A,1,C,1,F
F/G,3.0.3.5.x.5,1,1,7,5,1,1,4,3,5,2,True,False,3,G,0,A,3,F,5,C,x,,5,A
F/G,3.0.3.5.x.1,1,1,8,5,1,1,4,1,5,4,True,False,3,G,0,A,3,F,5,C,x,,1,F
F11,1.1.3.2.1.3,2,1,1,6,0,0,6,1,3,2,True,False,1,F,1,A#,3,F,2,A,1,C,3,G
F13,x.x.3.2.0.3,6,1,1,4,2,1,3,2,3,1,True,False,x,,x,,3,F,2,A,0,B,3,G
F13,1.x.1.2.3.x,2,1,2,4,2,0,4,1,3,2,True,False,1,F,x,,1,D#,2,A,3,D,x,
F13,x.8.10.8.8.10,1,1,3,5,1,0,5,8,10,2,True,False,x,,8,F,10,C,8,D#,8,G,10,D
F13,x.8.7.8.8.10,1,1,4,5,1,0,5,7,10,3,True,False,x,,8,F,7,A,8,D#,8,G,10,D
F13/Gb,2.x.1.2.3.x,2,1,1,4,2,0,4,1,3,2,True,False,2,F#,x,,1,D#,2,A,3,D,x,
F3,1.x.x.2.x.x,1,1,1,2,4,0,2,1,2,1,True,False,1,F,x,,x,,2,A,x,,x,
F5,1.3.3.x.x.x,753,80,1,3,3,0,3,1,3,2,True,False,1,F,3,C,3,F,x,,x,,x,
F5,1.3.x.x.x.x,179,11,2,2,4,0,2,1,3,2,True,False,1,F,3,C,x,,x,,x,,x,
F5,x.8.10.x.x.x,93,18,3,2,4,0,2,8,10,2,True,False,x,,8,F,10,C,x,,x,,x,
F5,x.8.10.10.x.x,80,19,4,3,3,0,3,8,10,2,True,False,x,,8,F,10,C,10,F,x,,x,
F5,x.x.3.5.x.x,31,5,5,2,4,0,2,3,5,2,True,False,x,,x,,3,F,5,C,x,,x,
F5,2.4.4.x.x.x,30,5,6,3,3,0,3,2,4,2,True,False,2,F#,4,C#,4,F#,x,,x,,x,
F5,3.3.3.x.x.x,28,4,7,3,3,0,3,3,3,0,True,False,3,G,3,C,3,F,x,,x,,x,
F5,x.x.3.5.6.x,19,4,8,3,3,0,3,3,6,3,True,False,x,,x,,3,F,5,C,6,F,x,
F5,13.15.15.x.x.x,9,1,9,3,3,0,3,13,15,2,True,False,13,F,15,C,15,F,x,,x,,x,
F5,x.9.11.11.x.x,7,3,10,3,3,0,3,9,11,2,True,False,x,,9,F#,11,C#,11,F#,x,,x,
F5,1.x.x.x.1.x,4,2,11,2,4,0,2,1,1,0,True,False,1,F,x,,x,,x,,1,C,x,
F5,x.x.x.0.3.3,4,2,12,3,3,1,2,3,3,0,True,False,x,,x,,x,,0,G,3,D,3,G
F5,13.15.x.x.x.x,4,1,13,2,4,0,2,13,15,2,True,False,13,F,15,C,x,,x,,x,,x,
F5,x.3.3.5.6.x,4,1,14,4,2,0,4,3,6,3,True,False,x,,3,C,3,F,5,C,6,F,x,
F5,x.0.2.2.x.x,3,1,15,3,3,1,2,2,2,0,True,False,x,,0,A,2,E,2,A,x,,x,
F5,4.4.4.x.x.x,3,1,16,3,3,0,3,4,4,0,True,False,4,G#,4,C#,4,F#,x,,x,,x,
F5,1.x.3.x.1.1,3,2,17,4,2,0,4,1,3,2,True,False,1,F,x,,3,F,x,,1,C,1,F
F5,x.x.x.x.1.1,2,1,18,2,4,0,2,1,1,0,True,False,x,,x,,x,,x,,1,C,1,F
F5,x.x.3.x.1.x,2,2,19,2,4,0,2,1,3,2,True,False,x,,x,,3,F,x,,1,C,x,
F5,2.4.x.x.x.x,2,1,20,2,4,0,2,2,4,2,True,False,2,F#,4,C#,x,,x,,x,,x,
F5,3.x.x.x.x.x,1,1,21,1,5,0,1,3,3,0,True,False,3,G,x,,x,,x,,x,,x,
F5,1.3.3.x.1.x,1,1,22,4,2,0,4,1,3,2,True,False,1,F,3,C,3,F,x,,1,C,x,
F5,3.5.x.x.x.x,1,1,23,2,4,0,2,3,5,2,True,False,3,G,5,D,x,,x,,x,,x,
F5,x.8.x.x.6.8,1,1,24,3,3,0,3,6,8,2,True,False,x,,8,F,x,,x,,6,F,8,C
F5,3.3.3.5.6.x,1,1,25,5,1,0,5,3,6,3,True,False,3,G,3,C,3,F,5,C,6,F,x,
F6,1.0.0.2.1.1,108,4,1,6,0,2,4,1,2,1,True,False,1,F,0,A,0,D,2,A,1,C,1,F
F6,1.3.x.2.3.1,27,2,2,5,1,0,5,1,3,2,True,False,1,F,3,C,x,,2,A,3,D,1,F
F6,x.x.0.2.1.1,22,3,3,4,2,1,3,1,2,1,True,False,x,,x,,0,D,2,A,1,C,1,F
F6,x.x.3.5.3.5,11,2,4,4,2,0,4,3,5,2,True,False,x,,x,,3,F,5,C,3,D,5,A
F6,x.x.x.2.3.1,10,2,5,3,3,0,3,1,3,2,True,False,x,,x,,x,,2,A,3,D,1,F
F6,5.5.7.5.6.5,10,3,6,6,0,0,6,5,7,2,True,False,5,A,5,D,7,A,5,C,6,F,5,A
F6,1.x.0.2.1.x,5,3,7,4,2,1,3,1,2,1,True,False,1,F,x,,0,D,2,A,1,C,x,
F6,1.3.0.2.3.x,3,2,8,5,1,1,4,1,3,2,True,False,1,F,3,C,0,D,2,A,3,D,x,
F6,x.0.0.2.1.1,2,1,9,5,1,2,3,1,2,1,True,False,x,,0,A,0,D,2,A,1,C,1,F
F6,x.x.x.2.3.x,2,1,10,2,4,0,2,2,3,1,True,False,x,,x,,x,,2,A,3,D,x,
F6,1.3.0.x.x.x,2,1,11,3,3,1,2,1,3,2,True,False,1,F,3,C,0,D,x,,x,,x,
F6,1.x.3.2.3.1,2,2,12,5,1,0,5,1,3,2,True,False,1,F,x,,3,F,2,A,3,D,1,F
F6,3.x.0.2.1.x,2,1,13,4,2,1,3,1,3,2,True,False,3,G,x,,0,D,2,A,1,C,x,
F6,x.3.3.5.3.5,2,1,14,5,1,0,5,3,5,2,True,False,x,,3,C,3,F,5,C,3,D,5,A
F6,x.x.0.7.6.8,2,1,15,4,2,1,3,6,8,2,True,True,x,,x,,0,D,7,D,6,F,8,C
F6,5.5.7.5.6.8,2,1,16,6,0,0,6,5,8,3,True,False,5,A,5,D,7,A,5,C,6,F,8,C
F6,0.0.0.5.6.5,1,1,17,6,0,3,3,5,6,1,True,False,0,E,0,A,0,D,5,C,6,F,5,A
F6,x.0.0.5.6.5,1,1,18,5,1,2,3,5,6,1,True,False,x,,0,A,0,D,5,C,6,F,5,A
F6,x.x.0.5.6.5,1,1,19,4,2,1,3,5,6,1,True,False,x,,x,,0,D,5,C,6,F,5,A
F6,1.3.0.2.1.1,1,1,20,6,0,1,5,1,3,2,True,False,1,F,3,C,0,D,2,A,1,C,1,F
F6,1.3.3.2.3.1,1,1,21,6,0,0,6,1,3,2,True,False,1,F,3,C,3,F,2,A,3,D,1,F
F6,1.x.0.2.3.x,1,1,22,4,2,1,3,1,3,2,True,False,1,F,x,,0,D,2,A,3,D,x,
F6,x.x.3.2.3.1,1,1,23,4,2,0,4,1,3,2,True,False,x,,x,,3,F,2,A,3,D,1,F
F6,x.x.3.5.3.x,1,1,24,3,3,0,3,3,5,2,True,False,x,,x,,3,F,5,C,3,D,x,
F6,x.8.7.7.6.x,1,1,25,4,2,0,4,6,8,2,True,False,x,,8,F,7,A,7,D,6,F,x,
F6,x.8.x.7.6.8,1,1,26,4,2,0,4,6,8,2,True,False,x,,8,F,x,,7,D,6,F,8,C
F6,8.8.x.10.10.10,1,1,27,5,1,0,5,8,10,2,True,False,8,C,8,F,x,,10,F,10,A,10,D
F6,x.0.0.5.6.8,1,1,28,5,1,2,3,5,8,3,True,False,x,,0,A,0,D,5,C,6,F,8,C
F6,x.5.3.2.1.x,1,1,29,4,2,0,4,1,5,4,True,False,x,,5,D,3,F,2,A,1,C,x,
F6(#11)/A,x.0.3.5.3.x,4,2,1,4,2,1,3,3,5,2,True,False,x,,0,A,3,F,5,C,3,D,x,
F6/9,x.8.7.7.8.8,3,1,1,5,1,0,5,7,8,1,True,False,x,,8,F,7,A,7,D,8,G,8,C
F6/A,x.0.0.2.1.1,1,1,1,5,1,2,3,1,2,1,True,False,x,,0,A,0,D,2,A,1,C,1,F
F6/C,8.x.7.7.6.x,1,1,1,4,2,0,4,6,8,2,True,False,8,C,x,,7,A,7,D,6,F,x,
F6/D,x.x.0.2.1.1,4,1,1,4,2,1,3,1,2,1,True,False,x,,x,,0,D,2,A,1,C,1,F
F6/D,x.x.0.10.13.10,1,1,2,4,2,1,3,10,13,3,True,True,x,,x,,0,D,10,F,13,C,10,D
F6add9,1.3.0.0.3.x,16,1,1,5,1,2,3,1,3,2,True,False,1,F,3,C,0,D,0,G,3,D,x,
F6add9,1.3.3.2.3.3,12,1,2,6,0,0,6,1,3,2,True,False,1,F,3,C,3,F,2,A,3,D,3,G
F6add9,x.3.3.2.3.3,1,1,3,5,1,0,5,2,3,1,True,False,x,,3,C,3,F,2,A,3,D,3,G
F7,1.0.1.2.1.1,51,9,1,6,0,1,5,1,2,1,True,False,1,F,0,A,1,D#,2,A,1,C,1,F
F7,1.3.1.2.1.1,47,15,2,6,0,0,6,1,3,2,True,False,1,F,3,C,1,D#,2,A,1,C,1,F
F7,8.x.7.8.6.x,34,1,3,4,2,0,4,6,8,2,True,False,8,C,x,,7,A,8,D#,6,F,x,
F7,8.8.10.8.10.8,18,2,4,6,0,0,6,8,10,2,True,False,8,C,8,F,10,C,8,D#,10,A,8,C
F7,x.8.7.8.6.x,17,6,5,4,2,0,4,6,8,2,True,False,x,,8,F,7,A,8,D#,6,F,x,
F7,1.3.1.2.4.1,13,6,6,6,0,0,6,1,4,3,True,False,1,F,3,C,1,D#,2,A,4,D#,1,F
F7,1.3.1.2.4.x,12,2,7,5,1,0,5,1,4,3,True,False,1,F,3,C,1,D#,2,A,4,D#,x,
F7,x.x.3.5.4.5,11,4,8,4,2,0,4,3,5,2,True,False,x,,x,,3,F,5,C,4,D#,5,A
F7,x.x.1.2.1.1,8,3,9,4,2,0,4,1,2,1,True,False,x,,x,,1,D#,2,A,1,C,1,F
F7,1.x.1.2.x.x,7,4,10,3,3,0,3,1,2,1,True,False,1,F,x,,1,D#,2,A,x,,x,
F7,8.x.x.8.6.x,6,1,11,3,3,0,3,6,8,2,True,False,8,C,x,,x,,8,D#,6,F,x,
F7,x.1.x.x.x.x,5,1,12,1,5,0,1,1,1,0,True,False,x,,1,A#,x,,x,,x,,x,
F7,1.x.1.2.1.x,4,3,13,4,2,0,4,1,2,1,True,False,1,F,x,,1,D#,2,A,1,C,x,
F7,1.x.1.x.x.x,2,1,14,2,4,0,2,1,1,0,True,False,1,F,x,,1,D#,x,,x,,x,
F7,x.3.3.5.4.x,2,1,15,4,2,0,4,3,5,2,True,False,x,,3,C,3,F,5,C,4,D#,x,
F7,x.8.10.8.10.8,2,2,16,5,1,0,5,8,10,2,True,False,x,,8,F,10,C,8,D#,10,A,8,C
F7,x.8.x.x.x.x,1,1,17,1,5,0,1,8,8,0,True,False,x,,8,F,x,,x,,x,,x,
F7,x.0.3.2.4.x,1,1,18,4,2,1,3,2,4,2,True,False,x,,0,A,3,F,2,A,4,D#,x,
F7,x.3.3.2.4.x,1,1,19,4,2,0,4,2,4,2,True,False,x,,3,C,3,F,2,A,4,D#,x,
F7,0.3.3.5.4.5,1,1,20,6,0,1,5,3,5,2,True,False,0,E,3,C,3,F,5,C,4,D#,5,A
F7,x.8.10.8.10.x,1,1,21,4,2,0,4,8,10,2,True,False,x,,8,F,10,C,8,D#,10,A,x,
F7,1.3.x.2.4.x,1,1,22,4,2,0,4,1,4,3,True,False,1,F,3,C,x,,2,A,4,D#,x,
F7,1.3.x.x.4.x,1,1,23,3,3,0,3,1,4,3,True,False,1,F,3,C,x,,x,,4,D#,x,
F7,1.x.3.2.4.x,1,1,24,4,2,0,4,1,4,3,True,False,1,F,x,,3,F,2,A,4,D#,x,
F7,x.8.7.8.10.8,1,1,25,5,1,0,5,7,10,3,True,False,x,,8,F,7,A,8,D#,10,A,8,C
F7,1.x.1.2.1.5,1,1,26,5,1,0,5,1,5,4,True,False,1,F,x,,1,D#,2,A,1,C,5,A
F7 (normal tune),1.3.x.2.4.1,2,1,1,5,1,0,5,1,4,3,True,False,1,F,3,C,x,,2,A,4,D#,1,F
F7#9,x.x.3.2.4.4,80,1,1,4,2,0,4,2,4,2,True,False,x,,x,,3,F,2,A,4,D#,4,G#
F7(9),1.0.1.0.1.x,2,1,1,5,1,2,3,1,1,0,True,False,1,F,0,A,1,D#,0,G,1,C,x,
F7(type 2),x.x.3.2.4.1,1,1,1,4,2,0,4,1,4,3,True,False,x,,x,,3,F,2,A,4,D#,1,F
F7+,0.3.3.2.1.0,2,1,1,6,0,2,4,1,3,2,True,False,0,E,3,C,3,F,2,A,1,C,0,E
F7/5-,x.x.3.4.4.5,4,1,1,4,2,0,4,3,5,2,True,False,x,,x,,3,F,4,B,4,D#,5,A
F7/5-,1.x.1.2.0.x,3,1,2,4,2,1,3,1,2,1,True,False,1,F,x,,1,D#,2,A,0,B,x,
F7/5-,1.0.1.2.0.1,1,1,3,6,0,2,4,1,2,1,True,False,1,F,0,A,1,D#,2,A,0,B,1,F
F7/5-,1.x.1.4.4.5,1,1,4,5,1,0,5,1,5,4,True,False,1,F,x,,1,D#,4,B,4,D#,5,A
F7/9+,7.x.7.8.9.x,1,1,1,4,2,0,4,7,9,2,True,False,7,B,x,,7,A,8,D#,9,G#,x,
F7/C,x.3.1.2.1.x,3,1,1,4,2,0,4,1,3,2,True,False,x,,3,C,1,D#,2,A,1,C,x,
F7/C,x.3.3.x.4.1,1,1,2,4,2,0,4,1,4,3,True,False,x,,3,C,3,F,x,,4,D#,1,F
F7/Eb,x.6.x.x.4.5,1,1,1,3,3,0,3,4,6,2,True,False,x,,6,D#,x,,x,,4,D#,5,A
F79,1.0.1.0.1.1,2,1,1,6,0,2,4,1,1,0,True,False,1,F,0,A,1,D#,0,G,1,C,1,F
F79-,1.0.1.2.1.2,1,1,1,6,0,1,5,1,2,1,True,False,1,F,0,A,1,D#,2,A,1,C,2,F#
F79-,x.8.7.8.7.x,1,1,2,4,2,0,4,7,8,1,True,False,x,,8,F,7,A,8,D#,7,F#,x,
F7add13,1.x.1.2.3.x,4,3,1,4,2,0,4,1,3,2,True,False,1,F,x,,1,D#,2,A,3,D,x,
F7M,x.x.3.2.1.0,135,25,1,4,2,1,3,1,3,2,True,False,x,,x,,3,F,2,A,1,C,0,E
F7M,x.8.7.5.5.8,88,1,2,5,1,0,5,5,8,3,True,False,x,,8,F,7,A,5,C,5,E,8,C
F7M,1.0.2.2.1.0,78,12,3,6,0,2,4,1,2,1,True,False,1,F,0,A,2,E,2,A,1,C,0,E
F7M,1.x.2.2.1.0,31,2,4,5,1,1,4,1,2,1,True,False,1,F,x,,2,E,2,A,1,C,0,E
F7M,0.3.3.2.1.0,25,2,5,6,0,2,4,1,3,2,True,False,0,E,3,C,3,F,2,A,1,C,0,E
F7M,1.3.3.2.1.0,24,8,6,6,0,1,5,1,3,2,True,False,1,F,3,C,3,F,2,A,1,C,0,E
F7M,x.0.3.2.1.0,24,10,7,5,1,2,3,1,3,2,True,False,x,,0,A,3,F,2,A,1,C,0,E
F7M,x.3.3.2.1.0,24,4,8,5,1,1,4,1,3,2,True,False,x,,3,C,3,F,2,A,1,C,0,E
F7M,1.x.2.2.1.x,22,8,9,4,2,0,4,1,2,1,True,False,1,F,x,,2,E,2,A,1,C,x,
F7M,x.8.10.9.10.x,11,4,10,4,2,0,4,8,10,2,True,False,x,,8,F,10,C,9,E,10,A,x,
F7M,1.x.x.2.1.0,8,2,11,4,2,1,3,1,2,1,True,False,1,F,x,,x,,2,A,1,C,0,E
F7M,1.0.3.2.1.0,5,4,12,6,0,2,4,1,3,2,True,False,1,F,0,A,3,F,2,A,1,C,0,E
F7M,1.x.3.2.1.0,5,3,13,5,1,1,4,1,3,2,True,False,1,F,x,,3,F,2,A,1,C,0,E
F7M,5.x.3.5.5.x,4,3,14,4,2,0,4,3,5,2,True,False,5,A,x,,3,F,5,C,5,E,x,
F7M,5.8.7.5.5.5,3,1,15,6,0,0,6,5,8,3,True,False,5,A,8,F,7,A,5,C,5,E,5,A
F7M,1.0.2.2.1.1,2,2,16,6,0,1,5,1,2,1,True,False,1,F,0,A,2,E,2,A,1,C,1,F
F7M,1.x.2.2.x.x,2,1,17,3,3,0,3,1,2,1,True,False,1,F,x,,2,E,2,A,x,,x,
F7M,1.3.3.2.x.0,2,1,18,5,1,1,4,1,3,2,True,False,1,F,3,C,3,F,2,A,x,,0,E
F7M,x.x.3.5.5.5,2,1,19,4,2,0,4,3,5,2,True,False,x,,x,,3,F,5,C,5,E,5,A
F7M,x.8.10.9.10.8,2,2,20,5,1,0,5,8,10,2,True,False,x,,8,F,10,C,9,E,10,A,8,C
F7M,x.x.10.10.10.12,2,2,21,4,2,0,4,10,12,2,True,False,x,,x,,10,C,10,F,10,A,12,E
F7M,x.3.3.5.5.3,1,1,22,5,1,0,5,3,5,2,True,False,x,,3,C,3,F,5,C,5,E,3,G
F7M,x.3.3.5.5.x,1,1,23,4,2,0,4,3,5,2,True,False,x,,3,C,3,F,5,C,5,E,x,
F7M,x.x.3.5.5.x,1,1,24,3,3,0,3,3,5,2,True,False,x,,x,,3,F,5,C,5,E,x,
F7M,x.7.7.5.6.5,1,1,25,5,1,0,5,5,7,2,True,False,x,,7,E,7,A,5,C,6,F,5,A
F7M,x.7.7.5.6.x,1,1,26,4,2,0,4,5,7,2,True,False,x,,7,E,7,A,5,C,6,F,x,
F7M,x.x.15.17.17.17,1,1,27,4,2,0,4,15,17,2,True,False,x,,x,,15,F,17,C,17,E,17,A
F7M,8.8.7.5.5.5,1,1,28,6,0,0,6,5,8,3,True,False,8,C,8,F,7,A,5,C,5,E,5,A
F7M,x.x.2.5.6.5,1,1,29,4,2,0,4,2,6,4,True,False,x,,x,,2,E,5,C,6,F,5,A
F7M,5.8.7.9.x.x,1,1,30,4,2,0,4,5,9,4,True,False,5,A,8,F,7,A,9,E,x,,x,
F7M/5-,x.x.3.2.0.0,14,3,1,4,2,2,2,2,3,1,True,False,x,,x,,3,F,2,A,0,B,0,E
F7M/5-,1.0.2.2.0.0,8,1,2,6,0,3,3,1,2,1,True,False,1,F,0,A,2,E,2,A,0,B,0,E
F7M/5-,1.x.3.2.0.0,5,2,3,5,1,2,3,1,3,2,True,False,1,F,x,,3,F,2,A,0,B,0,E
F7M/5-,x.0.3.2.0.0,2,1,4,5,1,3,2,2,3,1,True,False,x,,0,A,3,F,2,A,0,B,0,E
F7M/5-/D,x.5.3.2.0.0,1,1,1,5,1,2,3,2,5,3,True,False,x,,5,D,3,F,2,A,0,B,0,E
F7M/5-/F#,2.x.3.2.0.0,1,1,1,5,1,2,3,2,3,1,True,False,2,F#,x,,3,F,2,A,0,B,0,E
F7M/A,x.0.3.2.1.0,6,3,1,5,1,2,3,1,3,2,True,False,x,,0,A,3,F,2,A,1,C,0,E
F7M/A,x.x.7.9.6.8,1,1,2,4,2,0,4,6,9,3,True,False,x,,x,,7,A,9,E,6,F,8,C
F7M/B,x.2.3.2.1.0,3,1,1,5,1,1,4,1,3,2,True,False,x,,2,B,3,F,2,A,1,C,0,E
F7M/C,x.3.3.2.1.0,51,4,1,5,1,1,4,1,3,2,True,False,x,,3,C,3,F,2,A,1,C,0,E
F7M/D,x.x.0.2.1.0,3,1,1,4,2,2,2,1,2,1,True,False,x,,x,,0,D,2,A,1,C,0,E
F7M/D,x.5.3.5.5.0,2,1,2,5,1,1,4,3,5,2,True,False,x,,5,D,3,F,5,C,5,E,0,E
F7M/E,x.x.2.2.1.0,3,1,1,4,2,1,3,1,2,1,True,False,x,,x,,2,E,2,A,1,C,0,E
F7M/G,3.x.3.2.1.0,44,2,1,5,1,1,4,1,3,2,True,False,3,G,x,,3,F,2,A,1,C,0,E
F7M/G,3.0.3.2.1.0,1,1,2,6,0,2,4,1,3,2,True,False,3,G,0,A,3,F,2,A,1,C,0,E
F7M13/11+,1.3.0.2.0.0,2,1,1,6,0,3,3,1,3,2,True,False,1,F,3,C,0,D,2,A,0,B,0,E
F7M9,x.8.7.9.8.x,7,2,1,4,2,0,4,7,9,2,True,False,x,,8,F,7,A,9,E,8,G,x,
F7M9,0.0.3.0.1.0,1,1,2,6,0,4,2,1,3,2,True,False,0,E,0,A,3,F,0,G,1,C,0,E
F7M9,3.0.2.x.x.1,1,1,3,4,2,1,3,1,3,2,True,False,3,G,0,A,2,E,x,,x,,1,F
F7Madd11+,0.3.3.2.0.0,24,4,1,6,0,3,3,2,3,1,True,False,0,E,3,C,3,F,2,A,0,B,0,E
F7Madd11+,1.3.3.2.0.0,15,4,2,6,0,2,4,1,3,2,True,False,1,F,3,C,3,F,2,A,0,B,0,E
F7Madd11+/E,0.3.3.2.0.0,4,1,1,6,0,3,3,2,3,1,True,False,0,E,3,C,3,F,2,A,0,B,0,E
F7Madd13,x.0.3.x.3.0,1,1,1,4,2,2,2,3,3,0,True,False,x,,0,A,3,F,x,,3,D,0,E
F7Msus2,x.x.3.0.1.0,1,1,1,4,2,2,2,1,3,2,True,False,x,,x,,3,F,0,G,1,C,0,E
F7sus2/5-,1.x.1.0.0.x,2,1,1,4,2,2,2,1,1,0,True,False,1,F,x,,1,D#,0,G,0,B,x,
F7sus4,5.x.0.0.5.5,5,2,1,5,1,2,3,5,5,0,True,False,5,A,x,,0,D,0,G,5,E,5,A
F7sus4,1.1.1.3.1.1,3,1,2,6,0,0,6,1,3,2,True,False,1,F,1,A#,1,D#,3,A#,1,C,1,F
F7sus4,1.x.1.3.1.x,2,1,3,4,2,0,4,1,3,2,True,False,1,F,x,,1,D#,3,A#,1,C,x,
F7sus4,x.8.10.8.11.x,1,1,4,4,2,0,4,8,11,3,True,False,x,,8,F,10,C,8,D#,11,A#,x,
F7sus4add9,x.10.x.10.11.11,2,1,1,4,2,0,4,10,11,1,True,False,x,,10,G,x,,10,F,11,A#,11,D#
F9,x.x.3.2.1.3,20,1,1,4,2,0,4,1,3,2,True,False,x,,x,,3,F,2,A,1,C,3,G
F9,x.8.7.8.8.8,19,7,2,5,1,0,5,7,8,1,True,False,x,,8,F,7,A,8,D#,8,G,8,C
F9,x.8.7.8.8.x,11,4,3,4,2,0,4,7,8,1,True,False,x,,8,F,7,A,8,D#,8,G,x,
F9,1.3.1.2.1.3,5,1,4,6,0,0,6,1,3,2,True,False,1,F,3,C,1,D#,2,A,1,C,3,G
F9,1.0.1.0.1.1,2,1,5,6,0,2,4,1,1,0,True,False,1,F,0,A,1,D#,0,G,1,C,1,F
F9,8.8.7.8.8.8,1,1,6,6,0,0,6,7,8,1,True,False,8,C,8,F,7,A,8,D#,8,G,8,C
F9,x.x.7.8.8.8,1,1,7,4,2,0,4,7,8,1,True,False,x,,x,,7,A,8,D#,8,G,8,C
F9,x.0.3.0.1.3,1,1,8,5,1,2,3,1,3,2,True,False,x,,0,A,3,F,0,G,1,C,3,G
F9,1.x.1.2.4.3,1,1,9,5,1,0,5,1,4,3,True,False,1,F,x,,1,D#,2,A,4,D#,3,G
F9,x.8.7.8.8.10,1,1,10,5,1,0,5,7,10,3,True,False,x,,8,F,7,A,8,D#,8,G,10,D
F9 (no5),x.8.7.8.8.x,3,1,1,4,2,0,4,7,8,1,True,False,x,,8,F,7,A,8,D#,8,G,x,
F9+,1.3.x.2.4.4,1,1,1,5,1,0,5,1,4,3,True,False,1,F,3,C,x,,2,A,4,D#,4,G#
F9+11,x.x.8.9.9.8,1,1,1,4,2,0,4,8,9,1,True,False,x,,x,,8,A#,9,E,9,G#,8,C
Fa,1.0.3.2.1.1,6,2,1,6,0,1,5,1,3,2,True,False,1,F,0,A,3,F,2,A,1,C,1,F
FA,1.0.3.2.1.x,5,3,1,5,1,1,4,1,3,2,True,False,1,F,0,A,3,F,2,A,1,C,x,
FA,1.3.3.2.1.1,5,1,2,6,0,0,6,1,3,2,True,False,1,F,3,C,3,F,2,A,1,C,1,F
Fa,x.x.7.5.6.5,2,1,2,4,2,0,4,5,7,2,True,False,x,,x,,7,A,5,C,6,F,5,A
FA,1.x.x.x.x.1,3,1,3,2,4,0,2,1,1,0,True,False,1,F,x,,x,,x,,x,,1,F
Fa,x.x.x.5.6.5,1,1,3,3,3,0,3,5,6,1,True,False,x,,x,,x,,5,C,6,F,5,A
FA,x.x.3.2.1.1,3,1,4,4,2,0,4,1,3,2,True,False,x,,x,,3,F,2,A,1,C,1,F
FA,x.x.3.2.1.x,2,1,5,3,3,0,3,1,3,2,True,False,x,,x,,3,F,2,A,1,C,x,
FA,x.x.3.2.1.5,2,1,6,4,2,0,4,1,5,4,True,False,x,,x,,3,F,2,A,1,C,5,A
Fa     B 1,1.x.x.x.x.x,1,1,1,1,5,0,1,1,1,0,True,False,1,F,x,,x,,x,,x,,x,
Fa t.2,x.x.10.10.10.x,1,1,1,3,3,0,3,10,10,0,True,False,x,,x,,10,C,10,F,10,A,x,
Fa t.2,x.x.3.2.1.1,1,1,2,4,2,0,4,1,3,2,True,False,x,,x,,3,F,2,A,1,C,1,F
FA#,2.4.4.3.2.2,2,2,1,6,0,0,6,2,4,2,True,False,2,F#,4,C#,4,F#,3,A#,2,C#,2,F#
Fa#7,2.4.2.3.5.x,1,1,1,5,1,0,5,2,5,3,True,False,2,F#,4,C#,2,E,3,A#,5,E,x,
FA#m,2.2.4.2.2.2,4,2,1,6,0,0,6,2,4,2,True,False,2,F#,2,B,4,F#,2,A,2,C#,2,F#
FA#M,2.2.4.2.2.2,2,2,1,6,0,0,6,2,4,2,True,False,2,F#,2,B,4,F#,2,A,2,C#,2,F#
Fa#m,2.4.4.2.2.5,1,1,1,6,0,0,6,2,5,3,True,False,2,F#,4,C#,4,F#,2,A,2,C#,5,A
Fa#m,2.4.4.2.x.5,1,1,2,5,1,0,5,2,5,3,True,False,2,F#,4,C#,4,F#,2,A,x,,5,A
Fa#m     B 2,2.x.x.x.x.x,1,1,1,1,5,0,1,2,2,0,True,False,2,F#,x,,x,,x,,x,,x,
FA#m/11,2.2.4.2.2.5,4,2,1,6,0,0,6,2,5,3,True,False,2,F#,2,B,4,F#,2,A,2,C#,5,A
Fa#m6,2.4.4.2.4.x,1,1,1,5,1,0,5,2,4,2,True,False,2,F#,4,C#,4,F#,2,A,4,D#,x,
Fa#m7,2.2.2.x.2.x,1,1,1,4,2,0,4,2,2,0,True,False,2,F#,2,B,2,E,x,,2,C#,x,
FA#m7,2.4.2.2.2.2,3,1,1,6,0,0,6,2,4,2,True,False,2,F#,4,C#,2,E,2,A,2,C#,2,F#
FA/DO,x.3.x.2.1.1,1,1,1,4,2,0,4,1,3,2,True,False,x,,3,C,x,,2,A,1,C,1,F
FA5+,1.x.3.2.0.x,1,1,1,4,2,1,3,1,3,2,True,False,1,F,x,,3,F,2,A,0,B,x,
FA7M,x.x.3.2.1.0,4,1,1,4,2,1,3,1,3,2,True,False,x,,x,,3,F,2,A,1,C,0,E
Fa7M,x.x.x.2.x.x,1,1,1,1,5,0,1,2,2,0,True,False,x,,x,,x,,2,A,x,,x,
FA7M,1.x.3.2.1.0,1,1,2,5,1,1,4,1,3,2,True,False,1,F,x,,3,F,2,A,1,C,0,E
Fa7M,x.x.3.x.x.x,1,1,2,1,5,0,1,3,3,0,True,False,x,,x,,3,F,x,,x,,x,
Fa7M,x.x.3.2.1.3,1,1,3,4,2,0,4,1,3,2,True,False,x,,x,,3,F,2,A,1,C,3,G
Fa7M/5-,x.0.x.x.x.x,1,1,1,1,5,1,0,0,0,0,True,False,x,,0,A,x,,x,,x,,x,
FA7Maj,1.0.3.2.1.0,3,2,1,6,0,2,4,1,3,2,True,False,1,F,0,A,3,F,2,A,1,C,0,E
Fadd#11/A,x.0.3.4.1.x,3,1,1,4,2,1,3,1,4,3,True,False,x,,0,A,3,F,4,B,1,C,x,
Fadd11,x.x.3.2.0.1,4,1,1,4,2,1,3,1,3,2,True,False,x,,x,,3,F,2,A,0,B,1,F
Fadd11+,1.3.3.2.0.x,7,4,1,5,1,1,4,1,3,2,True,False,1,F,3,C,3,F,2,A,0,B,x,
Fadd11+/E,0.3.3.2.0.1,1,1,1,6,0,2,4,1,3,2,True,False,0,E,3,C,3,F,2,A,0,B,1,F
Fadd11+/F#,x.x.4.4.1.1,1,1,1,4,2,0,4,1,4,3,True,False,x,,x,,4,F#,4,B,1,C,1,F
Fadd9,x.x.3.2.1.3,92,15,1,4,2,0,4,1,3,2,True,False,x,,x,,3,F,2,A,1,C,3,G
Fadd9,1.0.3.0.1.1,3,1,2,6,0,2,4,1,3,2,True,False,1,F,0,A,3,F,0,G,1,C,1,F
Fadd9,1.x.3.2.1.3,3,2,3,5,1,0,5,1,3,2,True,False,1,F,x,,3,F,2,A,1,C,3,G
Fadd9,1.3.3.2.1.1,2,1,4,6,0,0,6,1,3,2,True,False,1,F,3,C,3,F,2,A,1,C,1,F
Fadd9,1.x.x.2.1.3,2,2,5,4,2,0,4,1,3,2,True,False,1,F,x,,x,,2,A,1,C,3,G
Fadd9,x.8.5.5.6.5,2,1,6,5,1,0,5,5,8,3,True,False,x,,8,F,5,G,5,C,6,F,5,A
Fadd9,x.0.3.2.1.3,1,1,7,5,1,1,4,1,3,2,True,False,x,,0,A,3,F,2,A,1,C,3,G
Fadd9,x.8.10.12.10.8,1,1,8,5,1,0,5,8,12,4,True,False,x,,8,F,10,C,12,G,10,A,8,C
Fadd9+/5+,x.x.6.6.6.5,2,1,1,4,2,0,4,5,6,1,True,False,x,,x,,6,G#,6,C#,6,F,5,A
Fadd9-,1.3.4.2.1.x,4,1,1,5,1,0,5,1,4,3,True,False,1,F,3,C,4,F#,2,A,1,C,x,
Fadd9/5-,3.0.3.2.0.1,1,1,1,6,0,2,4,1,3,2,True,False,3,G,0,A,3,F,2,A,0,B,1,F
Fadd9/D,x.x.3.2.3.3,2,2,1,4,2,0,4,2,3,1,True,False,x,,x,,3,F,2,A,3,D,3,G
Fadd9/D,x.5.5.5.6.5,1,1,2,5,1,0,5,5,6,1,True,False,x,,5,D,5,G,5,C,6,F,5,A
Faug,1.x.3.2.2.1,25,3,1,5,1,0,5,1,3,2,True,False,1,F,x,,3,F,2,A,2,C#,1,F
Faug,x.8.7.6.6.x,2,2,2,4,2,0,4,6,8,2,True,False,x,,8,F,7,A,6,C#,6,F,x,
Faug,x.x.3.2.2.1,1,1,3,4,2,0,4,1,3,2,True,False,x,,x,,3,F,2,A,2,C#,1,F
Fdim,1.x.0.4.3.4,2,1,1,5,1,1,4,1,4,3,True,False,1,F,x,,0,D,4,B,3,D,4,G#
Fdim,1.x.0.1.0.x,1,1,2,4,2,2,2,1,1,0,True,False,1,F,x,,0,D,1,G#,0,B,x,
Fdim,x.x.3.4.3.4,1,1,3,4,2,0,4,3,4,1,True,False,x,,x,,3,F,4,B,3,D,4,G#
Fdim,1.2.3.1.3.1,1,1,4,6,0,0,6,1,3,2,True,False,1,F,2,B,3,F,1,G#,3,D,1,F
Fdim,x.1.3.1.x.x,1,1,5,3,3,0,3,1,3,2,True,False,x,,1,A#,3,F,1,G#,x,,x,
Fdim7,1.x.0.1.0.x,1,1,1,4,2,2,2,1,1,0,True,False,1,F,x,,0,D,1,G#,0,B,x,
Fdim7,x.x.3.4.3.4,1,1,2,4,2,0,4,3,4,1,True,False,x,,x,,3,F,4,B,3,D,4,G#
Fdim7,x.8.x.7.x.7,1,1,3,3,3,0,3,7,8,1,True,False,x,,8,F,x,,7,D,x,,7,B
Fis7,2.4.4.3.5.2,12,1,1,6,0,0,6,2,5,3,True,False,2,F#,4,C#,4,F#,3,A#,5,E,2,F#
Fis7,2.4.2.3.2.x,1,1,2,5,1,0,5,2,4,2,True,False,2,F#,4,C#,2,E,3,A#,2,C#,x,
Fm,1.3.3.1.1.1,370,68,1,6,0,0,6,1,3,2,True,False,1,F,3,C,3,F,1,G#,1,C,1,F
Fm,x.x.3.5.6.4,38,2,2,4,2,0,4,3,6,3,True,False,x,,x,,3,F,5,C,6,F,4,G#
Fm,x.8.10.10.9.8,12,6,3,5,1,0,5,8,10,2,True,False,x,,8,F,10,C,10,F,9,G#,8,C
Fm,8.x.10.10.9.8,11,1,4,5,1,0,5,8,10,2,True,False,8,C,x,,10,C,10,F,9,G#,8,C
Fm,x.3.3.1.1.x,10,2,5,4,2,0,4,1,3,2,True,False,x,,3,C,3,F,1,G#,1,C,x,
Fm,x.x.3.1.1.1,10,5,6,4,2,0,4,1,3,2,True,False,x,,x,,3,F,1,G#,1,C,1,F
Fm,x.x.3.1.1.x,8,3,7,3,3,0,3,1,3,2,True,False,x,,x,,3,F,1,G#,1,C,x,
Fm,1.3.3.1.1.x,6,4,8,5,1,0,5,1,3,2,True,False,1,F,3,C,3,F,1,G#,1,C,x,
Fm,1.3.3.1.x.x,5,4,9,4,2,0,4,1,3,2,True,False,1,F,3,C,3,F,1,G#,x,,x,
Fm,x.8.6.x.x.x,4,1,10,2,4,0,2,6,8,2,True,False,x,,8,F,6,G#,x,,x,,x,
Fm,4.x.3.1.1.4,4,1,11,5,1,0,5,1,4,3,True,False,4,G#,x,,3,F,1,G#,1,C,4,G#
Fm,x.x.x.10.9.8,3,2,12,3,3,0,3,8,10,2,True,False,x,,x,,x,,10,F,9,G#,8,C
Fm,x.x.10.10.9.x,2,1,13,3,3,0,3,9,10,1,True,False,x,,x,,10,C,10,F,9,G#,x,
Fm,1.x.3.1.1.x,2,1,14,4,2,0,4,1,3,2,True,False,1,F,x,,3,F,1,G#,1,C,x,
Fm,x.8.10.10.9.x,2,2,15,4,2,0,4,8,10,2,True,False,x,,8,F,10,C,10,F,9,G#,x,
Fm,13.15.15.13.13.13,2,2,16,6,0,0,6,13,15,2,True,False,13,F,15,C,15,F,13,G#,13,C,13,F
Fm,x.x.x.1.1.1,1,1,17,3,3,0,3,1,1,0,True,False,x,,x,,x,,1,G#,1,C,1,F
Fm,x.0.2.2.1.0,1,1,18,5,1,2,3,1,2,1,True,False,x,,0,A,2,E,2,A,1,C,0,E
Fm,x.x.6.5.6.x,1,1,19,3,3,0,3,5,6,1,True,False,x,,x,,6,G#,5,C,6,F,x,
Fm,x.3.3.1.1.1,1,1,20,5,1,0,5,1,3,2,True,False,x,,3,C,3,F,1,G#,1,C,1,F
Fm,4.x.4.2.2.x,1,1,21,4,2,0,4,2,4,2,True,False,4,G#,x,,4,F#,2,A,2,C#,x,
Fm,x.x.6.5.6.4,1,1,22,4,2,0,4,4,6,2,True,False,x,,x,,6,G#,5,C,6,F,4,G#
Fm,x.x.x.5.6.4,1,1,23,3,3,0,3,4,6,2,True,False,x,,x,,x,,5,C,6,F,4,G#
Fm,8.8.10.10.9.8,1,1,24,6,0,0,6,8,10,2,True,False,8,C,8,F,10,C,10,F,9,G#,8,C
Fm,8.8.x.10.9.8,1,1,25,5,1,0,5,8,10,2,True,False,8,C,8,F,x,,10,F,9,G#,8,C
Fm,8.x.10.10.9.x,1,1,26,4,2,0,4,8,10,2,True,False,8,C,x,,10,C,10,F,9,G#,x,
Fm,x.x.10.10.9.8,1,1,27,4,2,0,4,8,10,2,True,False,x,,x,,10,C,10,F,9,G#,8,C
Fm,1.3.3.1.1.4,1,1,28,6,0,0,6,1,4,3,True,False,1,F,3,C,3,F,1,G#,1,C,4,G#
Fm (normal tune),1.3.3.1.1.1,2,1,1,6,0,0,6,1,3,2,True,False,1,F,3,C,3,F,1,G#,1,C,1,F
Fm/5+,2.0.0.2.3.x,1,1,1,5,1,2,3,2,3,1,True,False,2,F#,0,A,0,D,2,A,3,D,x,
Fm/5+,9.x.6.x.6.x,1,1,2,3,3,0,3,6,9,3,True,False,9,C#,x,,6,G#,x,,6,F,x,
Fm/5-,x.x.3.1.0.x,3,1,1,3,3,1,2,1,3,2,True,False,x,,x,,3,F,1,G#,0,B,x,
Fm/5-,4.x.3.4.x.x,2,1,2,3,3,0,3,3,4,1,True,False,4,G#,x,,3,F,4,B,x,,x,
Fm/5-,x.x.6.4.6.4,2,1,3,4,2,0,4,4,6,2,True,False,x,,x,,6,G#,4,B,6,F,4,G#
Fm/5-,x.x.6.4.6.x,2,1,4,3,3,0,3,4,6,2,True,False,x,,x,,6,G#,4,B,6,F,x,
Fm/5-,x.11.9.10.9.x,1,1,5,4,2,0,4,9,11,2,True,False,x,,11,G#,9,B,10,F,9,G#,x,
Fm/5-,4.x.3.4.6.x,1,1,6,4,2,0,4,3,6,3,True,False,4,G#,x,,3,F,4,B,6,F,x,
Fm/5-,x.x.x.10.9.7,1,1,7,3,3,0,3,7,10,3,True,False,x,,x,,x,,10,F,9,G#,7,B
Fm/5-/E,0.x.3.1.0.x,1,1,1,4,2,2,2,1,3,2,True,False,0,E,x,,3,F,1,G#,0,B,x,
Fm/A,x.0.3.1.1.1,3,1,1,5,1,1,4,1,3,2,True,False,x,,0,A,3,F,1,G#,1,C,1,F
Fm/A#,x.2.4.2.2.x,1,1,1,4,2,0,4,2,4,2,True,False,x,,2,B,4,F#,2,A,2,C#,x,
Fm/Ab,4.x.x.1.1.1,1,1,1,4,2,0,4,1,4,3,True,False,4,G#,x,,x,,1,G#,1,C,1,F
Fm/B,x.2.x.1.1.1,1,1,1,4,2,0,4,1,2,1,True,False,x,,2,B,x,,1,G#,1,C,1,F
Fm/C,x.x.x.5.6.4,5,2,1,3,3,0,3,4,6,2,True,False,x,,x,,x,,5,C,6,F,4,G#
Fm/C,8.8.10.10.9.8,4,1,2,6,0,0,6,8,10,2,True,False,8,C,8,F,10,C,10,F,9,G#,8,C
Fm/C#,x.4.6.5.6.x,1,1,1,4,2,0,4,4,6,2,True,False,x,,4,C#,6,G#,5,C,6,F,x,
Fm/C#,x.4.x.5.6.4,1,1,2,4,2,0,4,4,6,2,True,False,x,,4,C#,x,,5,C,6,F,4,G#
Fm/D,x.5.6.5.6.x,16,1,1,4,2,0,4,5,6,1,True,False,x,,5,D,6,G#,5,C,6,F,x,
Fm/D,x.x.0.1.1.1,1,1,2,4,2,1,3,1,1,0,True,False,x,,x,,0,D,1,G#,1,C,1,F
Fm/G,6.x.x.2.2.2,1,1,1,4,2,0,4,2,6,4,True,False,6,A#,x,,x,,2,A,2,C#,2,F#
Fm/G#,x.x.6.x.6.x,1,1,1,2,4,0,2,6,6,0,True,False,x,,x,,6,G#,x,,6,F,x,
Fm/G#,x.x.6.5.6.4,1,1,2,4,2,0,4,4,6,2,True,False,x,,x,,6,G#,5,C,6,F,4,G#
Fm6,1.3.0.1.1.1,41,2,1,6,0,1,5,1,3,2,True,False,1,F,3,C,0,D,1,G#,1,C,1,F
Fm6,x.8.10.7.9.x,16,1,2,4,2,0,4,7,10,3,True,False,x,,8,F,10,C,7,D,9,G#,x,
Fm6,1.x.0.1.x.1,2,1,3,4,2,1,3,1,1,0,True,False,1,F,x,,0,D,1,G#,x,,1,F
Fm6,x.x.0.1.1.1,2,1,4,4,2,1,3,1,1,0,True,False,x,,x,,0,D,1,G#,1,C,1,F
Fm6,1.3.3.1.3.1,2,1,5,6,0,0,6,1,3,2,True,False,1,F,3,C,3,F,1,G#,3,D,1,F
Fm6,x.5.3.3.6.6,2,1,6,5,1,0,5,3,6,3,True,False,x,,5,D,3,F,3,A#,6,F,6,A#
Fm6,1.x.0.1.1.x,1,1,7,4,2,1,3,1,1,0,True,False,1,F,x,,0,D,1,G#,1,C,x,
Fm6,1.x.3.2.3.1,1,1,8,5,1,0,5,1,3,2,True,False,1,F,x,,3,F,2,A,3,D,1,F
Fm6,x.x.3.5.3.4,1,1,9,4,2,0,4,3,5,2,True,False,x,,x,,3,F,5,C,3,D,4,G#
Fm6,8.8.x.10.9.10,1,1,10,5,1,0,5,8,10,2,True,False,8,C,8,F,x,,10,F,9,G#,10,D
Fm6/B,7.x.6.7.6.x,1,1,1,4,2,0,4,6,7,1,True,False,7,B,x,,6,G#,7,D,6,F,x,
Fm6/D,x.5.6.5.6.8,3,1,1,5,1,0,5,5,8,3,True,False,x,,5,D,6,G#,5,C,6,F,8,C
Fm6/D,x.5.x.5.6.4,2,1,2,4,2,0,4,4,6,2,True,False,x,,5,D,x,,5,C,6,F,4,G#
Fm7,1.3.1.1.1.1,55,16,1,6,0,0,6,1,3,2,True,False,1,F,3,C,1,D#,1,G#,1,C,1,F
FM7,x.0.3.2.1.0,12,1,1,5,1,2,3,1,3,2,True,False,x,,0,A,3,F,2,A,1,C,0,E
Fm7,1.x.1.5.4.4,7,1,2,5,1,0,5,1,5,4,True,False,1,F,x,,1,D#,5,C,4,D#,4,G#
FM7,5.x.3.5.6.x,1,1,2,4,2,0,4,3,6,3,True,False,5,A,x,,3,F,5,C,6,F,x,
Fm7,1.3.1.1.1.4,5,1,3,6,0,0,6,1,4,3,True,False,1,F,3,C,1,D#,1,G#,1,C,4,G#
Fm7,1.3.3.1.4.1,4,1,4,6,0,0,6,1,4,3,True,False,1,F,3,C,3,F,1,G#,4,D#,1,F
Fm7,x.x.1.1.1.1,3,2,5,4,2,0,4,1,1,0,True,False,x,,x,,1,D#,1,G#,1,C,1,F
Fm7,x.8.10.8.9.8,3,3,6,5,1,0,5,8,10,2,True,False,x,,8,F,10,C,8,D#,9,G#,8,C
Fm7,x.8.10.8.9.x,3,1,7,4,2,0,4,8,10,2,True,False,x,,8,F,10,C,8,D#,9,G#,x,
Fm7,1.3.3.1.4.x,2,1,8,5,1,0,5,1,4,3,True,False,1,F,3,C,3,F,1,G#,4,D#,x,
Fm7,1.x.1.1.1.x,1,1,9,4,2,0,4,1,1,0,True,False,1,F,x,,1,D#,1,G#,1,C,x,
Fm7,x.x.13.13.13.13,1,1,10,4,2,0,4,13,13,0,True,False,x,,x,,13,D#,13,G#,13,C,13,F
Fm7,1.3.1.1.1.x,1,1,11,5,1,0,5,1,3,2,True,False,1,F,3,C,1,D#,1,G#,1,C,x,
Fm7,1.3.1.1.x.1,1,1,12,5,1,0,5,1,3,2,True,False,1,F,3,C,1,D#,1,G#,x,,1,F
Fm7,x.3.1.1.1.1,1,1,13,5,1,0,5,1,3,2,True,False,x,,3,C,1,D#,1,G#,1,C,1,F
Fm7,x.8.6.8.6.x,1,1,14,4,2,0,4,6,8,2,True,False,x,,8,F,6,G#,8,D#,6,F,x,
Fm7,x.x.3.1.4.1,1,1,15,4,2,0,4,1,4,3,True,False,x,,x,,3,F,1,G#,4,D#,1,F
Fm7/5-,1.2.1.1.0.x,2,1,1,5,1,1,4,1,2,1,True,False,1,F,2,B,1,D#,1,G#,0,B,x,
Fm7/5-,x.x.9.8.9.x,1,1,2,3,3,0,3,8,9,1,True,False,x,,x,,9,B,8,D#,9,G#,x,
Fm7/Ab,4.x.1.1.1.1,1,1,1,5,1,0,5,1,4,3,True,False,4,G#,x,,1,D#,1,G#,1,C,1,F
Fm711,1.1.1.1.1.3,1,1,1,6,0,0,6,1,3,2,True,False,1,F,1,A#,1,D#,1,G#,1,C,3,G
Fm7add11,x.8.8.x.9.11,1,1,1,4,2,0,4,8,11,3,True,False,x,,8,F,8,A#,x,,9,G#,11,D#
Fm7M,x.8.10.9.9.x,8,1,1,4,2,0,4,8,10,2,True,False,x,,8,F,10,C,9,E,9,G#,x,
Fm7M/5-,0.2.3.1.0.0,1,1,1,6,0,3,3,1,3,2,True,False,0,E,2,B,3,F,1,G#,0,B,0,E
Fm7Madd13,1.x.0.1.1.0,1,1,1,5,1,2,3,1,1,0,True,False,1,F,x,,0,D,1,G#,1,C,0,E
Fm9,1.3.1.0.4.4,12,1,1,6,0,1,5,1,4,3,True,False,1,F,3,C,1,D#,0,G,4,D#,4,G#
Fm9,x.8.6.8.8.x,2,1,2,4,2,0,4,6,8,2,True,False,x,,8,F,6,G#,8,D#,8,G,x,
Fm9,x.x.13.13.13.15,2,1,3,4,2,0,4,13,15,2,True,False,x,,x,,13,D#,13,G#,13,C,15,G
Fm9/Ab,4.6.5.5.x.x,1,1,1,4,2,0,4,4,6,2,True,False,4,G#,6,D#,5,G,5,C,x,,x,
Fmadd11,1.1.3.1.1.1,1,1,1,6,0,0,6,1,3,2,True,False,1,F,1,A#,3,F,1,G#,1,C,1,F
Fmadd11+,1.2.3.1.1.1,1,1,1,6,0,0,6,1,3,2,True,False,1,F,2,B,3,F,1,G#,1,C,1,F
Fmadd11+,4.x.3.4.1.x,1,1,2,4,2,0,4,1,4,3,True,False,4,G#,x,,3,F,4,B,1,C,x,
Fmadd11/5+,x.x.6.6.6.6,6,1,1,4,2,0,4,6,6,0,True,False,x,,x,,6,G#,6,C#,6,F,6,A#
Fmadd13-,x.x.6.6.6.8,7,1,1,4,2,0,4,6,8,2,True,False,x,,x,,6,G#,6,C#,6,F,8,C
Fmadd9,3.3.6.5.6.3,2,1,1,6,0,0,6,3,6,3,True,False,3,G,3,C,6,G#,5,C,6,F,3,G
Fmadd9,1.3.5.1.1.x,1,1,2,5,1,0,5,1,5,4,True,False,1,F,3,C,5,G,1,G#,1,C,x,
Fmaj7,x.x.3.2.1.0,88,6,1,4,2,1,3,1,3,2,True,False,x,,x,,3,F,2,A,1,C,0,E
FMaj7,x.x.3.2.1.0,1,1,1,4,2,1,3,1,3,2,True,False,x,,x,,3,F,2,A,1,C,0,E
Fmaj7,0.3.3.2.1.0,33,1,2,6,0,2,4,1,3,2,True,False,0,E,3,C,3,F,2,A,1,C,0,E
Fmaj7,1.3.3.2.1.0,12,2,3,6,0,1,5,1,3,2,True,False,1,F,3,C,3,F,2,A,1,C,0,E
Fmaj7,1.0.2.2.1.0,9,1,4,6,0,2,4,1,2,1,True,False,1,F,0,A,2,E,2,A,1,C,0,E
Fmaj7,x.3.3.2.1.0,5,2,5,5,1,1,4,1,3,2,True,False,x,,3,C,3,F,2,A,1,C,0,E
Fmaj7,x.8.10.x.10.0,4,1,6,4,2,1,3,8,10,2,True,True,x,,8,F,10,C,x,,10,A,0,E
Fmaj7,x.0.3.2.1.0,2,1,7,5,1,2,3,1,3,2,True,False,x,,0,A,3,F,2,A,1,C,0,E
Fmaj7,x.0.3.2.1.x,2,1,8,4,2,1,3,1,3,2,True,False,x,,0,A,3,F,2,A,1,C,x,
Fmaj7,x.8.10.9.10.8,2,1,9,5,1,0,5,8,10,2,True,False,x,,8,F,10,C,9,E,10,A,8,C
Fmaj7(#11),x.8.7.9.0.0,1,1,1,5,1,2,3,7,9,2,True,True,x,,8,F,7,A,9,E,0,B,0,E
Fmaj7/A,x.0.3.2.1.0,4,2,1,5,1,2,3,1,3,2,True,False,x,,0,A,3,F,2,A,1,C,0,E
Fmaj7/E,0.x.10.10.10.12,1,1,1,5,1,1,4,10,12,2,True,True,0,E,x,,10,C,10,F,10,A,12,E
Fmaj9,1.0.3.0.1.0,1,1,1,6,0,3,3,1,3,2,True,False,1,F,0,A,3,F,0,G,1,C,0,E
Fmaj9,1.3.3.0.1.0,1,1,2,6,0,2,4,1,3,2,True,False,1,F,3,C,3,F,0,G,1,C,0,E
Fmaj9,1.3.x.0.0.0,1,1,3,5,1,3,2,1,3,2,True,False,1,F,3,C,x,,0,G,0,B,0,E
Fmaj9/A,x.0.3.0.1.0,2,1,1,5,1,3,2,1,3,2,True,False,x,,0,A,3,F,0,G,1,C,0,E
Fmaj9/A,x.0.5.5.6.0,1,1,2,5,1,2,3,5,6,1,True,False,x,,0,A,5,G,5,C,6,F,0,E
Fmj7,x.x.3.2.1.0,4,1,1,4,2,1,3,1,3,2,True,False,x,,x,,3,F,2,A,1,C,0,E
Fsus2,1.3.3.0.1.1,54,9,1,6,0,1,5,1,3,2,True,False,1,F,3,C,3,F,0,G,1,C,1,F
Fsus2,x.x.3.0.1.1,37,3,2,4,2,1,3,1,3,2,True,False,x,,x,,3,F,0,G,1,C,1,F
Fsus2,1.3.3.0.1.x,13,3,3,5,1,1,4,1,3,2,True,False,1,F,3,C,3,F,0,G,1,C,x,
Fsus2,1.x.x.0.1.x,4,1,4,3,3,1,2,1,1,0,True,False,1,F,x,,x,,0,G,1,C,x,
Fsus2,1.3.3.0.x.x,4,2,5,4,2,1,3,1,3,2,True,False,1,F,3,C,3,F,0,G,x,,x,
Fsus2,1.x.x.0.1.1,3,1,6,4,2,1,3,1,1,0,True,False,1,F,x,,x,,0,G,1,C,1,F
Fsus2,x.8.x.0.8.8,2,1,7,4,2,1,3,8,8,0,True,True,x,,8,F,x,,0,G,8,G,8,C
Fsus2,1.x.3.0.1.x,2,2,8,4,2,1,3,1,3,2,True,False,1,F,x,,3,F,0,G,1,C,x,
Fsus2,x.x.3.0.1.x,2,2,9,3,3,1,2,1,3,2,True,False,x,,x,,3,F,0,G,1,C,x,
Fsus2,x.x.x.0.x.1,1,1,10,2,4,1,1,1,1,0,True,False,x,,x,,x,,0,G,x,,1,F
Fsus2,x.0.2.2.0.0,1,1,11,5,1,3,2,2,2,0,True,False,x,,0,A,2,E,2,A,0,B,0,E
Fsus2,3.x.3.0.x.x,1,1,12,3,3,1,2,3,3,0,True,False,3,G,x,,3,F,0,G,x,,x,
Fsus2,1.x.3.0.1.3,1,1,13,5,1,1,4,1,3,2,True,False,1,F,x,,3,F,0,G,1,C,3,G
Fsus2,1.x.x.x.x.3,1,1,14,2,4,0,2,1,3,2,True,False,1,F,x,,x,,x,,x,,3,G
Fsus2,3.x.3.0.1.x,1,1,15,4,2,1,3,1,3,2,True,False,3,G,x,,3,F,0,G,1,C,x,
Fsus2,8.10.10.10.8.8,1,1,16,6,0,0,6,8,10,2,True,False,8,C,10,G,10,C,10,F,8,G,8,C
Fsus2,x.x.3.5.6.3,1,1,17,4,2,0,4,3,6,3,True,False,x,,x,,3,F,5,C,6,F,3,G
Fsus2/C,x.3.3.0.1.x,3,1,1,4,2,1,3,1,3,2,True,False,x,,3,C,3,F,0,G,1,C,x,
Fsus2/G,3.x.x.x.x.1,1,1,1,2,4,0,2,1,3,2,True,False,3,G,x,,x,,x,,x,,1,F
Fsus4,x.3.x.3.1.1,18,2,1,4,2,0,4,1,3,2,True,False,x,,3,C,x,,3,A#,1,C,1,F
Fsus4,1.1.3.3.1.1,13,4,2,6,0,0,6,1,3,2,True,False,1,F,1,A#,3,F,3,A#,1,C,1,F
Fsus4,x.x.x.5.6.6,11,1,3,3,3,0,3,5,6,1,True,False,x,,x,,x,,5,C,6,F,6,A#
Fsus4,x.1.3.3.1.1,10,2,4,5,1,0,5,1,3,2,True,False,x,,1,A#,3,F,3,A#,1,C,1,F
Fsus4,x.3.3.3.x.x,9,2,5,3,3,0,3,3,3,0,True,False,x,,3,C,3,F,3,A#,x,,x,
Fsus4,x.3.3.3.1.1,5,1,6,5,1,0,5,1,3,2,True,False,x,,3,C,3,F,3,A#,1,C,1,F
Fsus4,x.x.3.3.1.1,3,2,7,4,2,0,4,1,3,2,True,False,x,,x,,3,F,3,A#,1,C,1,F
Fsus4,1.x.3.3.1.1,2,1,8,5,1,0,5,1,3,2,True,False,1,F,x,,3,F,3,A#,1,C,1,F
Fsus4,x.x.3.3.1.x,1,1,9,3,3,0,3,1,3,2,True,False,x,,x,,3,F,3,A#,1,C,x,
Fsus4,8.x.10.10.11.x,1,1,10,4,2,0,4,8,11,3,True,False,8,C,x,,10,C,10,F,11,A#,x,
Fsus4/D,x.x.0.5.6.6,3,2,1,4,2,1,3,5,6,1,True,False,x,,x,,0,D,5,C,6,F,6,A#
Fsus4/D,x.x.0.3.1.1,1,1,2,4,2,1,3,1,3,2,True,False,x,,x,,0,D,3,A#,1,C,1,F
Fsus4/Eb,11.8.8.10.11.8,5,1,1,6,0,0,6,8,11,3,True,False,11,D#,8,F,8,A#,10,F,11,A#,8,C
Fsus4/Eb,11.8.10.x.11.8,1,1,2,5,1,0,5,8,11,3,True,False,11,D#,8,F,10,C,x,,11,A#,8,C
Fsus4/F#,2.x.3.3.1.x,1,1,1,4,2,0,4,1,3,2,True,False,2,F#,x,,3,F,3,A#,1,C,x,
Fsus4/G,3.1.3.3.1.1,24,1,1,6,0,0,6,1,3,2,True,False,3,G,1,A#,3,F,3,A#,1,C,1,F
Fsus4add13/G,x.10.12.10.11.10,3,1,1,5,1,0,5,10,12,2,True,False,x,,10,G,12,D,10,F,11,A#,10,D
G,3.2.0.0.0.3,4941,543,1,6,0,3,3,2,3,1,True,False,3,G,2,B,0,D,0,G,0,B,3,G
g,3.2.0.0.x.x,12,1,1,4,2,2,2,2,3,1,True,False,3,G,2,B,0,D,0,G,x,,x,
G,3.2.0.0.3.3,2701,235,2,6,0,2,4,2,3,1,True,False,3,G,2,B,0,D,0,G,3,D,3,G
G,3.5.5.4.3.3,2325,278,3,6,0,0,6,3,5,2,True,False,3,G,5,D,5,G,4,B,3,D,3,G
G,3.x.0.0.0.3,188,30,4,5,1,3,2,3,3,0,True,False,3,G,x,,0,D,0,G,0,B,3,G
G,x.x.0.0.0.3,159,9,5,4,2,3,1,3,3,0,True,False,x,,x,,0,D,0,G,0,B,3,G
G,3.2.0.0.3.x,133,23,6,5,1,2,3,2,3,1,True,False,3,G,2,B,0,D,0,G,3,D,x,
G,3.5.5.4.3.x,117,14,7,5,1,0,5,3,5,2,True,False,3,G,5,D,5,G,4,B,3,D,x,
G,x.x.5.4.3.3,94,24,8,4,2,0,4,3,5,2,True,False,x,,x,,5,G,4,B,3,D,3,G
G,3.x.0.0.0.x,92,30,9,4,2,3,1,3,3,0,True,False,3,G,x,,0,D,0,G,0,B,x,
G,x.5.5.x.x.x,79,7,10,2,4,0,2,5,5,0,True,False,x,,5,D,5,G,x,,x,,x,
G,x.10.12.12.12.10,70,13,11,5,1,0,5,10,12,2,True,False,x,,10,G,12,D,12,G,12,B,10,D
G,3.2.0.0.0.x,68,19,12,5,1,3,2,2,3,1,True,False,3,G,2,B,0,D,0,G,0,B,x,
G,x.x.5.4.3.x,64,9,13,3,3,0,3,3,5,2,True,False,x,,x,,5,G,4,B,3,D,x,
G,3.2.x.x.3.3,58,5,14,4,2,0,4,2,3,1,True,False,3,G,2,B,x,,x,,3,D,3,G
G,4.6.6.5.4.4,52,2,15,6,0,0,6,4,6,2,True,False,4,G#,6,D#,6,G#,5,C,4,D#,4,G#
G,3.2.x.0.0.3,50,9,16,5,1,2,3,2,3,1,True,False,3,G,2,B,x,,0,G,0,B,3,G
G,x.2.0.0.3.x,48,11,17,4,2,2,2,2,3,1,True,False,x,,2,B,0,D,0,G,3,D,x,
G,3.2.0.x.3.3,41,2,18,5,1,1,4,2,3,1,True,False,3,G,2,B,0,D,x,,3,D,3,G
G,x.10.9.7.8.7,40,9,19,5,1,0,5,7,10,3,True,False,x,,10,G,9,B,7,D,8,G,7,B
G,x.x.0.0.0.x,39,8,20,3,3,3,0,0,0,0,True,False,x,,x,,0,D,0,G,0,B,x,
G,x.x.0.0.x.x,38,8,21,2,4,2,0,0,0,0,True,False,x,,x,,0,D,0,G,x,,x,
G,x.2.0.0.3.3,38,8,22,5,1,2,3,2,3,1,True,False,x,,2,B,0,D,0,G,3,D,3,G
G,x.x.x.7.8.7,38,9,23,3,3,0,3,7,8,1,True,False,x,,x,,x,,7,D,8,G,7,B
G,x.x.x.4.3.3,35,6,24,3,3,0,3,3,4,1,True,False,x,,x,,x,,4,B,3,D,3,G
G,3.2.x.x.x.3,32,6,25,3,3,0,3,2,3,1,True,False,3,G,2,B,x,,x,,x,,3,G
G,x.x.5.7.0.7,32,4,26,4,2,1,3,5,7,2,True,False,x,,x,,5,G,7,D,0,B,7,B
G,x.10.12.12.12.x,32,11,27,4,2,0,4,10,12,2,True,False,x,,10,G,12,D,12,G,12,B,x,
G,3.2.0.0.x.x,28,12,28,4,2,2,2,2,3,1,True,False,3,G,2,B,0,D,0,G,x,,x,
G,3.5.5.4.x.3,28,6,29,5,1,0,5,3,5,2,True,False,3,G,5,D,5,G,4,B,x,,3,G
G,3.5.5.x.x.x,27,3,30,3,3,0,3,3,5,2,True,False,3,G,5,D,5,G,x,,x,,x,
G,3.2.x.x.0.3,26,4,31,4,2,1,3,2,3,1,True,False,3,G,2,B,x,,x,,0,B,3,G
G,x.x.0.0.3.3,23,4,32,4,2,2,2,3,3,0,True,False,x,,x,,0,D,0,G,3,D,3,G
G,3.5.5.4.x.x,21,11,33,4,2,0,4,3,5,2,True,False,3,G,5,D,5,G,4,B,x,,x,
G,3.x.5.4.3.3,20,9,34,5,1,0,5,3,5,2,True,False,3,G,x,,5,G,4,B,3,D,3,G
G,5.4.3.3.x.x,20,1,35,4,2,0,4,3,5,2,True,False,5,A,4,C#,3,F,3,A#,x,,x,
G,3.x.x.0.0.3,19,7,36,4,2,2,2,3,3,0,True,False,3,G,x,,x,,0,G,0,B,3,G
G,x.2.x.x.3.x,19,1,37,2,4,0,2,2,3,1,True,False,x,,2,B,x,,x,,3,D,x,
G,x.x.5.7.8.7,19,5,38,4,2,0,4,5,8,3,True,False,x,,x,,5,G,7,D,8,G,7,B
G,x.x.0.7.8.7,18,6,39,4,2,1,3,7,8,1,True,True,x,,x,,0,D,7,D,8,G,7,B
G,3.x.0.x.0.x,16,4,40,3,3,2,1,3,3,0,True,False,3,G,x,,0,D,x,,0,B,x,
G,3.x.x.x.0.x,16,9,41,2,4,1,1,3,3,0,True,False,3,G,x,,x,,x,,0,B,x,
G,x.5.5.4.3.x,15,3,42,4,2,0,4,3,5,2,True,False,x,,5,D,5,G,4,B,3,D,x,
G,3.x.0.0.3.x,14,2,43,4,2,2,2,3,3,0,True,False,3,G,x,,0,D,0,G,3,D,x,
G,x.2.0.0.0.3,14,6,44,5,1,3,2,2,3,1,True,False,x,,2,B,0,D,0,G,0,B,3,G
G,0.0.x.x.x.x,13,1,45,2,4,2,0,0,0,0,True,False,0,E,0,A,x,,x,,x,,x,
G,x.x.x.0.8.x,13,1,46,2,4,1,1,8,8,0,True,True,x,,x,,x,,0,G,8,G,x,
G,3.2.x.0.x.3,12,1,47,4,2,1,3,2,3,1,True,False,3,G,2,B,x,,0,G,x,,3,G
G,3.2.x.x.3.x,12,2,48,3,3,0,3,2,3,1,True,False,3,G,2,B,x,,x,,3,D,x,
G,3.5.x.4.3.x,12,1,49,4,2,0,4,3,5,2,True,False,3,G,5,D,x,,4,B,3,D,x,
G,x.x.0.12.12.10,12,1,50,4,2,1,3,10,12,2,True,True,x,,x,,0,D,12,G,12,B,10,D
G,3.x.5.4.3.x,11,3,51,4,2,0,4,3,5,2,True,False,3,G,x,,5,G,4,B,3,D,x,
G,3.1.0.0.x.3,10,1,52,5,1,2,3,1,3,2,True,False,3,G,1,A#,0,D,0,G,x,,3,G
G,3.x.0.0.3.3,9,3,53,5,1,2,3,3,3,0,True,False,3,G,x,,0,D,0,G,3,D,3,G
G,3.2.0.x.0.3,9,2,54,5,1,2,3,2,3,1,True,False,3,G,2,B,0,D,x,,0,B,3,G
G,x.x.0.4.3.3,9,3,55,4,2,1,3,3,4,1,True,False,x,,x,,0,D,4,B,3,D,3,G
G,x.5.5.7.x.x,9,1,56,3,3,0,3,5,7,2,True,False,x,,5,D,5,G,7,D,x,,x,
G,x.x.9.7.8.x,9,4,57,3,3,0,3,7,9,2,True,False,x,,x,,9,B,7,D,8,G,x,
G,x.x.x.x.3.3,8,4,58,2,4,0,2,3,3,0,True,False,x,,x,,x,,x,,3,D,3,G
G,x.x.0.2.3.3,8,1,59,4,2,1,3,2,3,1,True,False,x,,x,,0,D,2,A,3,D,3,G
G,3.x.5.4.x.x,8,3,60,3,3,0,3,3,5,2,True,False,3,G,x,,5,G,4,B,x,,x,
G,x.5.5.0.3.x,8,2,61,4,2,1,3,3,5,2,True,False,x,,5,D,5,G,0,G,3,D,x,
G,x.5.5.4.3.3,8,1,62,5,1,0,5,3,5,2,True,False,x,,5,D,5,G,4,B,3,D,3,G
G,15.14.12.12.12.15,8,1,63,6,0,0,6,12,15,3,True,False,15,G,14,B,12,D,12,G,12,B,15,G
G,x.2.x.0.0.3,7,3,64,4,2,2,2,2,3,1,True,False,x,,2,B,x,,0,G,0,B,3,G
G,x.x.x.0.0.x,6,3,65,2,4,2,0,0,0,0,True,False,x,,x,,x,,0,G,0,B,x,
G,x.2.0.0.x.x,6,4,66,3,3,2,1,2,2,0,True,False,x,,2,B,0,D,0,G,x,,x,
G,3.x.0.x.0.3,6,2,67,4,2,2,2,3,3,0,True,False,3,G,x,,0,D,x,,0,B,3,G
G,3.x.x.0.0.x,6,4,68,3,3,2,1,3,3,0,True,False,3,G,x,,x,,0,G,0,B,x,
G,3.x.x.3.x.x,6,1,69,2,4,0,2,3,3,0,True,False,3,G,x,,x,,3,A#,x,,x,
G,x.2.x.0.3.3,6,4,70,4,2,1,3,2,3,1,True,False,x,,2,B,x,,0,G,3,D,3,G
G,x.x.5.7.x.7,6,4,71,3,3,0,3,5,7,2,True,False,x,,x,,5,G,7,D,x,,7,B
G,x.10.9.7.x.x,6,3,72,3,3,0,3,7,10,3,True,False,x,,10,G,9,B,7,D,x,,x,
G,3.x.x.x.3.3,5,1,73,3,3,0,3,3,3,0,True,False,3,G,x,,x,,x,,3,D,3,G
G,3.2.x.x.x.x,5,3,74,2,4,0,2,2,3,1,True,False,3,G,2,B,x,,x,,x,,x,
G,3.x.x.4.3.x,5,3,75,3,3,0,3,3,4,1,True,False,3,G,x,,x,,4,B,3,D,x,
G,x.10.x.x.12.x,5,1,76,2,4,0,2,10,12,2,True,False,x,,10,G,x,,x,,12,B,x,
G,5.5.5.7.8.7,5,3,77,6,0,0,6,5,8,3,True,False,5,A,5,D,5,G,7,D,8,G,7,B
G,x.10.0.0.8.7,5,1,78,5,1,2,3,7,10,3,True,True,x,,10,G,0,D,0,G,8,G,7,B
G,15.14.12.12.15.15,5,1,79,6,0,0,6,12,15,3,True,False,15,G,14,B,12,D,12,G,15,D,15,G
G,3.x.x.x.0.3,4,2,80,3,3,1,2,3,3,0,True,False,3,G,x,,x,,x,,0,B,3,G
G,x.x.0.0.3.x,4,2,81,3,3,2,1,3,3,0,True,False,x,,x,,0,D,0,G,3,D,x,
G,5.x.0.0.0.x,4,3,82,4,2,3,1,5,5,0,True,False,5,A,x,,0,D,0,G,0,B,x,
G,5.x.x.x.x.x,4,1,83,1,5,0,1,5,5,0,True,False,5,A,x,,x,,x,,x,,x,
G,x.5.5.0.x.x,4,2,84,3,3,1,2,5,5,0,True,False,x,,5,D,5,G,0,G,x,,x,
G,3.2.0.x.x.3,4,2,85,4,2,1,3,2,3,1,True,False,3,G,2,B,0,D,x,,x,,3,G
G,3.2.0.x.x.x,4,4,86,3,3,1,2,2,3,1,True,False,3,G,2,B,0,D,x,,x,,x,
G,3.2.x.0.3.x,4,1,87,4,2,1,3,2,3,1,True,False,3,G,2,B,x,,0,G,3,D,x,
G,x.x.5.4.x.x,4,1,88,2,4,0,2,4,5,1,True,False,x,,x,,5,G,4,B,x,,x,
G,x.x.x.0.8.7,4,3,89,3,3,1,2,7,8,1,True,True,x,,x,,x,,0,G,8,G,7,B
G,3.5.x.4.3.3,4,3,90,5,1,0,5,3,5,2,True,False,3,G,5,D,x,,4,B,3,D,3,G
G,x.x.9.7.8.7,4,3,91,4,2,0,4,7,9,2,True,False,x,,x,,9,B,7,D,8,G,7,B
G,x.10.12.x.12.x,4,1,92,3,3,0,3,10,12,2,True,False,x,,10,G,12,D,x,,12,B,x,
G,x.x.x.12.12.10,4,4,93,3,3,0,3,10,12,2,True,False,x,,x,,x,,12,G,12,B,10,D
G,3.x.0.0.3.0,3,1,94,5,1,3,2,3,3,0,True,False,3,G,x,,0,D,0,G,3,D,0,E
G,x.x.x.0.3.3,3,1,95,3,3,1,2,3,3,0,True,False,x,,x,,x,,0,G,3,D,3,G
G,3.2.x.0.3.3,3,1,96,5,1,1,4,2,3,1,True,False,3,G,2,B,x,,0,G,3,D,3,G
G,x.2.x.0.3.x,3,2,97,3,3,1,2,2,3,1,True,False,x,,2,B,x,,0,G,3,D,x,
G,3.x.0.4.3.3,3,1,98,5,1,1,4,3,4,1,True,False,3,G,x,,0,D,4,B,3,D,3,G
G,3.x.0.4.3.x,3,2,99,4,2,1,3,3,4,1,True,False,3,G,x,,0,D,4,B,3,D,x,
G,3.x.x.4.3.3,3,2,100,4,2,0,4,3,4,1,True,False,3,G,x,,x,,4,B,3,D,3,G
G,5.x.0.4.3.x,3,2,101,4,2,1,3,3,5,2,True,False,5,A,x,,0,D,4,B,3,D,x,
G,x.5.4.0.3.x,3,1,102,4,2,1,3,3,5,2,True,False,x,,5,D,4,F#,0,G,3,D,x,
G,x.x.5.x.x.3,3,2,103,2,4,0,2,3,5,2,True,False,x,,x,,5,G,x,,x,,3,G
G,7.5.5.7.x.x,3,1,104,4,2,0,4,5,7,2,True,False,7,B,5,D,5,G,7,D,x,,x,
G,x.x.x.0.12.10,3,2,105,3,3,1,2,10,12,2,True,True,x,,x,,x,,0,G,12,B,10,D
G,x.x.17.16.15.15,3,2,106,4,2,0,4,15,17,2,True,False,x,,x,,17,G,16,B,15,D,15,G
G,x.2.5.4.3.x,3,1,107,4,2,0,4,2,5,3,True,False,x,,2,B,5,G,4,B,3,D,x,
G,5.5.0.0.0.x,2,2,108,5,1,3,2,5,5,0,True,False,5,A,5,D,0,D,0,G,0,B,x,
G,3.2.0.x.0.x,2,2,109,4,2,2,2,2,3,1,True,False,3,G,2,B,0,D,x,,0,B,x,
G,x.x.0.4.x.3,2,2,110,3,3,1,2,3,4,1,True,False,x,,x,,0,D,4,B,x,,3,G
G,7.x.0.7.8.7,2,1,111,5,1,1,4,7,8,1,True,True,7,B,x,,0,D,7,D,8,G,7,B
G,x.x.x.x.8.7,2,2,112,2,4,0,2,7,8,1,True,False,x,,x,,x,,x,,8,G,7,B
G,3.x.0.2.1.x,2,1,113,4,2,1,3,1,3,2,True,False,3,G,x,,0,D,2,A,1,C,x,
G,x.3.2.0.1.0,2,2,114,5,1,2,3,1,3,2,True,False,x,,3,C,2,E,0,G,1,C,0,E
G,x.2.x.4.3.3,2,1,115,4,2,0,4,2,4,2,True,False,x,,2,B,x,,4,B,3,D,3,G
G,3.5.x.0.3.3,2,1,116,5,1,1,4,3,5,2,True,False,3,G,5,D,x,,0,G,3,D,3,G
G,5.x.0.0.0.3,2,2,117,5,1,3,2,3,5,2,True,False,5,A,x,,0,D,0,G,0,B,3,G
G,5.x.0.0.3.x,2,1,118,4,2,2,2,3,5,2,True,False,5,A,x,,0,D,0,G,3,D,x,
G,5.x.5.4.3.3,2,1,119,5,1,0,5,3,5,2,True,False,5,A,x,,5,G,4,B,3,D,3,G
G,x.5.5.7.x.7,2,1,120,4,2,0,4,5,7,2,True,False,x,,5,D,5,G,7,D,x,,7,B
G,x.x.5.x.0.7,2,2,121,3,3,1,2,5,7,2,True,False,x,,x,,5,G,x,,0,B,7,B
G,x.10.0.0.8.x,2,1,122,4,2,2,2,8,10,2,True,True,x,,10,G,0,D,0,G,8,G,x,
G,x.x.12.12.12.10,2,1,123,4,2,0,4,10,12,2,True,False,x,,x,,12,D,12,G,12,B,10,D
G,3.2.5.x.x.x,2,1,124,3,3,0,3,2,5,3,True,False,3,G,2,B,5,G,x,,x,,x,
G,x.10.x.x.x.7,2,2,125,2,4,0,2,7,10,3,True,False,x,,10,G,x,,x,,x,,7,B
G,x.x.0.7.10.x,2,1,126,3,3,1,2,7,10,3,True,True,x,,x,,0,D,7,D,10,A,x,
G,x.x.x.7.8.10,2,2,127,3,3,0,3,7,10,3,True,False,x,,x,,x,,7,D,8,G,10,D
G,x.x.x.12.12.15,2,1,128,3,3,0,3,12,15,3,True,False,x,,x,,x,,12,G,12,B,15,G
G,0.x.x.0.0.x,1,1,129,3,3,3,0,0,0,0,True,False,0,E,x,,x,,0,G,0,B,x,
G,x.x.x.0.x.x,1,1,130,1,5,1,0,0,0,0,True,False,x,,x,,x,,0,G,x,,x,
G,x.2.x.0.x.x,1,1,131,2,4,1,1,2,2,0,True,False,x,,2,B,x,,0,G,x,,x,
G,3.0.0.0.0.0,1,1,132,6,0,5,1,3,3,0,True,False,3,G,0,A,0,D,0,G,0,B,0,E
G,x.0.5.5.5.5,1,1,133,5,1,1,4,5,5,0,True,False,x,,0,A,5,G,5,C,5,E,5,A
G,x.x.5.x.x.x,1,1,134,1,5,0,1,5,5,0,True,False,x,,x,,5,G,x,,x,,x,
G,x.x.0.0.0.7,1,1,135,4,2,3,1,7,7,0,True,True,x,,x,,0,D,0,G,0,B,7,B
G,x.x.0.0.0.10,1,1,136,4,2,3,1,10,10,0,True,True,x,,x,,0,D,0,G,0,B,10,D
G,x.x.12.12.0.x,1,1,137,3,3,1,2,12,12,0,True,True,x,,x,,12,D,12,G,0,B,x,
G,x.x.12.12.x.x,1,1,138,2,4,0,2,12,12,0,True,False,x,,x,,12,D,12,G,x,,x,
G,x.x.x.x.15.15,1,1,139,2,4,0,2,15,15,0,True,False,x,,x,,x,,x,,15,D,15,G
G,3.2.0.x.3.x,1,1,140,4,2,1,3,2,3,1,True,False,3,G,2,B,0,D,x,,3,D,x,
G,3.2.x.0.0.x,1,1,141,4,2,2,2,2,3,1,True,False,3,G,2,B,x,,0,G,0,B,x,
G,x.2.0.0.x.3,1,1,142,4,2,2,2,2,3,1,True,False,x,,2,B,0,D,0,G,x,,3,G
G,x.2.x.x.x.3,1,1,143,2,4,0,2,2,3,1,True,False,x,,2,B,x,,x,,x,,3,G
G,0.x.x.x.8.7,1,1,144,3,3,1,2,7,8,1,True,True,0,E,x,,x,,x,,8,G,7,B
G,7.x.x.7.8.7,1,1,145,4,2,0,4,7,8,1,True,False,7,B,x,,x,,7,D,8,G,7,B
G,7.x.x.7.8.x,1,1,146,3,3,0,3,7,8,1,True,False,7,B,x,,x,,7,D,8,G,x,
G,x.x.0.0.8.7,1,1,147,4,2,2,2,7,8,1,True,True,x,,x,,0,D,0,G,8,G,7,B
G,3.x.0.0.1.0,1,1,148,5,1,3,2,1,3,2,True,False,3,G,x,,0,D,0,G,1,C,0,E
G,3.0.0.5.3.0,1,1,149,6,0,3,3,3,5,2,True,False,3,G,0,A,0,D,5,C,3,D,0,E
G,3.0.5.4.3.3,1,1,150,6,0,1,5,3,5,2,True,False,3,G,0,A,5,G,4,B,3,D,3,G
G,3.3.5.4.3.3,1,1,151,6,0,0,6,3,5,2,True,False,3,G,3,C,5,G,4,B,3,D,3,G
G,3.5.x.4.x.3,1,1,152,4,2,0,4,3,5,2,True,False,3,G,5,D,x,,4,B,x,,3,G
G,5.x.5.4.3.x,1,1,153,4,2,0,4,3,5,2,True,False,5,A,x,,5,G,4,B,3,D,x,
G,x.5.x.0.3.3,1,1,154,4,2,1,3,3,5,2,True,False,x,,5,D,x,,0,G,3,D,3,G
G,x.5.x.0.3.x,1,1,155,3,3,1,2,3,5,2,True,False,x,,5,D,x,,0,G,3,D,x,
G,7.x.9.7.8.7,1,1,156,5,1,0,5,7,9,2,True,False,7,B,x,,9,B,7,D,8,G,7,B
G,x.x.9.x.x.7,1,1,157,2,4,0,2,7,9,2,True,False,x,,x,,9,B,x,,x,,7,B
G,10.10.12.12.x.x,1,1,158,4,2,0,4,10,12,2,True,False,10,D,10,G,12,D,12,G,x,,x,
G,x.10.12.12.x.x,1,1,159,3,3,0,3,10,12,2,True,False,x,,10,G,12,D,12,G,x,,x,
G,15.17.17.16.15.15,1,1,160,6,0,0,6,15,17,2,True,False,15,G,17,D,17,G,16,B,15,D,15,G
G,7.5.5.7.8.x,1,1,161,5,1,0,5,5,8,3,True,False,7,B,5,D,5,G,7,D,8,G,x,
G,x.x.5.x.8.7,1,1,162,3,3,0,3,5,8,3,True,False,x,,x,,5,G,x,,8,G,7,B
G,7.10.9.7.8.7,1,1,163,6,0,0,6,7,10,3,True,False,7,B,10,G,9,B,7,D,8,G,7,B
G,x.x.0.7.8.10,1,1,164,4,2,1,3,7,10,3,True,True,x,,x,,0,D,7,D,8,G,10,D
G,3.3.5.4.x.7,1,1,165,5,1,0,5,3,7,4,True,False,3,G,3,C,5,G,4,B,x,,7,B
G,3.5.x.4.3.7,1,1,166,5,1,0,5,3,7,4,True,False,3,G,5,D,x,,4,B,3,D,7,B
G,15.17.17.19.x.19,1,1,167,5,1,0,5,15,19,4,True,False,15,G,17,D,17,G,19,D,x,,19,B
G (D),x.x.0.2.3.2,6,1,1,4,2,1,3,2,3,1,True,False,x,,x,,0,D,2,A,3,D,2,F#
G (normal tune),3.5.5.4.3.3,6,1,1,6,0,0,6,3,5,2,True,False,3,G,5,D,5,G,4,B,3,D,3,G
G (type 1),x.x.5.4.3.x,1,1,1,3,3,0,3,3,5,2,True,False,x,,x,,5,G,4,B,3,D,x,
G (Type 2),3.2.0.0.3.x,3,1,1,5,1,2,3,2,3,1,True,False,3,G,2,B,0,D,0,G,3,D,x,
G (type 2),x.10.9.7.8.x,1,1,1,4,2,0,4,7,10,3,True,False,x,,10,G,9,B,7,D,8,G,x,
G 5,3.x.0.0.3.3,36,3,1,5,1,2,3,3,3,0,True,False,3,G,x,,0,D,0,G,3,D,3,G
G add6&9,3.x.2.2.0.0,3,1,1,5,1,2,3,2,3,1,True,False,3,G,x,,2,E,2,A,0,B,0,E
G#,4.6.6.5.4.4,860,64,1,6,0,0,6,4,6,2,True,False,4,G#,6,D#,6,G#,5,C,4,D#,4,G#
G#,4.3.1.1.1.4,46,9,2,6,0,0,6,1,4,3,True,False,4,G#,3,C,1,D#,1,G#,1,C,4,G#
G#,5.7.7.6.5.5,40,1,3,6,0,0,6,5,7,2,True,False,5,A,7,E,7,A,6,C#,5,E,5,A
G#,x.x.6.5.4.4,29,7,4,4,2,0,4,4,6,2,True,False,x,,x,,6,G#,5,C,4,D#,4,G#
G#,4.6.6.5.x.x,19,6,5,4,2,0,4,4,6,2,True,False,4,G#,6,D#,6,G#,5,C,x,,x,
G#,4.6.6.5.4.x,18,5,6,5,1,0,5,4,6,2,True,False,4,G#,6,D#,6,G#,5,C,4,D#,x,
G#,x.x.6.5.4.x,15,1,7,3,3,0,3,4,6,2,True,False,x,,x,,6,G#,5,C,4,D#,x,
G#,x.11.13.13.13.11,12,2,8,5,1,0,5,11,13,2,True,False,x,,11,G#,13,D#,13,G#,13,C,11,D#
G#,x.6.6.5.4.x,10,1,9,4,2,0,4,4,6,2,True,False,x,,6,D#,6,G#,5,C,4,D#,x,
G#,4.3.x.x.x.x,6,2,10,2,4,0,2,3,4,1,True,False,4,G#,3,C,x,,x,,x,,x,
G#,x.11.10.8.9.8,6,3,11,5,1,0,5,8,11,3,True,False,x,,11,G#,10,C,8,D#,9,G#,8,C
G#,x.6.6.x.x.x,4,1,12,2,4,0,2,6,6,0,True,False,x,,6,D#,6,G#,x,,x,,x,
G#,x.3.1.1.1.x,4,1,13,4,2,0,4,1,3,2,True,False,x,,3,C,1,D#,1,G#,1,C,x,
G#,4.x.x.x.1.x,4,3,14,2,4,0,2,1,4,3,True,False,4,G#,x,,x,,x,,1,C,x,
G#,4.x.1.5.x.4,4,1,15,4,2,0,4,1,5,4,True,False,4,G#,x,,1,D#,5,C,x,,4,G#
G#,x.x.1.1.1.x,3,1,16,3,3,0,3,1,1,0,True,False,x,,x,,1,D#,1,G#,1,C,x,
G#,x.3.2.0.1.0,2,1,17,5,1,2,3,1,3,2,True,False,x,,3,C,2,E,0,G,1,C,0,E
G#,4.3.1.1.4.4,2,1,18,6,0,0,6,1,4,3,True,False,4,G#,3,C,1,D#,1,G#,4,D#,4,G#
G#,4.3.1.1.x.x,2,1,19,4,2,0,4,1,4,3,True,False,4,G#,3,C,1,D#,1,G#,x,,x,
G#,4.x.1.1.1.x,2,2,20,4,2,0,4,1,4,3,True,False,4,G#,x,,1,D#,1,G#,1,C,x,
G#,4.x.x.5.4.4,1,1,21,4,2,0,4,4,5,1,True,False,4,G#,x,,x,,5,C,4,D#,4,G#
G#,6.6.6.5.x.x,1,1,22,4,2,0,4,5,6,1,True,False,6,A#,6,D#,6,G#,5,C,x,,x,
G#,x.4.x.2.2.x,1,1,23,3,3,0,3,2,4,2,True,False,x,,4,C#,x,,2,A,2,C#,x,
G#,x.3.x.5.4.4,1,1,24,4,2,0,4,3,5,2,True,False,x,,3,C,x,,5,C,4,D#,4,G#
G#,4.6.x.5.4.4,1,1,25,5,1,0,5,4,6,2,True,False,4,G#,6,D#,x,,5,C,4,D#,4,G#
G#,4.x.6.5.4.4,1,1,26,5,1,0,5,4,6,2,True,False,4,G#,x,,6,G#,5,C,4,D#,4,G#
G#,5.4.x.6.x.x,1,1,27,3,3,0,3,4,6,2,True,False,5,A,4,C#,x,,6,C#,x,,x,
G#,x.x.10.8.9.x,1,1,28,3,3,0,3,8,10,2,True,False,x,,x,,10,C,8,D#,9,G#,x,
G#,12.12.14.14.x.x,1,1,29,4,2,0,4,12,14,2,True,False,12,E,12,A,14,E,14,A,x,,x,
G#,0.0.2.2.5.5,1,1,30,6,0,2,4,2,5,3,True,False,0,E,0,A,2,E,2,A,5,E,5,A
G#,5.4.7.x.x.x,1,1,31,3,3,0,3,4,7,3,True,False,5,A,4,C#,7,A,x,,x,,x,
G#,x.x.x.13.13.16,1,1,32,3,3,0,3,13,16,3,True,False,x,,x,,x,,13,G#,13,C,16,G#
G#-7b5,4.x.4.4.3.x,2,1,1,4,2,0,4,3,4,1,True,False,4,G#,x,,4,F#,4,B,3,D,x,
G#/5+,x.0.3.2.x.x,1,1,1,3,3,1,2,2,3,1,True,False,x,,0,A,3,F,2,A,x,,x,
G#/A#,x.x.8.8.9.8,24,1,1,4,2,0,4,8,9,1,True,False,x,,x,,8,A#,8,D#,9,G#,8,C
G#/D#,x.x.x.8.9.8,4,1,1,3,3,0,3,8,9,1,True,False,x,,x,,x,,8,D#,9,G#,8,C
G#/D#,x.6.6.5.4.4,2,2,2,5,1,0,5,4,6,2,True,False,x,,6,D#,6,G#,5,C,4,D#,4,G#
G#/E,x.7.6.5.4.4,1,1,1,5,1,0,5,4,7,3,True,False,x,,7,E,6,G#,5,C,4,D#,4,G#
G#/E,0.x.6.8.9.x,1,1,2,4,2,1,3,6,9,3,True,True,0,E,x,,6,G#,8,D#,9,G#,x,
G#/F,x.8.10.8.9.x,16,1,1,4,2,0,4,8,10,2,True,False,x,,8,F,10,C,8,D#,9,G#,x,
G#/F,x.x.3.5.4.4,2,2,2,4,2,0,4,3,5,2,True,False,x,,x,,3,F,5,C,4,D#,4,G#
G#/F#,3.x.2.2.x.x,1,1,1,3,3,0,3,2,3,1,True,False,3,G,x,,2,E,2,A,x,,x,
G#4+,0.x.0.1.4.x,1,1,1,4,2,2,2,1,4,3,True,False,0,E,x,,0,D,1,G#,4,D#,x,
G#5,4.6.6.x.x.x,192,31,1,3,3,0,3,4,6,2,True,False,4,G#,6,D#,6,G#,x,,x,,x,
G#5,4.6.x.x.x.x,49,13,2,2,4,0,2,4,6,2,True,False,4,G#,6,D#,x,,x,,x,,x,
G#5,x.0.2.2.x.x,34,6,3,3,3,1,2,2,2,0,True,False,x,,0,A,2,E,2,A,x,,x,
G#5,5.7.7.x.x.x,21,3,4,3,3,0,3,5,7,2,True,False,5,A,7,E,7,A,x,,x,,x,
G#5,6.6.6.x.x.x,14,2,5,3,3,0,3,6,6,0,True,False,6,A#,6,D#,6,G#,x,,x,,x,
G#5,4.x.x.x.4.4,4,2,6,3,3,0,3,4,4,0,True,False,4,G#,x,,x,,x,,4,D#,4,G#
G#5,x.x.6.8.x.x,4,2,7,2,4,0,2,6,8,2,True,False,x,,x,,6,G#,8,D#,x,,x,
G#5,x.x.18.20.21.x,3,1,8,3,3,0,3,18,21,3,True,False,x,,x,,18,G#,20,D#,21,G#,x,
G#5,x.11.13.13.x.x,2,2,9,3,3,0,3,11,13,2,True,False,x,,11,G#,13,D#,13,G#,x,,x,
G#5,x.0.x.x.10.12,1,1,10,3,3,1,2,10,12,2,True,True,x,,0,A,x,,x,,10,A,12,E
G#5,x.x.x.1.4.x,1,1,11,2,4,0,2,1,4,3,True,False,x,,x,,x,,1,G#,4,D#,x,
G#6,4.x.x.5.4.1,88,2,1,4,2,0,4,1,5,4,True,False,4,G#,x,,x,,5,C,4,D#,1,F
G#6,1.3.1.1.1.1,2,2,2,6,0,0,6,1,3,2,True,False,1,F,3,C,1,D#,1,G#,1,C,1,F
G#6,8.8.10.8.9.8,1,1,3,6,0,0,6,8,10,2,True,False,8,C,8,F,10,C,8,D#,9,G#,8,C
G#6,8.8.10.8.9.x,1,1,4,5,1,0,5,8,10,2,True,False,8,C,8,F,10,C,8,D#,9,G#,x,
G#6/9,x.11.10.10.11.11,1,1,1,5,1,0,5,10,11,1,True,False,x,,11,G#,10,C,10,F,11,A#,11,D#
G#6/C,8.x.6.8.6.x,1,1,1,4,2,0,4,6,8,2,True,False,8,C,x,,6,G#,8,D#,6,F,x,
G#6add9,1.1.1.1.1.1,4,1,1,6,0,0,6,1,1,0,True,False,1,F,1,A#,1,D#,1,G#,1,C,1,F
G#7,4.6.4.5.4.4,17,10,1,6,0,0,6,4,6,2,True,False,4,G#,6,D#,4,F#,5,C,4,D#,4,G#
G#7,x.11.13.11.13.11,15,1,2,5,1,0,5,11,13,2,True,False,x,,11,G#,13,D#,11,F#,13,C,11,D#
G#7,4.x.4.5.4.x,14,4,3,4,2,0,4,4,5,1,True,False,4,G#,x,,4,F#,5,C,4,D#,x,
G#7,4.6.4.5.7.4,4,2,4,6,0,0,6,4,7,3,True,False,4,G#,6,D#,4,F#,5,C,7,F#,4,G#
G#7,x.x.x.5.7.4,3,2,5,3,3,0,3,4,7,3,True,False,x,,x,,x,,5,C,7,F#,4,G#
G#7,4.x.4.5.x.x,2,1,6,3,3,0,3,4,5,1,True,False,4,G#,x,,4,F#,5,C,x,,x,
G#7,4.3.1.1.1.2,2,2,7,6,0,0,6,1,4,3,True,False,4,G#,3,C,1,D#,1,G#,1,C,2,F#
G#7,4.6.6.5.7.4,2,1,8,6,0,0,6,4,7,3,True,False,4,G#,6,D#,6,G#,5,C,7,F#,4,G#
G#7,4.6.6.5.7.x,2,1,9,5,1,0,5,4,7,3,True,False,4,G#,6,D#,6,G#,5,C,7,F#,x,
G#7,4.6.x.5.7.4,2,1,10,5,1,0,5,4,7,3,True,False,4,G#,6,D#,x,,5,C,7,F#,4,G#
G#7,4.x.x.5.7.4,2,1,11,4,2,0,4,4,7,3,True,False,4,G#,x,,x,,5,C,7,F#,4,G#
G#7,4.3.4.5.4.4,1,1,12,6,0,0,6,3,5,2,True,False,4,G#,3,C,4,F#,5,C,4,D#,4,G#
G#7,x.6.x.5.7.4,1,1,13,4,2,0,4,4,7,3,True,False,x,,6,D#,x,,5,C,7,F#,4,G#
G#7,8.x.6.5.7.x,1,1,14,4,2,0,4,5,8,3,True,False,8,C,x,,6,G#,5,C,7,F#,x,
G#7,x.x.16.13.16.14,1,1,15,4,2,0,4,13,16,3,True,False,x,,x,,16,F#,13,G#,16,D#,14,F#
G#7/5+,4.x.4.5.5.x,1,1,1,4,2,0,4,4,5,1,True,False,4,G#,x,,4,F#,5,C,5,E,x,
G#7M,4.3.1.0.1.x,4,2,1,5,1,1,4,1,4,3,True,False,4,G#,3,C,1,D#,0,G,1,C,x,
G#7M,x.3.6.0.x.x,2,1,2,3,3,1,2,3,6,3,True,False,x,,3,C,6,G#,0,G,x,,x,
G#7M,x.3.5.5.0.0,1,1,3,5,1,2,3,3,5,2,True,False,x,,3,C,5,G,5,C,0,B,0,E
G#7M/G,3.x.x.x.x.4,1,1,1,2,4,0,2,3,4,1,True,False,3,G,x,,x,,x,,x,,4,G#
G#7sus,x.x.6.8.7.9,1,1,1,4,2,0,4,6,9,3,True,False,x,,x,,6,G#,8,D#,7,F#,9,C#
G#7sus2,x.11.x.11.11.11,2,1,1,4,2,0,4,11,11,0,True,False,x,,11,G#,x,,11,F#,11,A#,11,D#
G#7sus4,x.0.2.2.3.3,7,1,1,5,1,1,4,2,3,1,True,False,x,,0,A,2,E,2,A,3,D,3,G
G#7sus4,4.x.4.6.x.x,2,1,2,3,3,0,3,4,6,2,True,False,4,G#,x,,4,F#,6,C#,x,,x,
G#7sus4,x.x.6.8.7.9,1,1,3,4,2,0,4,6,9,3,True,False,x,,x,,6,G#,8,D#,7,F#,9,C#
G#9-/5+,0.0.6.5.7.5,1,1,1,6,0,2,4,5,7,2,True,False,0,E,0,A,6,G#,5,C,7,F#,5,A
G#add9,8.x.x.8.9.6,1,1,1,4,2,0,4,6,9,3,True,False,8,C,x,,x,,8,D#,9,G#,6,A#
G#add9,4.1.x.5.4.x,1,1,2,4,2,0,4,1,5,4,True,False,4,G#,1,A#,x,,5,C,4,D#,x,
G#add9,4.6.8.5.4.x,1,1,3,5,1,0,5,4,8,4,True,False,4,G#,6,D#,8,A#,5,C,4,D#,x,
G#aug,4.7.6.5.x.x,3,1,1,4,2,0,4,4,7,3,True,False,4,G#,7,E,6,G#,5,C,x,,x,
G#dim,4.x.3.4.3.x,6,2,1,4,2,0,4,3,4,1,True,False,4,G#,x,,3,F,4,B,3,D,x,
G#dim,x.x.6.7.6.7,6,4,2,4,2,0,4,6,7,1,True,False,x,,x,,6,G#,7,D,6,F,7,B
G#dim,4.2.0.1.0.1,4,4,3,6,0,2,4,1,4,3,True,False,4,G#,2,B,0,D,1,G#,0,B,1,F
G#dim,4.5.6.4.6.4,3,1,4,6,0,0,6,4,6,2,True,False,4,G#,5,D,6,G#,4,B,6,F,4,G#
G#dim,4.5.6.4.6.7,2,1,5,6,0,0,6,4,7,3,True,False,4,G#,5,D,6,G#,4,B,6,F,7,B
G#dim,4.2.3.4.3.x,1,1,6,5,1,0,5,2,4,2,True,False,4,G#,2,B,3,F,4,B,3,D,x,
G#dim7,x.x.6.4.3.0,2,1,1,4,2,1,3,3,6,3,True,False,x,,x,,6,G#,4,B,3,D,0,E
G#dim7,4.x.3.4.x.x,1,1,2,3,3,0,3,3,4,1,True,False,4,G#,x,,3,F,4,B,x,,x,
G#dim7,4.2.3.4.3.x,1,1,3,5,1,0,5,2,4,2,True,False,4,G#,2,B,3,F,4,B,3,D,x,
G#dim7,4.2.0.1.0.1,1,1,4,6,0,2,4,1,4,3,True,False,4,G#,2,B,0,D,1,G#,0,B,1,F
G#m,4.6.6.4.4.4,283,49,1,6,0,0,6,4,6,2,True,False,4,G#,6,D#,6,G#,4,B,4,D#,4,G#
G#m,4.2.1.1.0.x,109,6,2,5,1,1,4,1,4,3,True,False,4,G#,2,B,1,D#,1,G#,0,B,x,
G#m,4.6.6.4.x.x,13,4,3,4,2,0,4,4,6,2,True,False,4,G#,6,D#,6,G#,4,B,x,,x,
G#m,x.6.6.4.4.x,11,1,4,4,2,0,4,4,6,2,True,False,x,,6,D#,6,G#,4,B,4,D#,x,
G#m,x.0.2.2.1.0,7,2,5,5,1,2,3,1,2,1,True,False,x,,0,A,2,E,2,A,1,C,0,E
G#m,4.6.6.4.4.x,4,1,6,5,1,0,5,4,6,2,True,False,4,G#,6,D#,6,G#,4,B,4,D#,x,
G#m,5.7.7.5.5.5,4,1,7,6,0,0,6,5,7,2,True,False,5,A,7,E,7,A,5,C,5,E,5,A
G#m,4.x.6.4.4.x,3,1,8,4,2,0,4,4,6,2,True,False,4,G#,x,,6,G#,4,B,4,D#,x,
G#m,x.x.9.x.9.7,3,2,9,3,3,0,3,7,9,2,True,False,x,,x,,9,B,x,,9,G#,7,B
G#m,x.x.x.4.x.4,2,1,10,2,4,0,2,4,4,0,True,False,x,,x,,x,,4,B,x,,4,G#
G#m,x.x.6.x.0.7,2,1,11,3,3,1,2,6,7,1,True,True,x,,x,,6,G#,x,,0,B,7,B
G#m,x.7.7.x.x.8,2,1,12,3,3,0,3,7,8,1,True,False,x,,7,E,7,A,x,,x,,8,C
G#m,x.0.7.5.x.x,2,1,13,3,3,1,2,5,7,2,True,False,x,,0,A,7,A,5,C,x,,x,
G#m,x.x.x.8.9.7,2,1,14,3,3,0,3,7,9,2,True,False,x,,x,,x,,8,D#,9,G#,7,B
G#m,4.x.x.4.x.x,1,1,15,2,4,0,2,4,4,0,True,False,4,G#,x,,x,,4,B,x,,x,
G#m,x.0.2.2.1.x,1,1,16,4,2,1,3,1,2,1,True,False,x,,0,A,2,E,2,A,1,C,x,
G#m,x.0.10.9.x.x,1,1,17,3,3,1,2,9,10,1,True,True,x,,0,A,10,C,9,E,x,,x,
G#m,x.x.7.5.5.5,1,1,18,4,2,0,4,5,7,2,True,False,x,,x,,7,A,5,C,5,E,5,A
G#m,x.x.9.7.9.7,1,1,19,4,2,0,4,7,9,2,True,False,x,,x,,9,B,7,D,9,G#,7,B
G#m,4.x.1.1.0.4,1,1,20,5,1,1,4,1,4,3,True,False,4,G#,x,,1,D#,1,G#,0,B,4,G#
G#m/5+,7.x.6.x.0.0,2,1,1,4,2,2,2,6,7,1,True,True,7,B,x,,6,G#,x,,0,B,0,E
G#m/5+/D#,0.x.3.2.1.x,1,1,1,4,2,1,3,1,3,2,True,False,0,E,x,,3,F,2,A,1,C,x,
G#m/5-,x.2.0.1.x.x,1,1,1,3,3,1,2,1,2,1,True,False,x,,2,B,0,D,1,G#,x,,x,
G#m/5-,x.x.9.7.9.7,1,1,2,4,2,0,4,7,9,2,True,False,x,,x,,9,B,7,D,9,G#,7,B
G#m/5-,x.11.x.x.12.10,1,1,3,3,3,0,3,10,12,2,True,False,x,,11,G#,x,,x,,12,B,10,D
G#m/5-/B,x.2.0.1.x.x,2,1,1,3,3,1,2,1,2,1,True,False,x,,2,B,0,D,1,G#,x,,x,
G#m/5-/D,x.x.0.1.0.x,2,1,1,3,3,2,1,1,1,0,True,False,x,,x,,0,D,1,G#,0,B,x,
G#m/B,x.x.9.x.9.11,1,1,1,3,3,0,3,9,11,2,True,False,x,,x,,9,B,x,,9,G#,11,D#
G#m/C#,x.4.6.4.4.4,4,1,1,5,1,0,5,4,6,2,True,False,x,,4,C#,6,G#,4,B,4,D#,4,G#
G#m/C#,x.4.6.4.4.x,1,1,2,4,2,0,4,4,6,2,True,False,x,,4,C#,6,G#,4,B,4,D#,x,
G#m/E,0.x.9.8.9.x,2,1,1,4,2,1,3,8,9,1,True,True,0,E,x,,9,B,8,D#,9,G#,x,
G#m11,6.4.4.4.4.4,2,1,1,6,0,0,6,4,6,2,True,False,6,A#,4,C#,4,F#,4,B,4,D#,4,G#
G#m6,4.6.6.4.6.4,1,1,1,6,0,0,6,4,6,2,True,False,4,G#,6,D#,6,G#,4,B,6,F,4,G#
G#m6add11,x.4.6.4.6.4,2,1,1,5,1,0,5,4,6,2,True,False,x,,4,C#,6,G#,4,B,6,F,4,G#
G#m6add9-/C#,x.4.6.4.6.5,2,1,1,5,1,0,5,4,6,2,True,False,x,,4,C#,6,G#,4,B,6,F,5,A
G#m7,4.6.4.4.4.4,8,3,1,6,0,0,6,4,6,2,True,False,4,G#,6,D#,4,F#,4,B,4,D#,4,G#
G#m7,4.2.4.4.4.4,7,2,2,6,0,0,6,2,4,2,True,False,4,G#,2,B,4,F#,4,B,4,D#,4,G#
G#m7,4.x.4.4.x.x,5,1,3,3,3,0,3,4,4,0,True,False,4,G#,x,,4,F#,4,B,x,,x,
G#m7,4.x.1.1.0.2,3,1,4,5,1,1,4,1,4,3,True,False,4,G#,x,,1,D#,1,G#,0,B,2,F#
G#m7,4.x.4.4.0.x,2,1,5,4,2,1,3,4,4,0,True,False,4,G#,x,,4,F#,4,B,0,B,x,
G#m7,4.x.4.4.4.x,2,2,6,4,2,0,4,4,4,0,True,False,4,G#,x,,4,F#,4,B,4,D#,x,
G#m7,4.x.4.x.4.7,1,1,7,4,2,0,4,4,7,3,True,False,4,G#,x,,4,F#,x,,4,D#,7,B
G#m7/5-,4.x.4.4.3.x,2,1,1,4,2,0,4,3,4,1,True,False,4,G#,x,,4,F#,4,B,3,D,x,
G#m7/5-,4.x.0.4.3.2,1,1,2,5,1,1,4,2,4,2,True,False,4,G#,x,,0,D,4,B,3,D,2,F#
G#m7add11,4.x.4.4.2.x,2,1,1,4,2,0,4,2,4,2,True,False,4,G#,x,,4,F#,4,B,2,C#,x,
G#m7b5,4.x.4.4.3.x,1,1,1,4,2,0,4,3,4,1,True,False,4,G#,x,,4,F#,4,B,3,D,x,
G#m7b5,x.11.x.11.12.10,1,1,2,4,2,0,4,10,12,2,True,False,x,,11,G#,x,,11,F#,12,B,10,D
G#m7M,4.6.5.4.4.4,2,1,1,6,0,0,6,4,6,2,True,False,4,G#,6,D#,5,G,4,B,4,D#,4,G#
G#m7M,4.2.1.0.0.3,1,1,2,6,0,2,4,1,4,3,True,False,4,G#,2,B,1,D#,0,G,0,B,3,G
G#madd11,x.0.0.2.1.x,1,1,1,4,2,2,2,1,2,1,True,False,x,,0,A,0,D,2,A,1,C,x,
G#madd11+,7.x.6.7.4.x,2,1,1,4,2,0,4,4,7,3,True,False,7,B,x,,6,G#,7,D,4,D#,x,
G#madd13-/5-,4.x.0.4.0.0,1,1,1,5,1,3,2,4,4,0,True,False,4,G#,x,,0,D,4,B,0,B,0,E
G#madd9,4.x.6.3.0.x,2,1,1,4,2,1,3,3,6,3,True,False,4,G#,x,,6,G#,3,A#,0,B,x,
G#madd9,x.11.13.15.12.11,1,1,2,5,1,0,5,11,15,4,True,False,x,,11,G#,13,D#,15,A#,12,B,11,D#
G#maj7,x.x.6.5.4.3,4,1,1,4,2,0,4,3,6,3,True,False,x,,x,,6,G#,5,C,4,D#,3,G
G#sus2,4.1.1.1.4.4,12,2,1,6,0,0,6,1,4,3,True,False,4,G#,1,A#,1,D#,1,G#,4,D#,4,G#
G#sus2,4.x.x.3.4.x,2,1,2,3,3,0,3,3,4,1,True,False,4,G#,x,,x,,3,A#,4,D#,x,
G#sus2,x.0.x.4.x.x,1,1,3,2,4,1,1,4,4,0,True,False,x,,0,A,x,,4,B,x,,x,
G#sus4,4.4.6.6.4.4,4,1,1,6,0,0,6,4,6,2,True,False,4,G#,4,C#,6,G#,6,C#,4,D#,4,G#
G#sus4,4.x.6.6.4.4,1,1,2,5,1,0,5,4,6,2,True,False,4,G#,x,,6,G#,6,C#,4,D#,4,G#
G#sus4,x.x.6.6.4.4,1,1,3,4,2,0,4,4,6,2,True,False,x,,x,,6,G#,6,C#,4,D#,4,G#
G#sus4/5+,x.0.12.10.x.x,2,1,1,3,3,1,2,10,12,2,True,True,x,,0,A,12,D,10,F,x,,x,
G#sus4/A#,6.6.6.6.x.x,1,1,1,4,2,0,4,6,6,0,True,False,6,A#,6,D#,6,G#,6,C#,x,,x,
G#sus4/E,0.6.6.6.x.x,1,1,1,4,2,1,3,6,6,0,True,True,0,E,6,D#,6,G#,6,C#,x,,x,
G#sus4add9,x.0.9.7.x.x,1,1,1,3,3,1,2,7,9,2,True,True,x,,0,A,9,B,7,D,x,,x,
G#sus4add9-,4.4.7.0.4.4,1,1,1,6,0,1,5,4,7,3,True,False,4,G#,4,C#,7,A,0,G,4,D#,4,G#
G/5+,5.6.5.4.4.x,1,1,1,5,1,0,5,4,6,2,True,False,5,A,6,D#,5,G,4,B,4,D#,x,
G/5-,5.4.x.x.x.x,14,1,1,2,4,0,2,4,5,1,True,False,5,A,4,C#,x,,x,,x,,x,
G/5-,x.x.x.0.2.x,1,1,2,2,4,1,1,2,2,0,True,False,x,,x,,x,,0,G,2,C#,x,
G/5-,3.x.x.x.2.3,1,1,3,3,3,0,3,2,3,1,True,False,3,G,x,,x,,x,,2,C#,3,G
G/5-/D,x.x.0.0.2.x,4,1,1,3,3,2,1,2,2,0,True,False,x,,x,,0,D,0,G,2,C#,x,
G/A,x.0.5.4.3.x,7,2,1,4,2,1,3,3,5,2,True,False,x,,0,A,5,G,4,B,3,D,x,
G/A,x.0.5.7.0.x,4,2,2,4,2,2,2,5,7,2,True,False,x,,0,A,5,G,7,D,0,B,x,
G/A,5.x.5.4.3.3,3,2,3,5,1,0,5,3,5,2,True,False,5,A,x,,5,G,4,B,3,D,3,G
G/A,x.0.0.0.0.3,2,1,4,5,1,4,1,3,3,0,True,False,x,,0,A,0,D,0,G,0,B,3,G
G/A,x.0.0.0.3.3,2,1,5,5,1,3,2,3,3,0,True,False,x,,0,A,0,D,0,G,3,D,3,G
G/A,x.0.x.x.0.3,2,1,6,3,3,2,1,3,3,0,True,False,x,,0,A,x,,x,,0,B,3,G
G/A,x.0.5.4.3.3,2,1,7,5,1,1,4,3,5,2,True,False,x,,0,A,5,G,4,B,3,D,3,G
G/A,x.0.0.0.0.x,1,1,8,4,2,4,0,0,0,0,True,False,x,,0,A,0,D,0,G,0,B,x,
G/A,x.x.0.0.3.x,1,1,9,3,3,2,1,3,3,0,True,False,x,,x,,0,D,0,G,3,D,x,
G/A,5.x.5.4.3.x,1,1,10,4,2,0,4,3,5,2,True,False,5,A,x,,5,G,4,B,3,D,x,
G/A#,x.x.x.3.3.3,2,2,1,3,3,0,3,3,3,0,True,False,x,,x,,x,,3,A#,3,D,3,G
G/B,x.2.0.0.3.3,131,18,1,5,1,2,3,2,3,1,True,False,x,,2,B,0,D,0,G,3,D,3,G
G/B,x.2.0.0.3.x,41,7,2,4,2,2,2,2,3,1,True,False,x,,2,B,0,D,0,G,3,D,x,
G/B,x.2.0.0.0.3,29,5,3,5,1,3,2,2,3,1,True,False,x,,2,B,0,D,0,G,0,B,3,G
G/B,x.x.x.4.3.3,12,3,4,3,3,0,3,3,4,1,True,False,x,,x,,x,,4,B,3,D,3,G
G/B,x.2.x.0.0.x,5,2,5,3,3,2,1,2,2,0,True,False,x,,2,B,x,,0,G,0,B,x,
G/B,0.2.0.0.0.0,4,1,6,6,0,5,1,2,2,0,True,False,0,E,2,B,0,D,0,G,0,B,0,E
G/B,x.2.0.0.0.x,4,1,7,4,2,3,1,2,2,0,True,False,x,,2,B,0,D,0,G,0,B,x,
G/B,x.x.x.x.0.3,3,1,8,2,4,1,1,3,3,0,True,False,x,,x,,x,,x,,0,B,3,G
G/B,7.x.5.7.x.x,3,1,9,3,3,0,3,5,7,2,True,False,7,B,x,,5,G,7,D,x,,x,
G/B,3.2.0.0.3.3,2,2,10,6,0,2,4,2,3,1,True,False,3,G,2,B,0,D,0,G,3,D,3,G
G/B,3.2.0.0.3.x,2,1,11,5,1,2,3,2,3,1,True,False,3,G,2,B,0,D,0,G,3,D,x,
G/B,x.2.x.0.3.x,2,2,12,3,3,1,2,2,3,1,True,False,x,,2,B,x,,0,G,3,D,x,
G/B,x.2.0.0.3.0,1,1,13,5,1,3,2,2,3,1,True,False,x,,2,B,0,D,0,G,3,D,0,E
G/B,x.2.x.4.3.3,1,1,14,4,2,0,4,2,4,2,True,False,x,,2,B,x,,4,B,3,D,3,G
G/Bb,x.1.x.0.3.3,2,1,1,4,2,1,3,1,3,2,True,False,x,,1,A#,x,,0,G,3,D,3,G
G/C,x.3.0.0.0.x,4,1,1,4,2,3,1,3,3,0,True,False,x,,3,C,0,D,0,G,0,B,x,
G/C,x.3.5.4.x.x,2,1,2,3,3,0,3,3,5,2,True,False,x,,3,C,5,G,4,B,x,,x,
G/C#,x.4.x.4.3.3,2,1,1,4,2,0,4,3,4,1,True,False,x,,4,C#,x,,4,B,3,D,3,G
G/D,x.x.0.0.0.x,102,9,1,3,3,3,0,0,0,0,True,False,x,,x,,0,D,0,G,0,B,x,
G/D,x.x.0.7.8.7,24,5,2,4,2,1,3,7,8,1,True,True,x,,x,,0,D,7,D,8,G,7,B
G/D,x.x.0.4.3.3,19,5,3,4,2,1,3,3,4,1,True,False,x,,x,,0,D,4,B,3,D,3,G
G/D,x.x.0.0.0.3,16,3,4,4,2,3,1,3,3,0,True,False,x,,x,,0,D,0,G,0,B,3,G
G/D,x.x.0.x.3.3,5,1,5,3,3,1,2,3,3,0,True,False,x,,x,,0,D,x,,3,D,3,G
G/D,x.x.x.7.8.7,3,3,6,3,3,0,3,7,8,1,True,False,x,,x,,x,,7,D,8,G,7,B
G/D,x.5.5.4.3.3,3,2,7,5,1,0,5,3,5,2,True,False,x,,5,D,5,G,4,B,3,D,3,G
G/D,10.10.12.12.12.10,3,1,8,6,0,0,6,10,12,2,True,False,10,D,10,G,12,D,12,G,12,B,10,D
G/D,x.5.5.4.x.x,2,1,9,3,3,0,3,4,5,1,True,False,x,,5,D,5,G,4,B,x,,x,
G/D,x.x.0.x.x.3,1,1,10,2,4,1,1,3,3,0,True,False,x,,x,,0,D,x,,x,,3,G
G/D,0.5.5.4.3.x,1,1,11,5,1,1,4,3,5,2,True,False,0,E,5,D,5,G,4,B,3,D,x,
G/D,x.x.0.4.3.5,1,1,12,4,2,1,3,3,5,2,True,False,x,,x,,0,D,4,B,3,D,5,A
G/D,x.x.x.7.8.10,1,1,13,3,3,0,3,7,10,3,True,False,x,,x,,x,,7,D,8,G,10,D
G/D#,x.x.1.0.3.x,9,2,1,3,3,1,2,1,3,2,True,False,x,,x,,1,D#,0,G,3,D,x,
G/E,x.x.2.0.3.x,9,5,1,3,3,1,2,2,3,1,True,False,x,,x,,2,E,0,G,3,D,x,
G/E,0.x.x.x.3.3,5,1,2,3,3,1,2,3,3,0,True,False,0,E,x,,x,,x,,3,D,3,G
G/E,x.x.x.9.8.10,5,2,3,3,3,0,3,8,10,2,True,False,x,,x,,x,,9,E,8,G,10,D
G/E,0.2.0.0.0.3,3,1,4,6,0,4,2,2,3,1,True,False,0,E,2,B,0,D,0,G,0,B,3,G
G/E,0.2.0.0.3.3,3,1,5,6,0,3,3,2,3,1,True,False,0,E,2,B,0,D,0,G,3,D,3,G
G/E,0.x.x.0.3.3,2,2,6,4,2,2,2,3,3,0,True,False,0,E,x,,x,,0,G,3,D,3,G
G/E,x.x.3.0.0.3,2,1,7,4,2,2,2,3,3,0,True,False,x,,x,,3,F,0,G,0,B,3,G
G/E,2.x.0.0.3.x,2,2,8,4,2,2,2,2,3,1,True,False,2,F#,x,,0,D,0,G,3,D,x,
G/E,x.x.2.0.0.3,2,1,9,4,2,2,2,2,3,1,True,False,x,,x,,2,E,0,G,0,B,3,G
G/E,0.x.0.0.0.x,1,1,10,4,2,4,0,0,0,0,True,False,0,E,x,,0,D,0,G,0,B,x,
G/E,x.x.2.0.0.x,1,1,11,3,3,2,1,2,2,0,True,False,x,,x,,2,E,0,G,0,B,x,
G/E,x.7.0.0.0.x,1,1,12,4,2,3,1,7,7,0,True,True,x,,7,E,0,D,0,G,0,B,x,
G/E,x.7.0.0.x.x,1,1,13,3,3,2,1,7,7,0,True,True,x,,7,E,0,D,0,G,x,,x,
G/E,0.5.5.4.x.x,1,1,14,4,2,1,3,4,5,1,True,False,0,E,5,D,5,G,4,B,x,,x,
G/E,x.7.x.7.8.7,1,1,15,4,2,0,4,7,8,1,True,False,x,,7,E,x,,7,D,8,G,7,B
G/E,x.x.2.4.3.3,1,1,16,4,2,0,4,2,4,2,True,False,x,,x,,2,E,4,B,3,D,3,G
G/E,x.x.9.8.7.x,1,1,17,3,3,0,3,7,9,2,True,False,x,,x,,9,B,8,D#,7,F#,x,
G/E,x.7.5.7.8.x,1,1,18,4,2,0,4,5,8,3,True,False,x,,7,E,5,G,7,D,8,G,x,
G/E,x.7.9.7.8.10,1,1,19,5,1,0,5,7,10,3,True,False,x,,7,E,9,B,7,D,8,G,10,D
G/E,x.7.x.x.8.10,1,1,20,3,3,0,3,7,10,3,True,False,x,,7,E,x,,x,,8,G,10,D
G/F,x.x.3.4.3.3,12,4,1,4,2,0,4,3,4,1,True,False,x,,x,,3,F,4,B,3,D,3,G
G/F,x.x.3.0.0.3,10,3,2,4,2,2,2,3,3,0,True,False,x,,x,,3,F,0,G,0,B,3,G
G/F,x.x.3.0.0.x,6,1,3,3,3,2,1,3,3,0,True,False,x,,x,,3,F,0,G,0,B,x,
G/F,1.x.0.0.3.x,6,1,4,4,2,2,2,1,3,2,True,False,1,F,x,,0,D,0,G,3,D,x,
G/F,1.x.x.x.3.3,5,1,5,3,3,0,3,1,3,2,True,False,1,F,x,,x,,x,,3,D,3,G
G/F,1.2.0.0.0.3,4,1,6,6,0,3,3,1,3,2,True,False,1,F,2,B,0,D,0,G,0,B,3,G
G/F,1.x.0.0.0.3,3,1,7,5,1,3,2,1,3,2,True,False,1,F,x,,0,D,0,G,0,B,3,G
G/F,1.x.x.0.3.3,3,1,8,4,2,1,3,1,3,2,True,False,1,F,x,,x,,0,G,3,D,3,G
G/F,x.x.3.0.3.3,2,1,9,4,2,1,3,3,3,0,True,False,x,,x,,3,F,0,G,3,D,3,G
G/F,x.x.3.x.0.x,2,2,10,2,4,1,1,3,3,0,True,False,x,,x,,3,F,x,,0,B,x,
G/F,x.8.x.x.x.7,2,2,11,2,4,0,2,7,8,1,True,False,x,,8,F,x,,x,,x,,7,B
G/F,x.x.x.10.8.7,2,2,12,3,3,0,3,7,10,3,True,False,x,,x,,x,,10,F,8,G,7,B
G/F,1.x.0.0.0.x,1,1,13,4,2,3,1,1,1,0,True,False,1,F,x,,0,D,0,G,0,B,x,
G/F,x.x.3.0.3.x,1,1,14,3,3,1,2,3,3,0,True,False,x,,x,,3,F,0,G,3,D,x,
G/F,x.8.x.7.8.7,1,1,15,4,2,0,4,7,8,1,True,False,x,,8,F,x,,7,D,8,G,7,B
G/F,3.x.5.x.3.x,1,1,16,3,3,0,3,3,5,2,True,False,3,G,x,,5,G,x,,3,D,x,
G/F,x.8.12.12.12.x,1,1,17,4,2,0,4,8,12,4,True,False,x,,8,F,12,D,12,G,12,B,x,
G/F#,2.x.0.0.3.3,36,5,1,5,1,2,3,2,3,1,True,False,2,F#,x,,0,D,0,G,3,D,3,G
G/F#,2.x.x.0.3.3,9,3,2,4,2,1,3,2,3,1,True,False,2,F#,x,,x,,0,G,3,D,3,G
G/F#,2.2.0.0.0.3,6,2,3,6,0,3,3,2,3,1,True,False,2,F#,2,B,0,D,0,G,0,B,3,G
G/F#,2.x.0.0.3.x,5,2,4,4,2,2,2,2,3,1,True,False,2,F#,x,,0,D,0,G,3,D,x,
G/F#,2.x.x.x.3.3,4,2,5,3,3,0,3,2,3,1,True,False,2,F#,x,,x,,x,,3,D,3,G
G/F#,x.9.x.x.8.7,2,1,6,3,3,0,3,7,9,2,True,False,x,,9,F#,x,,x,,8,G,7,B
G/F#,2.2.0.0.3.3,1,1,7,6,0,2,4,2,3,1,True,False,2,F#,2,B,0,D,0,G,3,D,3,G
G/F#,2.x.0.0.0.3,1,1,8,5,1,3,2,2,3,1,True,False,2,F#,x,,0,D,0,G,0,B,3,G
G0,x.x.2.3.2.5,4,1,1,4,2,0,4,2,5,3,True,False,x,,x,,2,E,3,A#,2,C#,5,A
G11,5.5.5.5.6.7,2,1,1,6,0,0,6,5,7,2,True,False,5,A,5,D,5,G,5,C,6,F,7,B
G13,3.x.3.2.0.0,2,1,1,5,1,2,3,2,3,1,True,False,3,G,x,,3,F,2,A,0,B,0,E
G13,3.x.3.4.5.3,2,1,2,5,1,0,5,3,5,2,True,False,3,G,x,,3,F,4,B,5,E,3,G
G13,3.0.3.4.5.x,1,1,3,5,1,1,4,3,5,2,True,False,3,G,0,A,3,F,4,B,5,E,x,
G13,x.5.3.0.5.x,1,1,4,4,2,1,3,3,5,2,True,False,x,,5,D,3,F,0,G,5,E,x,
G13/9-,3.x.x.x.x.x,2,1,1,1,5,0,1,3,3,0,True,False,3,G,x,,x,,x,,x,,x,
G13/9-,3.x.3.4.5.4,1,1,2,5,1,0,5,3,5,2,True,False,3,G,x,,3,F,4,B,5,E,4,G#
G13/F,x.x.3.4.5.3,1,1,1,4,2,0,4,3,5,2,True,False,x,,x,,3,F,4,B,5,E,3,G
G13b/F,x.x.3.4.4.3,1,1,1,4,2,0,4,3,4,1,True,False,x,,x,,3,F,4,B,4,D#,3,G
G13sus,3.0.0.0.3.0,6,1,1,6,0,4,2,3,3,0,True,False,3,G,0,A,0,D,0,G,3,D,0,E
G2,x.10.12.12.12.10,4,1,1,5,1,0,5,10,12,2,True,False,x,,10,G,12,D,12,G,12,B,10,D
G3add#9,x.x.5.3.0.x,1,1,1,3,3,1,2,3,5,2,True,False,x,,x,,5,G,3,A#,0,B,x,
G4,3.2.0.0.1.x,1,1,1,5,1,2,3,1,3,2,True,False,3,G,2,B,0,D,0,G,1,C,x,
G5,3.5.5.x.x.x,996,143,1,3,3,0,3,3,5,2,True,False,3,G,5,D,5,G,x,,x,,x,
G5,3.5.x.x.x.x,336,42,2,2,4,0,2,3,5,2,True,False,3,G,5,D,x,,x,,x,,x,
G5,3.x.0.0.3.3,207,35,3,5,1,2,3,3,3,0,True,False,3,G,x,,0,D,0,G,3,D,3,G
G5,3.x.0.0.3.x,128,15,4,4,2,2,2,3,3,0,True,False,3,G,x,,0,D,0,G,3,D,x,
G5,x.10.12.12.x.x,91,16,5,3,3,0,3,10,12,2,True,False,x,,10,G,12,D,12,G,x,,x,
G5,x.x.5.7.8.x,64,5,6,3,3,0,3,5,8,3,True,False,x,,x,,5,G,7,D,8,G,x,
G5,4.6.6.x.x.x,55,4,7,3,3,0,3,4,6,2,True,False,4,G#,6,D#,6,G#,x,,x,,x,
G5,5.5.5.x.x.x,54,8,8,3,3,0,3,5,5,0,True,False,5,A,5,D,5,G,x,,x,,x,
G5,3.x.0.0.x.x,47,12,9,3,3,2,1,3,3,0,True,False,3,G,x,,0,D,0,G,x,,x,
G5,3.5.5.x.x.3,39,1,10,4,2,0,4,3,5,2,True,False,3,G,5,D,5,G,x,,x,,3,G
G5,x.x.x.0.3.3,31,3,11,3,3,1,2,3,3,0,True,False,x,,x,,x,,0,G,3,D,3,G
G5,x.x.5.7.x.x,16,4,12,2,4,0,2,5,7,2,True,False,x,,x,,5,G,7,D,x,,x,
G5,5.5.x.x.x.x,14,1,13,2,4,0,2,5,5,0,True,False,5,A,5,D,x,,x,,x,,x,
G5,x.10.12.x.x.x,14,8,14,2,4,0,2,10,12,2,True,False,x,,10,G,12,D,x,,x,,x,
G5,3.x.x.x.3.x,10,6,15,2,4,0,2,3,3,0,True,False,3,G,x,,x,,x,,3,D,x,
G5,5.x.x.x.x.x,10,1,16,1,5,0,1,5,5,0,True,False,5,A,x,,x,,x,,x,,x,
G5,3.5.0.0.x.x,10,1,17,4,2,2,2,3,5,2,True,False,3,G,5,D,0,D,0,G,x,,x,
G5,15.17.17.x.x.x,9,1,18,3,3,0,3,15,17,2,True,False,15,G,17,D,17,G,x,,x,,x,
G5,3.x.x.0.3.3,7,4,19,4,2,1,3,3,3,0,True,False,3,G,x,,x,,0,G,3,D,3,G
G5,3.x.0.x.x.x,6,3,20,2,4,1,1,3,3,0,True,False,3,G,x,,0,D,x,,x,,x,
G5,x.5.5.7.x.x,5,2,21,3,3,0,3,5,7,2,True,False,x,,5,D,5,G,7,D,x,,x,
G5,3.x.x.0.3.x,4,3,22,3,3,1,2,3,3,0,True,False,3,G,x,,x,,0,G,3,D,x,
G5,x.x.5.x.3.x,4,1,23,2,4,0,2,3,5,2,True,False,x,,x,,5,G,x,,3,D,x,
G5,3.x.0.x.3.x,3,3,24,3,3,1,2,3,3,0,True,False,3,G,x,,0,D,x,,3,D,x,
G5,6.6.6.x.x.x,3,1,25,3,3,0,3,6,6,0,True,False,6,A#,6,D#,6,G#,x,,x,,x,
G5,3.5.0.x.x.x,3,2,26,3,3,1,2,3,5,2,True,False,3,G,5,D,0,D,x,,x,,x,
G5,3.x.x.x.x.x,2,2,27,1,5,0,1,3,3,0,True,False,3,G,x,,x,,x,,x,,x,
G5,3.2.x.x.3.x,2,1,28,3,3,0,3,2,3,1,True,False,3,G,2,B,x,,x,,3,D,x,
G5,3.x.x.4.3.x,2,1,29,3,3,0,3,3,4,1,True,False,3,G,x,,x,,4,B,3,D,x,
G5,3.x.5.x.3.3,2,1,30,4,2,0,4,3,5,2,True,False,3,G,x,,5,G,x,,3,D,3,G
G5,x.x.5.x.3.3,2,1,31,3,3,0,3,3,5,2,True,False,x,,x,,5,G,x,,3,D,3,G
G5,x.x.17.19.20.x,2,1,32,3,3,0,3,17,20,3,True,False,x,,x,,17,G,19,D,20,G,x,
G5,x.0.2.0.2.0,1,1,33,5,1,3,2,2,2,0,True,False,x,,0,A,2,E,0,G,2,C#,0,E
G5,3.x.0.x.x.3,1,1,34,3,3,1,2,3,3,0,True,False,3,G,x,,0,D,x,,x,,3,G
G5,3.x.x.x.3.3,1,1,35,3,3,0,3,3,3,0,True,False,3,G,x,,x,,x,,3,D,3,G
G5,x.x.x.0.3.x,1,1,36,2,4,1,1,3,3,0,True,False,x,,x,,x,,0,G,3,D,x,
G5,x.x.x.x.3.3,1,1,37,2,4,0,2,3,3,0,True,False,x,,x,,x,,x,,3,D,3,G
G5,3.5.5.0.x.x,1,1,38,4,2,1,3,3,5,2,True,False,3,G,5,D,5,G,0,G,x,,x,
G5,3.5.x.x.x.3,1,1,39,3,3,0,3,3,5,2,True,False,3,G,5,D,x,,x,,x,,3,G
G5,3.x.5.0.3.x,1,1,40,4,2,1,3,3,5,2,True,False,3,G,x,,5,G,0,G,3,D,x,
G5,3.x.5.x.x.x,1,1,41,2,4,0,2,3,5,2,True,False,3,G,x,,5,G,x,,x,,x,
G5,5.x.0.0.3.3,1,1,42,5,1,2,3,3,5,2,True,False,5,A,x,,0,D,0,G,3,D,3,G
G5,3.5.5.7.x.x,1,1,43,4,2,0,4,3,7,4,True,False,3,G,5,D,5,G,7,D,x,,x,
G5,3.x.5.7.x.x,1,1,44,3,3,0,3,3,7,4,True,False,3,G,x,,5,G,7,D,x,,x,
G5 (no 3),3.x.0.0.3.3,14,2,1,5,1,2,3,3,3,0,True,False,3,G,x,,0,D,0,G,3,D,3,G
G5 (no3),3.x.0.0.3.x,16,2,1,4,2,2,2,3,3,0,True,False,3,G,x,,0,D,0,G,3,D,x,
G5/5+,5.6.5.x.x.x,1,1,1,3,3,0,3,5,6,1,True,False,5,A,6,D#,5,G,x,,x,,x,
G5/5-,3.4.5.x.x.x,12,1,1,3,3,0,3,3,5,2,True,False,3,G,4,C#,5,G,x,,x,,x,
G5/A,3.5.5.x.x.x,1,1,1,3,3,0,3,3,5,2,True,False,3,G,5,D,5,G,x,,x,,x,
G5/D,x.x.0.0.3.x,2,1,1,3,3,2,1,3,3,0,True,False,x,,x,,0,D,0,G,3,D,x,
G5/E,x.7.5.7.x.x,4,1,1,3,3,0,3,5,7,2,True,False,x,,7,E,5,G,7,D,x,,x,
G5/F,1.x.x.x.x.x,1,1,1,1,5,0,1,1,1,0,True,False,1,F,x,,x,,x,,x,,x,
G6,3.2.0.0.0.0,85,6,1,6,0,4,2,2,3,1,True,False,3,G,2,B,0,D,0,G,0,B,0,E
G6,3.x.0.4.5.3,57,2,2,5,1,1,4,3,5,2,True,False,3,G,x,,0,D,4,B,5,E,3,G
G6,3.2.0.0.3.0,39,11,3,6,0,3,3,2,3,1,True,False,3,G,2,B,0,D,0,G,3,D,0,E
G6,0.2.5.4.3.0,32,1,4,6,0,2,4,2,5,3,True,False,0,E,2,B,5,G,4,B,3,D,0,E
G6,x.2.0.0.3.0,28,7,5,5,1,3,2,2,3,1,True,False,x,,2,B,0,D,0,G,3,D,0,E
G6,3.x.2.0.0.3,24,1,6,5,1,2,3,2,3,1,True,False,3,G,x,,2,E,0,G,0,B,3,G
G6,x.x.5.4.3.0,24,6,7,4,2,1,3,3,5,2,True,False,x,,x,,5,G,4,B,3,D,0,E
G6,3.x.0.0.3.0,12,4,8,5,1,3,2,3,3,0,True,False,3,G,x,,0,D,0,G,3,D,0,E
G6,7.x.0.0.0.0,12,4,9,5,1,4,1,7,7,0,True,True,7,B,x,,0,D,0,G,0,B,0,E
G6,3.x.5.4.3.0,12,3,10,5,1,1,4,3,5,2,True,False,3,G,x,,5,G,4,B,3,D,0,E
G6,x.x.7.6.5.x,12,1,11,3,3,0,3,5,7,2,True,False,x,,x,,7,A,6,C#,5,E,x,
G6,3.2.2.4.3.3,10,1,12,6,0,0,6,2,4,2,True,False,3,G,2,B,2,E,4,B,3,D,3,G
G6,3.5.5.4.3.0,10,1,13,6,0,1,5,3,5,2,True,False,3,G,5,D,5,G,4,B,3,D,0,E
G6,x.x.2.4.3.3,9,2,14,4,2,0,4,2,4,2,True,False,x,,x,,2,E,4,B,3,D,3,G
G6,3.5.5.0.0.0,9,1,15,6,0,3,3,3,5,2,True,False,3,G,5,D,5,G,0,G,0,B,0,E
G6,x.2.x.0.3.0,8,1,16,4,2,2,2,2,3,1,True,False,x,,2,B,x,,0,G,3,D,0,E
G6,0.2.2.0.3.x,7,2,17,5,1,2,3,2,3,1,True,False,0,E,2,B,2,E,0,G,3,D,x,
G6,3.5.5.4.5.3,7,3,18,6,0,0,6,3,5,2,True,False,3,G,5,D,5,G,4,B,5,E,3,G
G6,0.2.2.0.3.0,6,1,19,6,0,3,3,2,3,1,True,False,0,E,2,B,2,E,0,G,3,D,0,E
G6,x.2.2.0.3.0,6,3,20,5,1,2,3,2,3,1,True,False,x,,2,B,2,E,0,G,3,D,0,E
G6,3.x.2.4.3.x,6,4,21,4,2,0,4,2,4,2,True,False,3,G,x,,2,E,4,B,3,D,x,
G6,x.x.5.4.5.3,6,3,22,4,2,0,4,3,5,2,True,False,x,,x,,5,G,4,B,5,E,3,G
G6,3.x.2.0.0.x,5,2,23,4,2,2,2,2,3,1,True,False,3,G,x,,2,E,0,G,0,B,x,
G6,3.x.0.x.3.0,4,3,24,4,2,2,2,3,3,0,True,False,3,G,x,,0,D,x,,3,D,0,E
G6,3.x.x.0.3.0,4,1,25,4,2,2,2,3,3,0,True,False,3,G,x,,x,,0,G,3,D,0,E
G6,0.2.2.0.3.3,4,1,26,6,0,2,4,2,3,1,True,False,0,E,2,B,2,E,0,G,3,D,3,G
G6,3.x.2.0.3.3,4,2,27,5,1,1,4,2,3,1,True,False,3,G,x,,2,E,0,G,3,D,3,G
G6,0.5.5.4.3.0,4,2,28,6,0,2,4,3,5,2,True,False,0,E,5,D,5,G,4,B,3,D,0,E
G6,x.x.9.9.8.10,4,1,29,4,2,0,4,8,10,2,True,False,x,,x,,9,B,9,E,8,G,10,D
G6,0.x.0.0.0.0,3,2,30,5,1,5,0,0,0,0,True,False,0,E,x,,0,D,0,G,0,B,0,E
G6,3.x.0.x.0.0,3,1,31,4,2,3,1,3,3,0,True,False,3,G,x,,0,D,x,,0,B,0,E
G6,3.x.x.x.0.0,3,1,32,3,3,2,1,3,3,0,True,False,3,G,x,,x,,x,,0,B,0,E
G6,3.2.3.0.3.x,3,1,33,5,1,1,4,2,3,1,True,False,3,G,2,B,3,F,0,G,3,D,x,
G6,3.x.2.0.0.0,3,2,34,5,1,3,2,2,3,1,True,False,3,G,x,,2,E,0,G,0,B,0,E
G6,x.x.5.7.5.7,3,2,35,4,2,0,4,5,7,2,True,False,x,,x,,5,G,7,D,5,E,7,B
G6,x.x.5.7.x.7,3,1,36,3,3,0,3,5,7,2,True,False,x,,x,,5,G,7,D,x,,7,B
G6,x.x.2.4.5.3,3,1,37,4,2,0,4,2,5,3,True,False,x,,x,,2,E,4,B,5,E,3,G
G6,0.2.0.0.0.0,2,1,38,6,0,5,1,2,2,0,True,False,0,E,2,B,0,D,0,G,0,B,0,E
G6,3.x.0.0.0.0,2,1,39,5,1,4,1,3,3,0,True,False,3,G,x,,0,D,0,G,0,B,0,E
G6,3.x.x.x.3.0,2,1,40,3,3,1,2,3,3,0,True,False,3,G,x,,x,,x,,3,D,0,E
G6,5.x.x.0.0.0,2,1,41,4,2,3,1,5,5,0,True,False,5,A,x,,x,,0,G,0,B,0,E
G6,0.x.2.0.3.x,2,1,42,4,2,2,2,2,3,1,True,False,0,E,x,,2,E,0,G,3,D,x,
G6,3.x.2.0.3.0,2,1,43,5,1,2,3,2,3,1,True,False,3,G,x,,2,E,0,G,3,D,0,E
G6,3.x.x.4.3.0,2,2,44,4,2,1,3,3,4,1,True,False,3,G,x,,x,,4,B,3,D,0,E
G6,3.5.5.4.0.0,2,1,45,6,0,2,4,3,5,2,True,False,3,G,5,D,5,G,4,B,0,B,0,E
G6,3.5.x.4.5.3,2,1,46,5,1,0,5,3,5,2,True,False,3,G,5,D,x,,4,B,5,E,3,G
G6,3.x.0.x.5.0,2,1,47,4,2,2,2,3,5,2,True,False,3,G,x,,0,D,x,,5,E,0,E
G6,x.x.0.4.5.3,2,1,48,4,2,1,3,3,5,2,True,False,x,,x,,0,D,4,B,5,E,3,G
G6,x.x.5.0.3.0,2,1,49,4,2,2,2,3,5,2,True,False,x,,x,,5,G,0,G,3,D,0,E
G6,x.x.0.0.0.0,1,1,50,4,2,4,0,0,0,0,True,False,x,,x,,0,D,0,G,0,B,0,E
G6,x.x.x.0.0.0,1,1,51,3,3,3,0,0,0,0,True,False,x,,x,,x,,0,G,0,B,0,E
G6,3.x.0.0.3.x,1,1,52,4,2,2,2,3,3,0,True,False,3,G,x,,0,D,0,G,3,D,x,
G6,x.x.0.0.3.0,1,1,53,4,2,3,1,3,3,0,True,False,x,,x,,0,D,0,G,3,D,0,E
G6,x.x.5.x.5.x,1,1,54,2,4,0,2,5,5,0,True,False,x,,x,,5,G,x,,5,E,x,
G6,3.2.2.0.3.3,1,1,55,6,0,1,5,2,3,1,True,False,3,G,2,B,2,E,0,G,3,D,3,G
G6,3.2.x.x.0.0,1,1,56,4,2,2,2,2,3,1,True,False,3,G,2,B,x,,x,,0,B,0,E
G6,3.x.0.4.3.0,1,1,57,5,1,2,3,3,4,1,True,False,3,G,x,,0,D,4,B,3,D,0,E
G6,4.3.0.0.0.0,1,1,58,6,0,4,2,3,4,1,True,False,4,G#,3,C,0,D,0,G,0,B,0,E
G6,x.10.9.0.0.0,1,1,59,5,1,3,2,9,10,1,True,True,x,,10,G,9,B,0,G,0,B,0,E
G6,3.5.0.4.3.0,1,1,60,6,0,2,4,3,5,2,True,False,3,G,5,D,0,D,4,B,3,D,0,E
G6,x.x.0.x.5.3,1,1,61,3,3,1,2,3,5,2,True,False,x,,x,,0,D,x,,5,E,3,G
G6,x.7.5.7.5.x,1,1,62,4,2,0,4,5,7,2,True,False,x,,7,E,5,G,7,D,5,E,x,
G6,x.7.9.9.8.x,1,1,63,4,2,0,4,7,9,2,True,False,x,,7,E,9,B,9,E,8,G,x,
G6,x.10.9.9.8.x,1,1,64,4,2,0,4,8,10,2,True,False,x,,10,G,9,B,9,E,8,G,x,
G6,10.10.x.12.12.12,1,1,65,5,1,0,5,10,12,2,True,False,10,D,10,G,x,,12,G,12,B,12,E
G6,x.x.14.12.12.12,1,1,66,4,2,0,4,12,14,2,True,False,x,,x,,14,E,12,G,12,B,12,E
G6,x.5.2.0.3.x,1,1,67,4,2,1,3,2,5,3,True,False,x,,5,D,2,E,0,G,3,D,x,
G6,0.7.5.7.8.0,1,1,68,6,0,2,4,5,8,3,True,False,0,E,7,E,5,G,7,D,8,G,0,E
G6,7.7.9.7.8.10,1,1,69,6,0,0,6,7,10,3,True,False,7,B,7,E,9,B,7,D,8,G,10,D
G6,3.7.x.x.x.x,1,1,70,2,4,0,2,3,7,4,True,False,3,G,7,E,x,,x,,x,,x,
G6 (on C),x.3.0.0.3.0,6,1,1,5,1,3,2,3,3,0,True,False,x,,3,C,0,D,0,G,3,D,0,E
G6/5-,3.4.2.x.x.x,2,1,1,3,3,0,3,2,4,2,True,False,3,G,4,C#,2,E,x,,x,,x,
G6/9,x.10.9.9.10.10,3,1,1,5,1,0,5,9,10,1,True,False,x,,10,G,9,B,9,E,10,A,10,D
G6/A,x.0.2.0.3.3,16,1,1,5,1,2,3,2,3,1,True,False,x,,0,A,2,E,0,G,3,D,3,G
G6/A,x.0.5.4.3.0,6,2,2,5,1,2,3,3,5,2,True,False,x,,0,A,5,G,4,B,3,D,0,E
G6/A,5.x.5.4.3.0,3,1,3,5,1,1,4,3,5,2,True,False,5,A,x,,5,G,4,B,3,D,0,E
G6/B,x.2.2.0.3.0,108,2,1,5,1,2,3,2,3,1,True,False,x,,2,B,2,E,0,G,3,D,0,E
G6/B,x.2.x.0.3.0,3,1,2,4,2,2,2,2,3,1,True,False,x,,2,B,x,,0,G,3,D,0,E
G6/C,x.3.2.0.3.0,3,1,1,5,1,2,3,2,3,1,True,False,x,,3,C,2,E,0,G,3,D,0,E
G6/C,x.3.5.4.5.x,1,1,2,4,2,0,4,3,5,2,True,False,x,,3,C,5,G,4,B,5,E,x,
G6/D,x.5.5.4.3.0,6,1,1,5,1,1,4,3,5,2,True,False,x,,5,D,5,G,4,B,3,D,0,E
G6/D,x.4.4.3.0.0,1,1,2,5,1,2,3,3,4,1,True,False,x,,4,C#,4,F#,3,A#,0,B,0,E
G6/D,10.10.9.0.0.0,1,1,3,6,0,3,3,9,10,1,True,True,10,D,10,G,9,B,0,G,0,B,0,E
G6/Db,x.4.2.0.3.x,1,1,1,4,2,1,3,2,4,2,True,False,x,,4,C#,2,E,0,G,3,D,x,
G6/E,0.2.2.0.3.0,6,1,1,6,0,3,3,2,3,1,True,False,0,E,2,B,2,E,0,G,3,D,0,E
G6/E,0.2.2.0.3.x,2,1,2,5,1,2,3,2,3,1,True,False,0,E,2,B,2,E,0,G,3,D,x,
G6/E,x.x.2.4.3.3,1,1,3,4,2,0,4,2,4,2,True,False,x,,x,,2,E,4,B,3,D,3,G
G6/F,x.x.3.0.0.0,1,1,1,4,2,3,1,3,3,0,True,False,x,,x,,3,F,0,G,0,B,0,E
G6add11,x.3.0.0.0.0,4,1,1,5,1,4,1,3,3,0,True,False,x,,3,C,0,D,0,G,0,B,0,E
G6add13-,3.x.0.0.4.0,2,1,1,5,1,3,2,3,4,1,True,False,3,G,x,,0,D,0,G,4,D#,0,E
G6add9,3.2.0.2.0.0,7,2,1,6,0,3,3,2,3,1,True,False,3,G,2,B,0,D,2,A,0,B,0,E
G6add9,x.10.9.9.10.10,3,2,2,5,1,0,5,9,10,1,True,False,x,,10,G,9,B,9,E,10,A,10,D
G6add9,12.12.12.12.12.12,2,1,3,6,0,0,6,12,12,0,True,False,12,E,12,A,12,D,12,G,12,B,12,E
G6add9,3.0.0.0.0.0,1,1,4,6,0,5,1,3,3,0,True,False,3,G,0,A,0,D,0,G,0,B,0,E
G6add9,3.x.0.2.0.0,1,1,5,5,1,3,2,2,3,1,True,False,3,G,x,,0,D,2,A,0,B,0,E
G6add9,5.7.5.7.5.7,1,1,6,6,0,0,6,5,7,2,True,False,5,A,7,E,5,G,7,D,5,E,7,B
G6add9,7.5.5.7.5.5,1,1,7,6,0,0,6,5,7,2,True,False,7,B,5,D,5,G,7,D,5,E,5,A
G6add9+,3.2.0.3.0.0,1,1,1,6,0,3,3,2,3,1,True,False,3,G,2,B,0,D,3,A#,0,B,0,E
G7,3.2.0.0.0.1,546,101,1,6,0,3,3,1,3,2,True,False,3,G,2,B,0,D,0,G,0,B,1,F
G7,3.5.3.4.3.3,106,37,2,6,0,0,6,3,5,2,True,False,3,G,5,D,3,F,4,B,3,D,3,G
G7,x.10.12.10.12.10,78,3,3,5,1,0,5,10,12,2,True,False,x,,10,G,12,D,10,F,12,B,10,D
G7,3.x.3.4.x.x,45,6,4,3,3,0,3,3,4,1,True,False,3,G,x,,3,F,4,B,x,,x,
G7,3.5.3.4.6.3,43,8,5,6,0,0,6,3,6,3,True,False,3,G,5,D,3,F,4,B,6,F,3,G
G7,3.x.0.4.3.1,40,3,6,5,1,1,4,1,4,3,True,False,3,G,x,,0,D,4,B,3,D,1,F
G7,3.x.3.4.3.x,34,11,7,4,2,0,4,3,4,1,True,False,3,G,x,,3,F,4,B,3,D,x,
G7,3.5.3.x.x.x,28,2,8,3,3,0,3,3,5,2,True,False,3,G,5,D,3,F,x,,x,,x,
G7,x.x.5.7.6.7,26,7,9,4,2,0,4,5,7,2,True,False,x,,x,,5,G,7,D,6,F,7,B
G7,x.2.3.0.0.1,21,1,10,5,1,2,3,1,3,2,True,False,x,,2,B,3,F,0,G,0,B,1,F
G7,3.x.0.0.0.1,16,8,11,5,1,3,2,1,3,2,True,False,3,G,x,,0,D,0,G,0,B,1,F
G7,x.x.3.4.3.3,11,5,12,4,2,0,4,3,4,1,True,False,x,,x,,3,F,4,B,3,D,3,G
G7,3.2.0.0.3.1,10,4,13,6,0,2,4,1,3,2,True,False,3,G,2,B,0,D,0,G,3,D,1,F
G7,3.2.3.0.0.x,9,2,14,5,1,2,3,2,3,1,True,False,3,G,2,B,3,F,0,G,0,B,x,
G7,x.x.3.4.3.5,8,1,15,4,2,0,4,3,5,2,True,False,x,,x,,3,F,4,B,3,D,5,A
G7,x.2.0.0.0.1,7,2,16,5,1,3,2,1,2,1,True,False,x,,2,B,0,D,0,G,0,B,1,F
G7,3.x.3.0.0.3,6,5,17,5,1,2,3,3,3,0,True,False,3,G,x,,3,F,0,G,0,B,3,G
G7,3.x.3.0.0.x,6,4,18,4,2,2,2,3,3,0,True,False,3,G,x,,3,F,0,G,0,B,x,
G7,3.x.3.4.0.x,6,1,19,4,2,1,3,3,4,1,True,False,3,G,x,,3,F,4,B,0,B,x,
G7,3.x.3.0.3.x,5,3,20,4,2,1,3,3,3,0,True,False,3,G,x,,3,F,0,G,3,D,x,
G7,3.2.3.0.0.3,5,3,21,6,0,2,4,2,3,1,True,False,3,G,2,B,3,F,0,G,0,B,3,G
G7,x.x.0.0.0.1,4,3,22,4,2,3,1,1,1,0,True,False,x,,x,,0,D,0,G,0,B,1,F
G7,x.x.x.0.0.1,4,2,23,3,3,2,1,1,1,0,True,False,x,,x,,x,,0,G,0,B,1,F
G7,3.2.3.4.x.x,4,1,24,4,2,0,4,2,4,2,True,False,3,G,2,B,3,F,4,B,x,,x,
G7,3.2.3.0.3.3,3,2,25,6,0,1,5,2,3,1,True,False,3,G,2,B,3,F,0,G,3,D,3,G
G7,x.5.x.0.6.x,3,1,26,3,3,1,2,5,6,1,True,False,x,,5,D,x,,0,G,6,F,x,
G7,3.x.0.0.3.1,3,2,27,5,1,2,3,1,3,2,True,False,3,G,x,,0,D,0,G,3,D,1,F
G7,3.5.3.4.x.3,3,1,28,5,1,0,5,3,5,2,True,False,3,G,5,D,3,F,4,B,x,,3,G
G7,x.x.5.4.6.x,3,1,29,3,3,0,3,4,6,2,True,False,x,,x,,5,G,4,B,6,F,x,
G7,3.x.3.x.0.3,2,1,30,4,2,1,3,3,3,0,True,False,3,G,x,,3,F,x,,0,B,3,G
G7,3.2.3.0.3.x,2,1,31,5,1,1,4,2,3,1,True,False,3,G,2,B,3,F,0,G,3,D,x,
G7,3.x.3.4.x.3,2,1,32,4,2,0,4,3,4,1,True,False,3,G,x,,3,F,4,B,x,,3,G
G7,3.2.3.x.0.1,2,1,33,5,1,1,4,1,3,2,True,False,3,G,2,B,3,F,x,,0,B,1,F
G7,3.5.3.4.3.x,2,2,34,5,1,0,5,3,5,2,True,False,3,G,5,D,3,F,4,B,3,D,x,
G7,x.10.9.10.8.x,2,2,35,4,2,0,4,8,10,2,True,False,x,,10,G,9,B,10,F,8,G,x,
G7,3.5.x.4.6.3,2,1,36,5,1,0,5,3,6,3,True,False,3,G,5,D,x,,4,B,6,F,3,G
G7,3.x.3.0.3.0,1,1,37,5,1,2,3,3,3,0,True,False,3,G,x,,3,F,0,G,3,D,0,E
G7,x.x.3.x.3.x,1,1,38,2,4,0,2,3,3,0,True,False,x,,x,,3,F,x,,3,D,x,
G7,x.2.x.0.x.1,1,1,39,3,3,1,2,1,2,1,True,False,x,,2,B,x,,0,G,x,,1,F
G7,3.2.3.0.x.x,1,1,40,4,2,1,3,2,3,1,True,False,3,G,2,B,3,F,0,G,x,,x,
G7,x.2.3.0.0.x,1,1,41,4,2,2,2,2,3,1,True,False,x,,2,B,3,F,0,G,0,B,x,
G7,x.2.3.0.3.x,1,1,42,4,2,1,3,2,3,1,True,False,x,,2,B,3,F,0,G,3,D,x,
G7,x.10.9.10.x.10,1,1,43,4,2,0,4,9,10,1,True,False,x,,10,G,9,B,10,F,x,,10,D
G7,0.2.0.0.3.1,1,1,44,6,0,3,3,1,3,2,True,False,0,E,2,B,0,D,0,G,3,D,1,F
G7,3.2.0.0.x.1,1,1,45,5,1,2,3,1,3,2,True,False,3,G,2,B,0,D,0,G,x,,1,F
G7,3.2.0.x.x.1,1,1,46,4,2,1,3,1,3,2,True,False,3,G,2,B,0,D,x,,x,,1,F
G7,3.2.x.0.x.1,1,1,47,4,2,1,3,1,3,2,True,False,3,G,2,B,x,,0,G,x,,1,F
G7,3.x.3.x.3.1,1,1,48,4,2,0,4,1,3,2,True,False,3,G,x,,3,F,x,,3,D,1,F
G7,3.x.x.0.0.1,1,1,49,4,2,2,2,1,3,2,True,False,3,G,x,,x,,0,G,0,B,1,F
G7,3.x.x.0.3.1,1,1,50,4,2,1,3,1,3,2,True,False,3,G,x,,x,,0,G,3,D,1,F
G7,3.x.x.x.0.1,1,1,51,3,3,1,2,1,3,2,True,False,3,G,x,,x,,x,,0,B,1,F
G7,3.5.3.4.x.x,1,1,52,4,2,0,4,3,5,2,True,False,3,G,5,D,3,F,4,B,x,,x,
G7,x.x.5.7.6.x,1,1,53,3,3,0,3,5,7,2,True,False,x,,x,,5,G,7,D,6,F,x,
G7,3.5.3.4.6.x,1,1,54,5,1,0,5,3,6,3,True,False,3,G,5,D,3,F,4,B,6,F,x,
G7,3.x.5.4.6.x,1,1,55,4,2,0,4,3,6,3,True,False,3,G,x,,5,G,4,B,6,F,x,
G7,x.10.12.12.12.13,1,1,56,5,1,0,5,10,13,3,True,False,x,,10,G,12,D,12,G,12,B,13,F
G7,x.10.x.12.12.13,1,1,57,4,2,0,4,10,13,3,True,False,x,,10,G,x,,12,G,12,B,13,F
G7,x.x.3.7.6.3,1,1,58,4,2,0,4,3,7,4,True,False,x,,x,,3,F,7,D,6,F,3,G
G7,x.x.0.0.6.10,1,1,59,4,2,2,2,6,10,4,True,True,x,,x,,0,D,0,G,6,F,10,D
G7 (D7),x.x.0.2.1.2,10,1,1,4,2,1,3,1,2,1,True,False,x,,x,,0,D,2,A,1,C,2,F#
G7 (no5),3.x.3.0.0.3,2,1,1,5,1,2,3,3,3,0,True,False,3,G,x,,3,F,0,G,0,B,3,G
G7 (normal tune),4.3.x.x.x.1,2,1,1,3,3,0,3,1,4,3,True,False,4,G#,3,C,x,,x,,x,,1,F
G7 (on F),x.x.3.4.3.3,3,1,1,4,2,0,4,3,4,1,True,False,x,,x,,3,F,4,B,3,D,3,G
G7#5,3.x.3.4.4.x,2,2,1,4,2,0,4,3,4,1,True,False,3,G,x,,3,F,4,B,4,D#,x,
G7#9,3.x.0.3.0.1,3,2,1,5,1,2,3,1,3,2,True,False,3,G,x,,0,D,3,A#,0,B,1,F
G7(#11),3.x.3.4.2.x,1,1,1,4,2,0,4,2,4,2,True,False,3,G,x,,3,F,4,B,2,C#,x,
G7-9/Ab,4.2.3.4.x.x,2,1,1,4,2,0,4,2,4,2,True,False,4,G#,2,B,3,F,4,B,x,,x,
G7/5+,3.x.3.4.4.x,13,5,1,4,2,0,4,3,4,1,True,False,3,G,x,,3,F,4,B,4,D#,x,
G7/5+,x.x.3.4.4.5,4,1,2,4,2,0,4,3,5,2,True,False,x,,x,,3,F,4,B,4,D#,5,A
G7/5+,3.x.3.4.4.3,2,1,3,5,1,0,5,3,4,1,True,False,3,G,x,,3,F,4,B,4,D#,3,G
G7/5+,x.x.3.4.4.x,1,1,4,3,3,0,3,3,4,1,True,False,x,,x,,3,F,4,B,4,D#,x,
G7/5+,3.6.3.4.4.3,1,1,5,6,0,0,6,3,6,3,True,False,3,G,6,D#,3,F,4,B,4,D#,3,G
G7/6,x.x.3.4.5.3,1,1,1,4,2,0,4,3,5,2,True,False,x,,x,,3,F,4,B,5,E,3,G
G7/B,x.2.0.0.0.1,12,6,1,5,1,3,2,1,2,1,True,False,x,,2,B,0,D,0,G,0,B,1,F
G7/B,7.x.0.0.6.0,2,1,2,5,1,3,2,6,7,1,True,True,7,B,x,,0,D,0,G,6,F,0,E
G7/B,7.5.3.0.0.x,2,2,3,5,1,2,3,3,7,4,True,False,7,B,5,D,3,F,0,G,0,B,x,
G7/B,x.2.x.0.0.1,1,1,4,4,2,2,2,1,2,1,True,False,x,,2,B,x,,0,G,0,B,1,F
G7/B,x.2.0.0.3.1,1,1,5,5,1,2,3,1,3,2,True,False,x,,2,B,0,D,0,G,3,D,1,F
G7/C,x.3.0.0.0.1,4,2,1,5,1,3,2,1,3,2,True,False,x,,3,C,0,D,0,G,0,B,1,F
G7/D,x.x.0.0.0.1,15,3,1,4,2,3,1,1,1,0,True,False,x,,x,,0,D,0,G,0,B,1,F
G7/D,10.x.9.10.x.x,1,1,2,3,3,0,3,9,10,1,True,False,10,D,x,,9,B,10,F,x,,x,
G7/D#,x.6.5.7.6.x,2,1,1,4,2,0,4,5,7,2,True,False,x,,6,D#,5,G,7,D,6,F,x,
G7/F,x.x.3.0.0.1,8,2,1,4,2,2,2,1,3,2,True,False,x,,x,,3,F,0,G,0,B,1,F
G7/F,x.x.3.4.3.3,1,1,2,4,2,0,4,3,4,1,True,False,x,,x,,3,F,4,B,3,D,3,G
G7/F,13.x.12.12.x.x,1,1,3,3,3,0,3,12,13,1,True,False,13,F,x,,12,D,12,G,x,,x,
G713,x.10.12.10.12.12,1,1,1,5,1,0,5,10,12,2,True,False,x,,10,G,12,D,10,F,12,B,12,E
G79,x.10.9.10.10.10,1,1,1,5,1,0,5,9,10,1,True,False,x,,10,G,9,B,10,F,10,A,10,D
G79B/B,x.x.9.10.9.10,1,1,1,4,2,0,4,9,10,1,True,False,x,,x,,9,B,10,F,9,G#,10,D
G7add11,3.3.5.4.6.3,3,1,1,6,0,0,6,3,6,3,True,False,3,G,3,C,5,G,4,B,6,F,3,G
G7add11,3.2.3.0.1.x,2,1,2,5,1,1,4,1,3,2,True,False,3,G,2,B,3,F,0,G,1,C,x,
G7add11,x.10.10.12.12.13,1,1,3,5,1,0,5,10,13,3,True,False,x,,10,G,10,C,12,G,12,B,13,F
G7add13,3.x.3.4.5.x,36,6,1,4,2,0,4,3,5,2,True,False,3,G,x,,3,F,4,B,5,E,x,
G7add13,3.x.3.0.3.0,5,1,2,5,1,2,3,3,3,0,True,False,3,G,x,,3,F,0,G,3,D,0,E
G7add13,3.x.3.0.0.0,2,1,3,5,1,3,2,3,3,0,True,False,3,G,x,,3,F,0,G,0,B,0,E
G7add13,3.2.3.0.3.0,2,1,4,6,0,2,4,2,3,1,True,False,3,G,2,B,3,F,0,G,3,D,0,E
G7add13,3.x.3.4.3.0,2,1,5,5,1,1,4,3,4,1,True,False,3,G,x,,3,F,4,B,3,D,0,E
G7add13,3.x.3.4.5.3,1,1,6,5,1,0,5,3,5,2,True,False,3,G,x,,3,F,4,B,5,E,3,G
G7add13/G#,4.x.3.4.5.3,1,1,1,5,1,0,5,3,5,2,True,False,4,G#,x,,3,F,4,B,5,E,3,G
G7b5,x.x.5.6.8.x,1,1,1,3,3,0,3,5,8,3,True,False,x,,x,,5,G,6,C#,8,G,x,
G7M,3.x.4.4.3.x,43,12,1,4,2,0,4,3,4,1,True,False,3,G,x,,4,F#,4,B,3,D,x,
G7M,3.2.0.0.0.2,29,10,2,6,0,3,3,2,3,1,True,False,3,G,2,B,0,D,0,G,0,B,2,F#
G7M,3.5.4.4.3.3,13,3,3,6,0,0,6,3,5,2,True,False,3,G,5,D,4,F#,4,B,3,D,3,G
G7M,x.x.4.0.x.x,10,2,4,2,4,1,1,4,4,0,True,False,x,,x,,4,F#,0,G,x,,x,
G7M,x.x.5.7.7.7,10,3,5,4,2,0,4,5,7,2,True,False,x,,x,,5,G,7,D,7,F#,7,B
G7M,x.x.5.4.3.2,10,4,6,4,2,0,4,2,5,3,True,False,x,,x,,5,G,4,B,3,D,2,F#
G7M,3.x.0.0.3.2,9,2,7,5,1,2,3,2,3,1,True,False,3,G,x,,0,D,0,G,3,D,2,F#
G7M,3.x.x.x.x.2,9,2,8,2,4,0,2,2,3,1,True,False,3,G,x,,x,,x,,x,,2,F#
G7M,3.x.0.0.0.2,8,5,9,5,1,3,2,2,3,1,True,False,3,G,x,,0,D,0,G,0,B,2,F#
G7M,x.5.4.0.3.x,6,1,10,4,2,1,3,3,5,2,True,False,x,,5,D,4,F#,0,G,3,D,x,
G7M,x.10.12.11.12.10,5,2,11,5,1,0,5,10,12,2,True,False,x,,10,G,12,D,11,F#,12,B,10,D
G7M,3.2.0.0.3.2,4,1,12,6,0,2,4,2,3,1,True,False,3,G,2,B,0,D,0,G,3,D,2,F#
G7M,x.x.0.0.3.2,4,1,13,4,2,2,2,2,3,1,True,False,x,,x,,0,D,0,G,3,D,2,F#
G7M,x.5.4.0.x.x,4,2,14,3,3,1,2,4,5,1,True,False,x,,5,D,4,F#,0,G,x,,x,
G7M,3.x.4.0.3.x,3,1,15,4,2,1,3,3,4,1,True,False,3,G,x,,4,F#,0,G,3,D,x,
G7M,3.5.5.7.7.7,3,1,16,6,0,0,6,3,7,4,True,False,3,G,5,D,5,G,7,D,7,F#,7,B
G7M,3.x.x.x.3.2,2,2,17,3,3,0,3,2,3,1,True,False,3,G,x,,x,,x,,3,D,2,F#
G7M,x.2.0.0.3.2,2,1,18,5,1,2,3,2,3,1,True,False,x,,2,B,0,D,0,G,3,D,2,F#
G7M,3.x.4.4.3.3,2,1,19,5,1,0,5,3,4,1,True,False,3,G,x,,4,F#,4,B,3,D,3,G
G7M,x.x.4.x.x.3,2,1,20,2,4,0,2,3,4,1,True,False,x,,x,,4,F#,x,,x,,3,G
G7M,7.x.5.7.7.x,2,1,21,4,2,0,4,5,7,2,True,False,7,B,x,,5,G,7,D,7,F#,x,
G7M,x.10.9.7.7.x,2,1,22,4,2,0,4,7,10,3,True,False,x,,10,G,9,B,7,D,7,F#,x,
G7M,x.2.x.0.0.2,1,1,23,4,2,2,2,2,2,0,True,False,x,,2,B,x,,0,G,0,B,2,F#
G7M,3.x.x.0.0.2,1,1,24,4,2,2,2,2,3,1,True,False,3,G,x,,x,,0,G,0,B,2,F#
G7M,3.x.4.0.3.2,1,1,25,5,1,1,4,2,4,2,True,False,3,G,x,,4,F#,0,G,3,D,2,F#
G7M,3.5.4.0.3.x,1,1,26,5,1,1,4,3,5,2,True,False,3,G,5,D,4,F#,0,G,3,D,x,
G7M,x.5.5.7.7.x,1,1,27,4,2,0,4,5,7,2,True,False,x,,5,D,5,G,7,D,7,F#,x,
G7M,5.x.0.0.3.2,1,1,28,5,1,2,3,2,5,3,True,False,5,A,x,,0,D,0,G,3,D,2,F#
G7M,5.x.x.0.0.2,1,1,29,4,2,2,2,2,5,3,True,False,5,A,x,,x,,0,G,0,B,2,F#
G7M,3.5.x.4.7.x,1,1,30,4,2,0,4,3,7,4,True,False,3,G,5,D,x,,4,B,7,F#,x,
G7M/5+,7.9.9.8.8.7,1,1,1,6,0,0,6,7,9,2,True,False,7,B,9,F#,9,B,8,D#,8,G,7,B
G7M/A,x.0.x.0.0.2,5,2,1,4,2,3,1,2,2,0,True,False,x,,0,A,x,,0,G,0,B,2,F#
G7M/A,x.0.0.0.0.2,3,1,2,5,1,4,1,2,2,0,True,False,x,,0,A,0,D,0,G,0,B,2,F#
G7M/A,x.0.4.0.3.x,1,1,3,4,2,2,2,3,4,1,True,False,x,,0,A,4,F#,0,G,3,D,x,
G7M/A,x.0.4.4.3.3,1,1,4,5,1,1,4,3,4,1,True,False,x,,0,A,4,F#,4,B,3,D,3,G
G7M/A,x.0.5.4.3.2,1,1,5,5,1,1,4,2,5,3,True,False,x,,0,A,5,G,4,B,3,D,2,F#
G7M/D,x.x.0.0.0.2,1,1,1,4,2,3,1,2,2,0,True,False,x,,x,,0,D,0,G,0,B,2,F#
G7M9,3.x.4.4.3.5,6,1,1,5,1,0,5,3,5,2,True,False,3,G,x,,4,F#,4,B,3,D,5,A
G7M9,3.x.0.2.0.2,3,2,2,5,1,2,3,2,3,1,True,False,3,G,x,,0,D,2,A,0,B,2,F#
G7M9,3.x.x.2.0.2,2,1,3,4,2,1,3,2,3,1,True,False,3,G,x,,x,,2,A,0,B,2,F#
G7M9,3.2.4.2.3.2,1,1,4,6,0,0,6,2,4,2,True,False,3,G,2,B,4,F#,2,A,3,D,2,F#
G7M9,7.5.5.7.7.5,1,1,5,6,0,0,6,5,7,2,True,False,7,B,5,D,5,G,7,D,7,F#,5,A
G7M9,x.x.5.4.7.5,1,1,6,4,2,0,4,4,7,3,True,False,x,,x,,5,G,4,B,7,F#,5,A
G7M9+/5-,2.2.5.3.2.2,1,1,1,6,0,0,6,2,5,3,True,False,2,F#,2,B,5,G,3,A#,2,C#,2,F#
G7Madd11,3.x.0.0.1.2,3,1,1,5,1,2,3,1,3,2,True,False,3,G,x,,0,D,0,G,1,C,2,F#
G7Madd13,3.x.4.4.3.0,17,3,1,5,1,1,4,3,4,1,True,False,3,G,x,,4,F#,4,B,3,D,0,E
G7Madd13/E,0.x.2.0.x.2,1,1,1,4,2,2,2,2,2,0,True,False,0,E,x,,2,E,0,G,x,,2,F#
G7sus2,3.0.0.0.3.1,13,3,1,6,0,3,3,1,3,2,True,False,3,G,0,A,0,D,0,G,3,D,1,F
G7sus2,3.0.3.0.3.x,2,1,2,5,1,2,3,3,3,0,True,False,3,G,0,A,3,F,0,G,3,D,x,
G7sus2,1.0.3.0.3.x,2,1,3,5,1,2,3,1,3,2,True,False,1,F,0,A,3,F,0,G,3,D,x,
G7sus2,3.0.x.x.3.1,2,1,4,4,2,1,3,1,3,2,True,False,3,G,0,A,x,,x,,3,D,1,F
G7sus2,3.x.x.2.3.1,2,1,5,4,2,0,4,1,3,2,True,False,3,G,x,,x,,2,A,3,D,1,F
G7sus2,x.0.0.0.x.1,1,1,6,4,2,3,1,1,1,0,True,False,x,,0,A,0,D,0,G,x,,1,F
G7sus2,3.0.0.0.6.3,1,1,7,6,0,3,3,3,6,3,True,False,3,G,0,A,0,D,0,G,6,F,3,G
G7sus4,x.x.3.5.x.x,9,1,1,2,4,0,2,3,5,2,True,False,x,,x,,3,F,5,C,x,,x,
G7sus4,3.5.3.5.3.3,3,2,2,6,0,0,6,3,5,2,True,False,3,G,5,D,3,F,5,C,3,D,3,G
G7sus4,3.x.3.5.3.3,3,1,3,5,1,0,5,3,5,2,True,False,3,G,x,,3,F,5,C,3,D,3,G
G7sus4,x.3.3.0.3.x,2,1,4,4,2,1,3,3,3,0,True,False,x,,3,C,3,F,0,G,3,D,x,
G7sus4,3.3.0.0.3.1,2,1,5,6,0,2,4,1,3,2,True,False,3,G,3,C,0,D,0,G,3,D,1,F
G7sus4,3.x.3.0.1.x,2,1,6,4,2,1,3,1,3,2,True,False,3,G,x,,3,F,0,G,1,C,x,
G7sus4,3.5.3.5.x.x,2,2,7,4,2,0,4,3,5,2,True,False,3,G,5,D,3,F,5,C,x,,x,
G7sus4,x.x.5.7.6.8,2,2,8,4,2,0,4,5,8,3,True,False,x,,x,,5,G,7,D,6,F,8,C
G7sus4,3.x.0.0.1.1,1,1,9,5,1,2,3,1,3,2,True,False,3,G,x,,0,D,0,G,1,C,1,F
G7sus4,x.3.3.0.3.1,1,1,10,5,1,1,4,1,3,2,True,False,x,,3,C,3,F,0,G,3,D,1,F
G7sus4,x.x.3.0.1.x,1,1,11,3,3,1,2,1,3,2,True,False,x,,x,,3,F,0,G,1,C,x,
G7sus4 (D7sus4),x.x.0.2.1.3,46,1,1,4,2,1,3,1,3,2,True,False,x,,x,,0,D,2,A,1,C,3,G
G7sus4(no5),3.x.x.0.1.1,7,1,1,4,2,1,3,1,3,2,True,False,3,G,x,,x,,0,G,1,C,1,F
G9,3.0.0.0.0.1,10,6,1,6,0,4,2,1,3,2,True,False,3,G,0,A,0,D,0,G,0,B,1,F
G9,x.10.9.10.10.10,7,1,2,5,1,0,5,9,10,1,True,False,x,,10,G,9,B,10,F,10,A,10,D
G9,3.x.0.2.0.1,7,3,3,5,1,2,3,1,3,2,True,False,3,G,x,,0,D,2,A,0,B,1,F
G9,x.10.9.10.10.x,2,2,4,4,2,0,4,9,10,1,True,False,x,,10,G,9,B,10,F,10,A,x,
G9,3.0.3.2.0.x,1,1,5,5,1,2,3,2,3,1,True,False,3,G,0,A,3,F,2,A,0,B,x,
G9,10.10.9.10.10.10,1,1,6,6,0,0,6,9,10,1,True,False,10,D,10,G,9,B,10,F,10,A,10,D
G9,x.x.9.10.10.10,1,1,7,4,2,0,4,9,10,1,True,False,x,,x,,9,B,10,F,10,A,10,D
G9,3.x.3.4.3.5,1,1,8,5,1,0,5,3,5,2,True,False,3,G,x,,3,F,4,B,3,D,5,A
G9 (NR),x.2.3.2.3.0,5,1,1,5,1,1,4,2,3,1,True,False,x,,2,B,3,F,2,A,3,D,0,E
G9-,x.x.x.0.3.4,2,1,1,3,3,1,2,3,4,1,True,False,x,,x,,x,,0,G,3,D,4,G#
G9-,3.5.3.x.3.4,2,1,2,5,1,0,5,3,5,2,True,False,3,G,5,D,3,F,x,,3,D,4,G#
G9-,x.10.9.10.9.x,1,1,3,4,2,0,4,9,10,1,True,False,x,,10,G,9,B,10,F,9,G#,x,
G9-,3.x.3.1.3.x,1,1,4,4,2,0,4,1,3,2,True,False,3,G,x,,3,F,1,G#,3,D,x,
G9/5+,3.x.3.4.4.5,2,2,1,5,1,0,5,3,5,2,True,False,3,G,x,,3,F,4,B,4,D#,5,A
G9/5+,x.x.3.4.4.5,1,1,2,4,2,0,4,3,5,2,True,False,x,,x,,3,F,4,B,4,D#,5,A
G9sus4,3.x.x.2.1.3,4,1,1,4,2,0,4,1,3,2,True,False,3,G,x,,x,,2,A,1,C,3,G
G\A,x.0.0.0.0.4,4,2,1,5,1,4,1,4,4,0,True,False,x,,0,A,0,D,0,G,0,B,4,G#
Gadd#9,3.x.0.3.0.x,9,2,1,4,2,2,2,3,3,0,True,False,3,G,x,,0,D,3,A#,0,B,x,
Gadd11,3.3.5.4.3.3,6,1,1,6,0,0,6,3,5,2,True,False,3,G,3,C,5,G,4,B,3,D,3,G
Gadd11,3.2.0.0.1.3,3,2,2,6,0,2,4,1,3,2,True,False,3,G,2,B,0,D,0,G,1,C,3,G
Gadd11,x.2.0.0.1.x,2,2,3,4,2,2,2,1,2,1,True,False,x,,2,B,0,D,0,G,1,C,x,
Gadd11,x.3.x.4.3.3,1,1,4,4,2,0,4,3,4,1,True,False,x,,3,C,x,,4,B,3,D,3,G
Gadd11,3.2.0.x.1.x,1,1,5,4,2,1,3,1,3,2,True,False,3,G,2,B,0,D,x,,1,C,x,
Gadd11+,5.5.0.0.2.x,2,2,1,5,1,2,3,2,5,3,True,False,5,A,5,D,0,D,0,G,2,C#,x,
Gadd11+,3.x.0.0.2.3,1,1,2,5,1,2,3,2,3,1,True,False,3,G,x,,0,D,0,G,2,C#,3,G
Gadd11+/D,x.x.0.4.2.3,1,1,1,4,2,1,3,2,4,2,True,False,x,,x,,0,D,4,B,2,C#,3,G
Gadd11+/F#,4.5.0.0.2.x,2,2,1,5,1,2,3,2,5,3,True,False,4,G#,5,D,0,D,0,G,2,C#,x,
Gadd5,3.2.0.0.3.3,22,1,1,6,0,2,4,2,3,1,True,False,3,G,2,B,0,D,0,G,3,D,3,G
Gadd9,3.0.0.2.0.3,22,1,1,6,0,3,3,2,3,1,True,False,3,G,0,A,0,D,2,A,0,B,3,G
Gadd9,3.0.0.0.0.3,19,5,2,6,0,4,2,3,3,0,True,False,3,G,0,A,0,D,0,G,0,B,3,G
Gadd9,3.x.0.2.0.x,5,4,3,4,2,2,2,2,3,1,True,False,3,G,x,,0,D,2,A,0,B,x,
Gadd9,3.2.x.2.0.3,4,1,4,5,1,1,4,2,3,1,True,False,3,G,2,B,x,,2,A,0,B,3,G
Gadd9,x.2.x.2.3.3,4,1,5,4,2,0,4,2,3,1,True,False,x,,2,B,x,,2,A,3,D,3,G
Gadd9,x.x.5.4.3.5,4,3,6,4,2,0,4,3,5,2,True,False,x,,x,,5,G,4,B,3,D,5,A
Gadd9,5.x.0.0.0.5,2,1,7,5,1,3,2,5,5,0,True,False,5,A,x,,0,D,0,G,0,B,5,A
Gadd9,3.2.0.2.0.3,2,1,8,6,0,2,4,2,3,1,True,False,3,G,2,B,0,D,2,A,0,B,3,G
Gadd9,x.x.x.2.3.3,2,1,9,3,3,0,3,2,3,1,True,False,x,,x,,x,,2,A,3,D,3,G
Gadd9,x.0.0.7.8.7,2,1,10,5,1,2,3,7,8,1,True,True,x,,0,A,0,D,7,D,8,G,7,B
Gadd9,3.5.5.4.3.5,2,1,11,6,0,0,6,3,5,2,True,False,3,G,5,D,5,G,4,B,3,D,5,A
Gadd9,3.x.x.4.3.5,2,2,12,4,2,0,4,3,5,2,True,False,3,G,x,,x,,4,B,3,D,5,A
Gadd9,x.10.9.7.10.x,2,1,13,4,2,0,4,7,10,3,True,False,x,,10,G,9,B,7,D,10,A,x,
Gadd9,3.0.0.0.0.x,1,1,14,5,1,4,1,3,3,0,True,False,3,G,0,A,0,D,0,G,0,B,x,
Gadd9,3.2.0.2.x.x,1,1,15,4,2,1,3,2,3,1,True,False,3,G,2,B,0,D,2,A,x,,x,
Gadd9,3.2.x.2.3.3,1,1,16,5,1,0,5,2,3,1,True,False,3,G,2,B,x,,2,A,3,D,3,G
Gadd9,0.0.0.7.8.7,1,1,17,6,0,3,3,7,8,1,True,True,0,E,0,A,0,D,7,D,8,G,7,B
Gadd9,x.x.5.2.0.x,1,1,18,3,3,1,2,2,5,3,True,False,x,,x,,5,G,2,A,0,B,x,
Gadd9,7.5.5.7.8.5,1,1,19,6,0,0,6,5,8,3,True,False,7,B,5,D,5,G,7,D,8,G,5,A
Gadd9,3.5.7.4.3.x,1,1,20,5,1,0,5,3,7,4,True,False,3,G,5,D,7,A,4,B,3,D,x,
Gadd9+,3.x.0.3.0.x,2,2,1,4,2,2,2,3,3,0,True,False,3,G,x,,0,D,3,A#,0,B,x,
Gadd9/B,x.2.5.2.3.x,4,1,1,4,2,0,4,2,5,3,True,False,x,,2,B,5,G,2,A,3,D,x,
Gadd9/B,x.2.0.2.3.3,1,1,2,5,1,1,4,2,3,1,True,False,x,,2,B,0,D,2,A,3,D,3,G
Gadd9/B,x.2.x.2.3.3,1,1,3,4,2,0,4,2,3,1,True,False,x,,2,B,x,,2,A,3,D,3,G
Gadd9/B,x.2.x.0.3.5,1,1,4,4,2,1,3,2,5,3,True,False,x,,2,B,x,,0,G,3,D,5,A
Gadd9/E,0.0.5.4.3.5,1,1,1,6,0,2,4,3,5,2,True,False,0,E,0,A,5,G,4,B,3,D,5,A
Gadd9sus4/B,x.2.0.2.1.3,1,1,1,5,1,1,4,1,3,2,True,False,x,,2,B,0,D,2,A,1,C,3,G
Gaug,3.2.1.0.0.3,33,2,1,6,0,2,4,1,3,2,True,False,3,G,2,B,1,D#,0,G,0,B,3,G
Gaug,x.x.x.8.8.7,3,1,2,3,3,0,3,7,8,1,True,False,x,,x,,x,,8,D#,8,G,7,B
Gaug,3.6.5.4.x.x,3,1,3,4,2,0,4,3,6,3,True,False,3,G,6,D#,5,G,4,B,x,,x,
Gaug,x.x.5.4.4.3,2,1,4,4,2,0,4,3,5,2,True,False,x,,x,,5,G,4,B,4,D#,3,G
Gaug,x.6.5.4.4.x,2,1,5,4,2,0,4,4,6,2,True,False,x,,6,D#,5,G,4,B,4,D#,x,
Gaug,x.10.9.8.8.x,2,1,6,4,2,0,4,8,10,2,True,False,x,,10,G,9,B,8,D#,8,G,x,
Gaug,3.x.x.4.4.3,1,1,7,4,2,0,4,3,4,1,True,False,3,G,x,,x,,4,B,4,D#,3,G
Gaug,3.2.1.x.x.x,1,1,8,3,3,0,3,1,3,2,True,False,3,G,2,B,1,D#,x,,x,,x,
Gaug,x.x.1.0.0.3,1,1,9,4,2,2,2,1,3,2,True,False,x,,x,,1,D#,0,G,0,B,3,G
Gaug,x.2.x.0.4.x,1,1,10,3,3,1,2,2,4,2,True,False,x,,2,B,x,,0,G,4,D#,x,
Gaug,3.x.5.4.4.3,1,1,11,5,1,0,5,3,5,2,True,False,3,G,x,,5,G,4,B,4,D#,3,G
Gb,3.2.0.0.0.3,1,1,1,6,0,3,3,2,3,1,True,False,3,G,2,B,0,D,0,G,0,B,3,G
Gb,x.x.x.3.2.2,1,1,2,3,3,0,3,2,3,1,True,False,x,,x,,x,,3,A#,2,C#,2,F#
Gb,x.9.11.11.11.x,1,1,3,4,2,0,4,9,11,2,True,False,x,,9,F#,11,C#,11,F#,11,A#,x,
Gb/F,x.8.11.11.11.x,4,2,1,4,2,0,4,8,11,3,True,False,x,,8,F,11,C#,11,F#,11,A#,x,
Gb13,2.x.2.3.4.2,2,1,1,5,1,0,5,2,4,2,True,False,2,F#,x,,2,E,3,A#,4,D#,2,F#
Gb13/9,x.x.2.3.4.4,2,1,1,4,2,0,4,2,4,2,True,False,x,,x,,2,E,3,A#,4,D#,4,G#
Gb5,2.4.4.x.x.x,63,5,1,3,3,0,3,2,4,2,True,False,2,F#,4,C#,4,F#,x,,x,,x,
Gb5 IX,x.9.11.11.x.x,18,3,1,3,3,0,3,9,11,2,True,False,x,,9,F#,11,C#,11,F#,x,,x,
Gb6,x.x.1.3.2.2,2,1,1,4,2,0,4,1,3,2,True,False,x,,x,,1,D#,3,A#,2,C#,2,F#
Gb6#11,2.x.1.3.1.x,1,1,1,4,2,0,4,1,3,2,True,False,2,F#,x,,1,D#,3,A#,1,C,x,
Gb7,2.1.2.3.2.2,3,2,1,6,0,0,6,1,3,2,True,False,2,F#,1,A#,2,E,3,A#,2,C#,2,F#
Gb7,2.x.2.x.x.x,2,1,2,2,4,0,2,2,2,0,True,False,2,F#,x,,2,E,x,,x,,x,
Gb7,2.4.2.3.2.2,1,1,3,6,0,0,6,2,4,2,True,False,2,F#,4,C#,2,E,3,A#,2,C#,2,F#
Gb711#,2.x.2.3.1.x,1,1,1,4,2,0,4,1,3,2,True,False,2,F#,x,,2,E,3,A#,1,C,x,
Gb7M,2.4.3.3.2.2,11,2,1,6,0,0,6,2,4,2,True,False,2,F#,4,C#,3,F,3,A#,2,C#,2,F#
Gb7M,2.x.3.3.2.x,2,2,2,4,2,0,4,2,3,1,True,False,2,F#,x,,3,F,3,A#,2,C#,x,
Gb7M,6.x.4.6.6.x,2,1,3,4,2,0,4,4,6,2,True,False,6,A#,x,,4,F#,6,C#,6,F,x,
Gb7M,2.4.x.3.6.x,1,1,4,4,2,0,4,2,6,4,True,False,2,F#,4,C#,x,,3,A#,6,F,x,
Gb9,2.1.2.1.2.2,1,1,1,6,0,0,6,1,2,1,True,False,2,F#,1,A#,2,E,1,G#,2,C#,2,F#
Gbm6,2.x.1.2.2.x,1,1,1,4,2,0,4,1,2,1,True,False,2,F#,x,,1,D#,2,A,2,C#,x,
Gbm7,2.0.2.2.2.0,5,1,1,6,0,2,4,2,2,0,True,False,2,F#,0,A,2,E,2,A,2,C#,0,E
Gbm7,2.x.2.2.2.x,1,1,2,4,2,0,4,2,2,0,True,False,2,F#,x,,2,E,2,A,2,C#,x,
Gbm9,2.0.2.1.2.0,2,1,1,6,0,2,4,1,2,1,True,False,2,F#,0,A,2,E,1,G#,2,C#,0,E
Gbm9,2.4.2.2.2.4,1,1,2,6,0,0,6,2,4,2,True,False,2,F#,4,C#,2,E,2,A,2,C#,4,G#
Gbmadd11/5+,x.x.4.4.3.5,1,1,1,4,2,0,4,3,5,2,True,False,x,,x,,4,F#,4,B,3,D,5,A
Gbmaj7(13),2.x.3.3.4.x,1,1,1,4,2,0,4,2,4,2,True,False,2,F#,x,,3,F,3,A#,4,D#,x,
Gdim,3.4.5.3.5.3,21,6,1,6,0,0,6,3,5,2,True,False,3,G,4,C#,5,G,3,A#,5,E,3,G
Gdim,x.x.5.6.5.6,11,4,2,4,2,0,4,5,6,1,True,False,x,,x,,5,G,6,C#,5,E,6,A#
Gdim,6.x.5.6.5.x,9,1,3,4,2,0,4,5,6,1,True,False,6,A#,x,,5,G,6,C#,5,E,x,
Gdim,3.x.2.3.2.0,5,2,4,5,1,1,4,2,3,1,True,False,3,G,x,,2,E,3,A#,2,C#,0,E
Gdim,3.x.2.3.2.x,4,3,5,4,2,0,4,2,3,1,True,False,3,G,x,,2,E,3,A#,2,C#,x,
Gdim,3.1.2.0.2.0,3,3,6,6,0,2,4,1,3,2,True,False,3,G,1,A#,2,E,0,G,2,C#,0,E
Gdim,x.x.2.3.2.3,2,2,7,4,2,0,4,2,3,1,True,False,x,,x,,2,E,3,A#,2,C#,3,G
Gdim,6.x.5.6.5.0,2,1,8,5,1,1,4,5,6,1,True,False,6,A#,x,,5,G,6,C#,5,E,0,E
Gdim,x.10.11.12.11.0,2,1,9,5,1,1,4,10,12,2,True,True,x,,10,G,11,C#,12,G,11,A#,0,E
Gdim,3.4.5.3.2.0,2,1,10,6,0,1,5,2,5,3,True,False,3,G,4,C#,5,G,3,A#,2,C#,0,E
Gdim7,3.1.2.0.2.0,1,1,1,6,0,2,4,1,3,2,True,False,3,G,1,A#,2,E,0,G,2,C#,0,E
GIII,3.5.5.4.3.3,72,2,1,6,0,0,6,3,5,2,True,False,3,G,5,D,5,G,4,B,3,D,3,G
Gm,3.5.5.3.3.3,597,103,1,6,0,0,6,3,5,2,True,False,3,G,5,D,5,G,3,A#,3,D,3,G
Gm,3.1.0.0.3.3,392,18,2,6,0,2,4,1,3,2,True,False,3,G,1,A#,0,D,0,G,3,D,3,G
Gm,x.x.x.3.3.3,174,12,3,3,3,0,3,3,3,0,True,False,x,,x,,x,,3,A#,3,D,3,G
Gm,x.x.5.3.3.3,68,14,4,4,2,0,4,3,5,2,True,False,x,,x,,5,G,3,A#,3,D,3,G
Gm,x.x.12.12.11.10,48,2,5,4,2,0,4,10,12,2,True,False,x,,x,,12,D,12,G,11,A#,10,D
Gm,3.1.0.0.3.x,45,2,6,5,1,2,3,1,3,2,True,False,3,G,1,A#,0,D,0,G,3,D,x,
Gm,3.5.5.3.3.x,34,4,7,5,1,0,5,3,5,2,True,False,3,G,5,D,5,G,3,A#,3,D,x,
Gm,x.x.5.7.8.6,33,5,8,4,2,0,4,5,8,3,True,False,x,,x,,5,G,7,D,8,G,6,A#
Gm,3.5.5.3.3.6,28,1,9,6,0,0,6,3,6,3,True,False,3,G,5,D,5,G,3,A#,3,D,6,A#
Gm,3.1.0.0.x.x,21,3,10,4,2,2,2,1,3,2,True,False,3,G,1,A#,0,D,0,G,x,,x,
Gm,3.x.x.3.3.3,20,5,11,4,2,0,4,3,3,0,True,False,3,G,x,,x,,3,A#,3,D,3,G
Gm,x.5.5.3.x.x,19,4,12,3,3,0,3,3,5,2,True,False,x,,5,D,5,G,3,A#,x,,x,
Gm,x.x.0.3.3.3,16,4,13,4,2,1,3,3,3,0,True,False,x,,x,,0,D,3,A#,3,D,3,G
Gm,x.10.12.12.11.10,16,4,14,5,1,0,5,10,12,2,True,False,x,,10,G,12,D,12,G,11,A#,10,D
Gm,x.x.5.3.3.x,15,2,15,3,3,0,3,3,5,2,True,False,x,,x,,5,G,3,A#,3,D,x,
Gm,x.0.2.2.1.0,12,1,16,5,1,2,3,1,2,1,True,False,x,,0,A,2,E,2,A,1,C,0,E
Gm,x.x.5.3.3.6,9,1,17,4,2,0,4,3,6,3,True,False,x,,x,,5,G,3,A#,3,D,6,A#
Gm,3.1.0.3.3.3,8,2,18,6,0,1,5,1,3,2,True,False,3,G,1,A#,0,D,3,A#,3,D,3,G
Gm,6.5.5.3.3.3,8,1,19,6,0,0,6,3,6,3,True,False,6,A#,5,D,5,G,3,A#,3,D,3,G
Gm,x.10.12.12.11.x,7,1,20,4,2,0,4,10,12,2,True,False,x,,10,G,12,D,12,G,11,A#,x,
Gm,3.x.x.0.3.6,7,2,21,4,2,1,3,3,6,3,True,False,3,G,x,,x,,0,G,3,D,6,A#
Gm,x.1.0.0.x.x,6,1,22,3,3,2,1,1,1,0,True,False,x,,1,A#,0,D,0,G,x,,x,
Gm,3.x.0.3.3.3,6,2,23,5,1,1,4,3,3,0,True,False,3,G,x,,0,D,3,A#,3,D,3,G
Gm,x.1.0.0.3.x,5,1,24,4,2,2,2,1,3,2,True,False,x,,1,A#,0,D,0,G,3,D,x,
Gm,x.1.x.0.3.3,5,1,25,4,2,1,3,1,3,2,True,False,x,,1,A#,x,,0,G,3,D,3,G
Gm,3.x.5.3.3.3,5,3,26,5,1,0,5,3,5,2,True,False,3,G,x,,5,G,3,A#,3,D,3,G
Gm,6.8.8.6.6.6,5,1,27,6,0,0,6,6,8,2,True,False,6,A#,8,F,8,A#,6,C#,6,F,6,A#
Gm,3.x.x.3.x.3,4,1,28,3,3,0,3,3,3,0,True,False,3,G,x,,x,,3,A#,x,,3,G
Gm,x.1.x.x.3.3,4,1,29,3,3,0,3,1,3,2,True,False,x,,1,A#,x,,x,,3,D,3,G
Gm,3.5.5.3.x.x,4,3,30,4,2,0,4,3,5,2,True,False,3,G,5,D,5,G,3,A#,x,,x,
Gm,x.x.5.3.x.x,4,2,31,2,4,0,2,3,5,2,True,False,x,,x,,5,G,3,A#,x,,x,
Gm,x.x.x.7.8.6,4,2,32,3,3,0,3,6,8,2,True,False,x,,x,,x,,7,D,8,G,6,A#
Gm,x.0.2.2.1.x,3,1,33,4,2,1,3,1,2,1,True,False,x,,0,A,2,E,2,A,1,C,x,
Gm,x.x.8.7.8.x,3,1,34,3,3,0,3,7,8,1,True,False,x,,x,,8,A#,7,D,8,G,x,
Gm,3.5.5.x.x.x,3,1,35,3,3,0,3,3,5,2,True,False,3,G,5,D,5,G,x,,x,,x,
Gm,3.x.5.3.3.x,3,3,36,4,2,0,4,3,5,2,True,False,3,G,x,,5,G,3,A#,3,D,x,
Gm,x.x.5.0.3.3,3,1,37,4,2,1,3,3,5,2,True,False,x,,x,,5,G,0,G,3,D,3,G
Gm,x.5.5.7.8.6,3,2,38,5,1,0,5,5,8,3,True,False,x,,5,D,5,G,7,D,8,G,6,A#
Gm,3.x.x.3.x.x,2,2,39,2,4,0,2,3,3,0,True,False,3,G,x,,x,,3,A#,x,,x,
Gm,x.1.0.3.3.3,2,1,40,5,1,1,4,1,3,2,True,False,x,,1,A#,0,D,3,A#,3,D,3,G
Gm,x.1.x.3.3.3,2,1,41,4,2,0,4,1,3,2,True,False,x,,1,A#,x,,3,A#,3,D,3,G
Gm,x.5.5.3.3.3,2,1,42,5,1,0,5,3,5,2,True,False,x,,5,D,5,G,3,A#,3,D,3,G
Gm,15.17.17.15.15.15,2,2,43,6,0,0,6,15,17,2,True,False,15,G,17,D,17,G,15,A#,15,D,15,G
Gm,3.5.5.3.x.6,2,1,44,5,1,0,5,3,6,3,True,False,3,G,5,D,5,G,3,A#,x,,6,A#
Gm,3.x.0.3.3.6,2,1,45,5,1,1,4,3,6,3,True,False,3,G,x,,0,D,3,A#,3,D,6,A#
Gm,5.x.0.0.3.6,2,1,46,5,1,2,3,3,6,3,True,False,5,A,x,,0,D,0,G,3,D,6,A#
Gm,3.x.0.3.3.x,1,1,47,4,2,1,3,3,3,0,True,False,3,G,x,,0,D,3,A#,3,D,x,
Gm,3.x.x.3.3.x,1,1,48,3,3,0,3,3,3,0,True,False,3,G,x,,x,,3,A#,3,D,x,
Gm,3.x.x.x.3.x,1,1,49,2,4,0,2,3,3,0,True,False,3,G,x,,x,,x,,3,D,x,
Gm,x.x.x.12.11.x,1,1,50,2,4,0,2,11,12,1,True,False,x,,x,,x,,12,G,11,A#,x,
Gm,x.1.x.x.x.3,1,1,51,2,4,0,2,1,3,2,True,False,x,,1,A#,x,,x,,x,,3,G
Gm,x.2.0.2.3.1,1,1,52,5,1,1,4,1,3,2,True,False,x,,2,B,0,D,2,A,3,D,1,F
Gm,5.5.5.3.x.x,1,1,53,4,2,0,4,3,5,2,True,False,5,A,5,D,5,G,3,A#,x,,x,
Gm,6.x.x.x.8.6,1,1,54,3,3,0,3,6,8,2,True,False,6,A#,x,,x,,x,,8,G,6,A#
Gm,10.x.12.12.11.x,1,1,55,4,2,0,4,10,12,2,True,False,10,D,x,,12,D,12,G,11,A#,x,
Gm,3.x.x.7.x.6,1,1,56,3,3,0,3,3,7,4,True,False,3,G,x,,x,,7,D,x,,6,A#
Gm,6.x.5.7.3.x,1,1,57,4,2,0,4,3,7,4,True,False,6,A#,x,,5,G,7,D,3,D,x,
Gm / Bb,6.x.5.7.8.x,2,1,1,4,2,0,4,5,8,3,True,False,6,A#,x,,5,G,7,D,8,G,x,
Gm/5+,3.6.5.3.4.3,1,1,1,6,0,0,6,3,6,3,True,False,3,G,6,D#,5,G,3,A#,4,D#,3,G
Gm/5+,6.x.5.3.4.3,1,1,2,5,1,0,5,3,6,3,True,False,6,A#,x,,5,G,3,A#,4,D#,3,G
Gm/5-,x.4.5.3.x.x,2,1,1,3,3,0,3,3,5,2,True,False,x,,4,C#,5,G,3,A#,x,,x,
Gm/5-,x.x.x.3.2.3,1,1,2,3,3,0,3,2,3,1,True,False,x,,x,,x,,3,A#,2,C#,3,G
Gm/5-,x.x.5.3.2.x,1,1,3,3,3,0,3,2,5,3,True,False,x,,x,,5,G,3,A#,2,C#,x,
Gm/5-/D,x.x.0.6.8.6,1,1,1,4,2,1,3,6,8,2,True,True,x,,x,,0,D,6,C#,8,G,6,A#
Gm/B,x.2.x.3.x.3,2,1,1,3,3,0,3,2,3,1,True,False,x,,2,B,x,,3,A#,x,,3,G
Gm/Bb,x.5.0.7.7.7,8,1,1,5,1,1,4,5,7,2,True,False,x,,5,D,0,D,7,D,7,F#,7,B
Gm/Bb,x.1.0.0.3.x,2,1,2,4,2,2,2,1,3,2,True,False,x,,1,A#,0,D,0,G,3,D,x,
Gm/Bb,x.1.x.3.3.3,1,1,3,4,2,0,4,1,3,2,True,False,x,,1,A#,x,,3,A#,3,D,3,G
Gm/C,x.3.5.3.3.x,1,1,1,4,2,0,4,3,5,2,True,False,x,,3,C,5,G,3,A#,3,D,x,
Gm/D,x.x.0.3.3.3,8,5,1,4,2,1,3,3,3,0,True,False,x,,x,,0,D,3,A#,3,D,3,G
Gm/D,0.5.5.3.3.x,1,1,2,5,1,1,4,3,5,2,True,False,0,E,5,D,5,G,3,A#,3,D,x,
Gm/D,x.x.x.7.8.6,1,1,3,3,3,0,3,6,8,2,True,False,x,,x,,x,,7,D,8,G,6,A#
Gm/D#,x.x.1.3.3.3,7,3,1,4,2,0,4,1,3,2,True,False,x,,x,,1,D#,3,A#,3,D,3,G
Gm/D#,x.6.5.3.3.x,3,1,2,4,2,0,4,3,6,3,True,False,x,,6,D#,5,G,3,A#,3,D,x,
Gm/D#,x.6.8.7.8.x,1,1,3,4,2,0,4,6,8,2,True,False,x,,6,D#,8,A#,7,D,8,G,x,
Gm/E,x.x.2.3.3.3,6,3,1,4,2,0,4,2,3,1,True,False,x,,x,,2,E,3,A#,3,D,3,G
Gm/E,0.x.x.3.3.3,4,2,2,4,2,1,3,3,3,0,True,False,0,E,x,,x,,3,A#,3,D,3,G
Gm/E,0.5.5.3.3.3,2,1,3,6,0,1,5,3,5,2,True,False,0,E,5,D,5,G,3,A#,3,D,3,G
Gm/E,x.7.8.7.8.x,1,1,4,4,2,0,4,7,8,1,True,False,x,,7,E,8,A#,7,D,8,G,x,
Gm/F,x.x.3.3.3.3,6,1,1,4,2,0,4,3,3,0,True,False,x,,x,,3,F,3,A#,3,D,3,G
Gm/F,1.x.x.3.3.3,4,2,2,4,2,0,4,1,3,2,True,False,1,F,x,,x,,3,A#,3,D,3,G
Gm/F#,2.x.x.3.3.3,4,2,1,4,2,0,4,2,3,1,True,False,2,F#,x,,x,,3,A#,3,D,3,G
Gm11,3.0.0.3.1.1,5,1,1,6,0,2,4,1,3,2,True,False,3,G,0,A,0,D,3,A#,1,C,1,F
Gm11,3.x.3.3.1.x,1,1,2,4,2,0,4,1,3,2,True,False,3,G,x,,3,F,3,A#,1,C,x,
Gm2,x.x.7.3.3.3,1,1,1,4,2,0,4,3,7,4,True,False,x,,x,,7,A,3,A#,3,D,3,G
Gm6,3.1.0.0.3.0,238,6,1,6,0,3,3,1,3,2,True,False,3,G,1,A#,0,D,0,G,3,D,0,E
Gm6,3.5.5.3.5.3,108,1,2,6,0,0,6,3,5,2,True,False,3,G,5,D,5,G,3,A#,5,E,3,G
Gm6,3.x.0.3.3.0,36,9,3,5,1,2,3,3,3,0,True,False,3,G,x,,0,D,3,A#,3,D,0,E
Gm6,3.x.2.3.3.x,19,4,4,4,2,0,4,2,3,1,True,False,3,G,x,,2,E,3,A#,3,D,x,
Gm6,x.1.0.0.3.0,7,3,5,5,1,3,2,1,3,2,True,False,x,,1,A#,0,D,0,G,3,D,0,E
Gm6,3.x.0.3.5.3,4,2,6,5,1,1,4,3,5,2,True,False,3,G,x,,0,D,3,A#,5,E,3,G
Gm6,x.1.2.0.x.3,2,1,7,4,2,1,3,1,3,2,True,False,x,,1,A#,2,E,0,G,x,,3,G
Gm6,0.x.2.3.3.3,1,1,8,5,1,1,4,2,3,1,True,False,0,E,x,,2,E,3,A#,3,D,3,G
Gm6,3.1.2.3.3.0,1,1,9,6,0,1,5,1,3,2,True,False,3,G,1,A#,2,E,3,A#,3,D,0,E
Gm6,3.3.5.3.5.3,1,1,10,6,0,0,6,3,5,2,True,False,3,G,3,C,5,G,3,A#,5,E,3,G
Gm6,x.x.5.3.3.0,1,1,11,4,2,1,3,3,5,2,True,False,x,,x,,5,G,3,A#,3,D,0,E
Gm6,6.5.5.7.5.x,1,1,12,5,1,0,5,5,7,2,True,False,6,A#,5,D,5,G,7,D,5,E,x,
Gm6,x.10.8.9.8.x,1,1,13,4,2,0,4,8,10,2,True,False,x,,10,G,8,A#,9,E,8,G,x,
Gm6,10.0.12.0.11.0,1,1,14,6,0,3,3,10,12,2,True,True,10,D,0,A,12,D,0,G,11,A#,0,E
Gm6,5.x.8.7.5.x,1,1,15,4,2,0,4,5,8,3,True,False,5,A,x,,8,A#,7,D,5,E,x,
Gm6,x.10.x.9.8.6,1,1,16,4,2,0,4,6,10,4,True,False,x,,10,G,x,,9,E,8,G,6,A#
Gm6/5+,3.x.2.3.4.0,8,1,1,5,1,1,4,2,4,2,True,False,3,G,x,,2,E,3,A#,4,D#,0,E
Gm6/A,5.x.5.3.5.3,1,1,1,5,1,0,5,3,5,2,True,False,5,A,x,,5,G,3,A#,5,E,3,G
Gm6/A,x.0.x.9.8.6,1,1,2,4,2,1,3,6,9,3,True,True,x,,0,A,x,,9,E,8,G,6,A#
Gm6/Bb,x.1.x.0.3.0,11,2,1,4,2,2,2,1,3,2,True,False,x,,1,A#,x,,0,G,3,D,0,E
Gm6/Bb,x.1.0.3.3.0,8,1,2,5,1,2,3,1,3,2,True,False,x,,1,A#,0,D,3,A#,3,D,0,E
Gm7,3.5.3.3.3.3,121,21,1,6,0,0,6,3,5,2,True,False,3,G,5,D,3,F,3,A#,3,D,3,G
GM7,3.x.0.0.3.2,2,1,1,5,1,2,3,2,3,1,True,False,3,G,x,,0,D,0,G,3,D,2,F#
Gm7,3.1.0.0.3.1,50,8,2,6,0,2,4,1,3,2,True,False,3,G,1,A#,0,D,0,G,3,D,1,F
GM7,3.x.4.4.3.x,1,1,2,4,2,0,4,3,4,1,True,False,3,G,x,,4,F#,4,B,3,D,x,
Gm7,3.x.3.3.3.x,45,17,3,4,2,0,4,3,3,0,True,False,3,G,x,,3,F,3,A#,3,D,x,
Gm7,3.5.3.3.3.6,33,2,4,6,0,0,6,3,6,3,True,False,3,G,5,D,3,F,3,A#,3,D,6,A#
Gm7,x.x.3.3.x.x,18,1,5,2,4,0,2,3,3,0,True,False,x,,x,,3,F,3,A#,x,,x,
Gm7,3.x.3.3.3.3,16,6,6,5,1,0,5,3,3,0,True,False,3,G,x,,3,F,3,A#,3,D,3,G
Gm7,10.10.12.10.11.10,16,1,7,6,0,0,6,10,12,2,True,False,10,D,10,G,12,D,10,F,11,A#,10,D
Gm7,3.1.x.3.3.1,7,2,8,5,1,0,5,1,3,2,True,False,3,G,1,A#,x,,3,A#,3,D,1,F
Gm7,3.5.3.3.3.x,4,1,9,5,1,0,5,3,5,2,True,False,3,G,5,D,3,F,3,A#,3,D,x,
Gm7,3.5.3.3.x.x,4,1,10,4,2,0,4,3,5,2,True,False,3,G,5,D,3,F,3,A#,x,,x,
Gm7,3.x.0.3.3.1,3,2,11,5,1,1,4,1,3,2,True,False,3,G,x,,0,D,3,A#,3,D,1,F
Gm7,x.10.12.10.11.13,3,1,12,5,1,0,5,10,13,3,True,False,x,,10,G,12,D,10,F,11,A#,13,F
Gm7,3.x.3.3.x.x,2,2,13,3,3,0,3,3,3,0,True,False,3,G,x,,3,F,3,A#,x,,x,
Gm7,x.x.3.3.3.3,2,2,14,4,2,0,4,3,3,0,True,False,x,,x,,3,F,3,A#,3,D,3,G
Gm7,x.x.x.12.11.12,2,1,15,3,3,0,3,11,12,1,True,False,x,,x,,x,,12,G,11,A#,12,E
Gm7,x.10.8.10.8.x,2,1,16,4,2,0,4,8,10,2,True,False,x,,10,G,8,A#,10,F,8,G,x,
Gm7,x.x.0.0.x.2,1,1,17,3,3,2,1,2,2,0,True,False,x,,x,,0,D,0,G,x,,2,F#
Gm7,x.x.0.2.1.2,1,1,18,4,2,1,3,1,2,1,True,False,x,,x,,0,D,2,A,1,C,2,F#
Gm7,6.x.5.x.6.6,1,1,19,4,2,0,4,5,6,1,True,False,6,A#,x,,5,G,x,,6,F,6,A#
Gm7,x.10.x.10.11.10,1,1,20,4,2,0,4,10,11,1,True,False,x,,10,G,x,,10,F,11,A#,10,D
Gm7,3.1.3.0.x.x,1,1,21,4,2,1,3,1,3,2,True,False,3,G,1,A#,3,F,0,G,x,,x,
Gm7,x.10.8.10.8.10,1,1,22,5,1,0,5,8,10,2,True,False,x,,10,G,8,A#,10,F,8,G,10,D
Gm7,x.10.12.10.11.x,1,1,23,4,2,0,4,10,12,2,True,False,x,,10,G,12,D,10,F,11,A#,x,
Gm7,3.5.5.3.6.6,1,1,24,6,0,0,6,3,6,3,True,False,3,G,5,D,5,G,3,A#,6,F,6,A#
Gm7,3.5.5.3.6.x,1,1,25,5,1,0,5,3,6,3,True,False,3,G,5,D,5,G,3,A#,6,F,x,
Gm7(9),3.5.3.3.3.5,2,1,1,6,0,0,6,3,5,2,True,False,3,G,5,D,3,F,3,A#,3,D,5,A
Gm7/5-,3.x.3.3.2.x,3,1,1,4,2,0,4,2,3,1,True,False,3,G,x,,3,F,3,A#,2,C#,x,
Gm7/5-,x.10.x.10.11.9,1,1,2,4,2,0,4,9,11,2,True,False,x,,10,G,x,,10,F,11,A#,9,C#
Gm7/5-,x.x.9.10.11.9,1,1,3,4,2,0,4,9,11,2,True,False,x,,x,,9,B,10,F,11,A#,9,C#
Gm7/Bb,6.x.5.7.6.x,1,1,1,4,2,0,4,5,7,2,True,False,6,A#,x,,5,G,7,D,6,F,x,
Gm7/C,x.3.3.3.3.3,1,1,1,5,1,0,5,3,3,0,True,False,x,,3,C,3,F,3,A#,3,D,3,G
Gm7add11,3.x.3.3.1.x,6,1,1,4,2,0,4,1,3,2,True,False,3,G,x,,3,F,3,A#,1,C,x,
Gm7add11,3.3.3.3.3.3,1,1,2,6,0,0,6,3,3,0,True,False,3,G,3,C,3,F,3,A#,3,D,3,G
Gm7M,3.1.0.0.3.2,2,1,1,6,0,2,4,1,3,2,True,False,3,G,1,A#,0,D,0,G,3,D,2,F#
Gm7M,3.x.4.3.3.x,1,1,2,4,2,0,4,3,4,1,True,False,3,G,x,,4,F#,3,A#,3,D,x,
Gm7M,6.5.5.7.7.5,1,1,3,6,0,0,6,5,7,2,True,False,6,A#,5,D,5,G,7,D,7,F#,5,A
Gm7M/5-,6.x.5.6.7.x,2,1,1,4,2,0,4,5,7,2,True,False,6,A#,x,,5,G,6,C#,7,F#,x,
Gm7M/5-,x.1.x.0.2.2,1,1,2,4,2,1,3,1,2,1,True,False,x,,1,A#,x,,0,G,2,C#,2,F#
Gm7Madd13,3.5.4.3.5.x,1,1,1,5,1,0,5,3,5,2,True,False,3,G,5,D,4,F#,3,A#,5,E,x,
Gm9,3.5.3.3.3.5,5,1,1,6,0,0,6,3,5,2,True,False,3,G,5,D,3,F,3,A#,3,D,5,A
Gm9,3.x.3.3.3.5,1,1,2,5,1,0,5,3,5,2,True,False,3,G,x,,3,F,3,A#,3,D,5,A
Gm9,3.0.3.3.3.6,1,1,3,6,0,1,5,3,6,3,True,False,3,G,0,A,3,F,3,A#,3,D,6,A#
Gmadd13-,x.10.8.8.8.10,1,1,1,5,1,0,5,8,10,2,True,False,x,,10,G,8,A#,8,D#,8,G,10,D
Gmadd13-/5-,6.x.5.6.4.x,1,1,1,4,2,0,4,4,6,2,True,False,6,A#,x,,5,G,6,C#,4,D#,x,
Gmadd9,3.0.5.3.3.3,2,1,1,6,0,1,5,3,5,2,True,False,3,G,0,A,5,G,3,A#,3,D,3,G
Gmadd9,3.5.7.3.3.x,1,1,2,5,1,0,5,3,7,4,True,False,3,G,5,D,7,A,3,A#,3,D,x,
Gmadd9,3.5.7.3.x.x,1,1,3,4,2,0,4,3,7,4,True,False,3,G,5,D,7,A,3,A#,x,,x,
Gmaj7,x.x.0.0.0.2,9,3,1,4,2,3,1,2,2,0,True,False,x,,x,,0,D,0,G,0,B,2,F#
Gmaj7,3.x.4.4.3.x,6,2,2,4,2,0,4,3,4,1,True,False,3,G,x,,4,F#,4,B,3,D,x,
Gmaj7,3.2.0.0.0.2,4,2,3,6,0,3,3,2,3,1,True,False,3,G,2,B,0,D,0,G,0,B,2,F#
Gmaj7,3.x.0.0.0.2,3,1,4,5,1,3,2,2,3,1,True,False,3,G,x,,0,D,0,G,0,B,2,F#
Gmaj7,3.x.0.0.3.2,1,1,5,5,1,2,3,2,3,1,True,False,3,G,x,,0,D,0,G,3,D,2,F#
Gmaj7,3.x.4.0.3.3,1,1,6,5,1,1,4,3,4,1,True,False,3,G,x,,4,F#,0,G,3,D,3,G
Gmaj7,3.5.0.4.0.2,1,1,7,6,0,2,4,2,5,3,True,False,3,G,5,D,0,D,4,B,0,B,2,F#
Gmaj7,x.x.5.4.3.2,1,1,8,4,2,0,4,2,5,3,True,False,x,,x,,5,G,4,B,3,D,2,F#
Gmaj7 (on F#),x.x.4.4.3.3,3,1,1,4,2,0,4,3,4,1,True,False,x,,x,,4,F#,4,B,3,D,3,G
Gmaj7/A,x.0.x.0.3.2,12,1,1,4,2,2,2,2,3,1,True,False,x,,0,A,x,,0,G,3,D,2,F#
Gmaj7/C,x.3.x.0.3.2,1,1,1,4,2,1,3,2,3,1,True,False,x,,3,C,x,,0,G,3,D,2,F#
Gmaj9,x.0.5.4.8.5,2,2,1,5,1,1,4,4,8,4,True,False,x,,0,A,5,G,4,B,8,G,5,A
Gmaj9/G,3.x.2.4.3.x,1,1,1,4,2,0,4,2,4,2,True,False,3,G,x,,2,E,4,B,3,D,x,
Gmaj9b5,3.4.0.2.0.x,1,1,1,5,1,2,3,2,4,2,True,False,3,G,4,C#,0,D,2,A,0,B,x,
Gsus2,3.0.0.2.x.x,23,1,1,4,2,2,2,2,3,1,True,False,3,G,0,A,0,D,2,A,x,,x,
Gsus2,3.0.0.2.3.5,15,1,2,6,0,2,4,2,5,3,True,False,3,G,0,A,0,D,2,A,3,D,5,A
Gsus2,x.x.x.7.8.5,9,1,3,3,3,0,3,5,8,3,True,False,x,,x,,x,,7,D,8,G,5,A
Gsus2,3.x.0.2.3.x,8,1,4,4,2,1,3,2,3,1,True,False,3,G,x,,0,D,2,A,3,D,x,
Gsus2,3.x.0.2.x.x,4,2,5,3,3,1,2,2,3,1,True,False,3,G,x,,0,D,2,A,x,,x,
Gsus2,3.0.0.0.3.3,2,1,6,6,0,3,3,3,3,0,True,False,3,G,0,A,0,D,0,G,3,D,3,G
Gsus2,3.0.x.0.x.5,2,1,7,4,2,2,2,3,5,2,True,False,3,G,0,A,x,,0,G,x,,5,A
Gsus2,x.x.5.2.3.x,2,2,8,3,3,0,3,2,5,3,True,False,x,,x,,5,G,2,A,3,D,x,
Gsus2,x.x.5.2.x.x,2,2,9,2,4,0,2,2,5,3,True,False,x,,x,,5,G,2,A,x,,x,
Gsus2,x.x.x.x.8.5,2,1,10,2,4,0,2,5,8,3,True,False,x,,x,,x,,x,,8,G,5,A
Gsus2,3.0.0.0.x.x,1,1,11,4,2,3,1,3,3,0,True,False,3,G,0,A,0,D,0,G,x,,x,
Gsus2,3.x.x.2.3.x,1,1,12,3,3,0,3,2,3,1,True,False,3,G,x,,x,,2,A,3,D,x,
Gsus2,x.0.7.x.8.x,1,1,13,3,3,1,2,7,8,1,True,True,x,,0,A,7,A,x,,8,G,x,
Gsus2,3.x.5.x.3.5,1,1,14,4,2,0,4,3,5,2,True,False,3,G,x,,5,G,x,,3,D,5,A
Gsus2,3.x.x.x.x.5,1,1,15,2,4,0,2,3,5,2,True,False,3,G,x,,x,,x,,x,,5,A
Gsus2,5.x.x.x.3.5,1,1,16,3,3,0,3,3,5,2,True,False,5,A,x,,x,,x,,3,D,5,A
Gsus2,3.x.0.2.3.5,1,1,17,5,1,1,4,2,5,3,True,False,3,G,x,,0,D,2,A,3,D,5,A
Gsus2,x.0.0.7.8.10,1,1,18,5,1,2,3,7,10,3,True,True,x,,0,A,0,D,7,D,8,G,10,D
Gsus2/5+,3.x.x.x.4.5,1,1,1,3,3,0,3,3,5,2,True,False,3,G,x,,x,,x,,4,D#,5,A
Gsus2/5-,3.x.x.x.2.5,1,1,1,3,3,0,3,2,5,3,True,False,3,G,x,,x,,x,,2,C#,5,A
Gsus2/E,0.0.x.0.3.x,1,1,1,4,2,3,1,3,3,0,True,False,0,E,0,A,x,,0,G,3,D,x,
Gsus2/E,x.7.5.7.8.5,1,1,2,5,1,0,5,5,8,3,True,False,x,,7,E,5,G,7,D,8,G,5,A
Gsus2add11+,3.5.5.2.2.x,2,1,1,5,1,0,5,2,5,3,True,False,3,G,5,D,5,G,2,A,2,C#,x,
Gsus2add11+,5.0.0.2.2.x,1,1,2,5,1,2,3,2,5,3,True,False,5,A,0,A,0,D,2,A,2,C#,x,
Gsus2add13,3.0.7.0.3.0,9,1,1,6,0,3,3,3,7,4,True,False,3,G,0,A,7,A,0,G,3,D,0,E
Gsus4,3.3.0.0.1.3,27,4,1,6,0,2,4,1,3,2,True,False,3,G,3,C,0,D,0,G,1,C,3,G
Gsus4,x.x.x.0.1.3,27,1,2,3,3,1,2,1,3,2,True,False,x,,x,,x,,0,G,1,C,3,G
Gsus4,3.x.0.0.1.3,20,8,3,5,1,2,3,1,3,2,True,False,3,G,x,,0,D,0,G,1,C,3,G
Gsus4,3.3.5.5.3.3,19,4,4,6,0,0,6,3,5,2,True,False,3,G,3,C,5,G,5,C,3,D,3,G
Gsus4,3.5.x.5.3.3,18,2,5,5,1,0,5,3,5,2,True,False,3,G,5,D,x,,5,C,3,D,3,G
Gsus4,3.x.0.x.1.3,15,1,6,4,2,1,3,1,3,2,True,False,3,G,x,,0,D,x,,1,C,3,G
Gsus4,x.x.x.7.8.8,11,1,7,3,3,0,3,7,8,1,True,False,x,,x,,x,,7,D,8,G,8,C
Gsus4,3.x.0.0.1.x,11,5,8,4,2,2,2,1,3,2,True,False,3,G,x,,0,D,0,G,1,C,x,
Gsus4,3.x.0.x.1.x,7,1,9,3,3,1,2,1,3,2,True,False,3,G,x,,0,D,x,,1,C,x,
Gsus4,3.x.5.5.3.3,4,2,10,5,1,0,5,3,5,2,True,False,3,G,x,,5,G,5,C,3,D,3,G
Gsus4,3.3.0.0.x.x,3,2,11,4,2,2,2,3,3,0,True,False,3,G,3,C,0,D,0,G,x,,x,
Gsus4,3.2.0.0.1.3,3,1,12,6,0,2,4,1,3,2,True,False,3,G,2,B,0,D,0,G,1,C,3,G
Gsus4,3.2.x.x.1.3,3,1,13,4,2,0,4,1,3,2,True,False,3,G,2,B,x,,x,,1,C,3,G
Gsus4,x.x.5.5.3.x,3,3,14,3,3,0,3,3,5,2,True,False,x,,x,,5,G,5,C,3,D,x,
Gsus4,x.2.4.4.0.0,2,1,15,5,1,2,3,2,4,2,True,False,x,,2,B,4,F#,4,B,0,B,0,E
Gsus4,x.5.5.7.8.8,2,1,16,5,1,0,5,5,8,3,True,False,x,,5,D,5,G,7,D,8,G,8,C
Gsus4,x.x.x.0.1.x,1,1,17,2,4,1,1,1,1,0,True,False,x,,x,,x,,0,G,1,C,x,
Gsus4,x.x.0.0.1.3,1,1,18,4,2,2,2,1,3,2,True,False,x,,x,,0,D,0,G,1,C,3,G
Gsus4,3.x.5.5.3.x,1,1,19,4,2,0,4,3,5,2,True,False,3,G,x,,5,G,5,C,3,D,x,
Gsus4,x.x.5.5.3.3,1,1,20,4,2,0,4,3,5,2,True,False,x,,x,,5,G,5,C,3,D,3,G
Gsus4,x.x.5.7.8.8,1,1,21,4,2,0,4,5,8,3,True,False,x,,x,,5,G,7,D,8,G,8,C
Gsus4,x.10.10.7.x.x,1,1,22,3,3,0,3,7,10,3,True,False,x,,10,G,10,C,7,D,x,,x,
Gsus4/A,x.0.0.0.1.x,2,1,1,4,2,3,1,1,1,0,True,False,x,,0,A,0,D,0,G,1,C,x,
Gsus4/A,x.0.5.5.3.x,2,1,2,4,2,1,3,3,5,2,True,False,x,,0,A,5,G,5,C,3,D,x,
Gsus4/B,x.2.0.0.1.x,2,1,1,4,2,2,2,1,2,1,True,False,x,,2,B,0,D,0,G,1,C,x,
Gsus4add9,3.x.0.2.1.x,4,1,1,4,2,1,3,1,3,2,True,False,3,G,x,,0,D,2,A,1,C,x,
Gtype2,3.x.0.0.0.x,5,1,1,4,2,3,1,3,3,0,True,False,3,G,x,,0,D,0,G,0,B,x,
h,2.2.4.4.3.2,128,2,1,6,0,0,6,2,4,2,True,False,2,F#,2,B,4,F#,4,B,3,D,2,F#
H,2.2.4.4.4.2,88,2,1,6,0,0,6,2,4,2,True,False,2,F#,2,B,4,F#,4,B,4,D#,2,F#
H5,x.2.4.x.x.x,1,1,1,2,4,0,2,2,4,2,True,False,x,,2,B,4,F#,x,,x,,x,
H7,x.2.1.2.0.x,15,1,1,4,2,1,3,1,2,1,True,False,x,,2,B,1,D#,2,A,0,B,x,
H9,x.2.1.2.2.x,4,1,1,4,2,0,4,1,2,1,True,False,x,,2,B,1,D#,2,A,2,C#,x,
Hamoniques,x.x.12.12.12.12,2,1,1,4,2,0,4,12,12,0,True,False,x,,x,,12,D,12,G,12,B,12,E
Hm,2.2.4.4.3.2,2,1,1,6,0,0,6,2,4,2,True,False,2,F#,2,B,4,F#,4,B,3,D,2,F#
I,x.0.2.2.2.0,3,1,1,5,1,2,3,2,2,0,True,False,x,,0,A,2,E,2,A,2,C#,0,E
I,x.3.2.0.1.0,3,1,2,5,1,2,3,1,3,2,True,False,x,,3,C,2,E,0,G,1,C,0,E
Index,2.x.x.x.x.x,2,1,1,1,5,0,1,2,2,0,True,False,2,F#,x,,x,,x,,x,,x,
IV,1.0.3.2.1.1,5,1,1,6,0,1,5,1,3,2,True,False,1,F,0,A,3,F,2,A,1,C,1,F
IV,x.x.0.2.3.2,2,1,2,4,2,1,3,2,3,1,True,False,x,,x,,0,D,2,A,3,D,2,F#
LA,x.0.2.2.2.2,36,3,1,5,1,1,4,2,2,0,True,False,x,,0,A,2,E,2,A,2,C#,2,F#
La,x.0.x.x.x.x,2,1,1,1,5,1,0,0,0,0,True,False,x,,0,A,x,,x,,x,,x,
LA,x.0.2.2.2.x,10,1,2,4,2,1,3,2,2,0,True,False,x,,0,A,2,E,2,A,2,C#,x,
La,x.x.x.14.14.0,2,1,2,3,3,1,2,14,14,0,True,True,x,,x,,x,,14,A,14,C#,0,E
LA,x.0.2.2.2.5,4,3,3,5,1,1,4,2,5,3,True,False,x,,0,A,2,E,2,A,2,C#,5,A
La,x.x.x.6.5.0,2,1,3,3,3,1,2,5,6,1,True,False,x,,x,,x,,6,C#,5,E,0,E
LA,x.0.2.2.2.0,1,1,4,5,1,2,3,2,2,0,True,False,x,,0,A,2,E,2,A,2,C#,0,E
La,x.0.2.2.2.5,2,1,4,5,1,1,4,2,5,3,True,False,x,,0,A,2,E,2,A,2,C#,5,A
La,x.0.2.2.2.0,1,1,5,5,1,2,3,2,2,0,True,False,x,,0,A,2,E,2,A,2,C#,0,E
La/Sol,x.x.5.2.2.x,1,1,1,3,3,0,3,2,5,3,True,False,x,,x,,5,G,2,A,2,C#,x,
LA5+,x.0.3.2.2.2,2,1,1,5,1,1,4,2,3,1,True,False,x,,0,A,3,F,2,A,2,C#,2,F#
La5+/4,1.x.x.x.x.x,1,1,1,1,5,0,1,1,1,0,True,False,1,F,x,,x,,x,,x,,x,
LA6,x.0.4.2.2.2,2,1,1,5,1,1,4,2,4,2,True,False,x,,0,A,4,F#,2,A,2,C#,2,F#
La6/4,2.x.x.x.x.x,1,1,1,1,5,0,1,2,2,0,True,False,2,F#,x,,x,,x,,x,,x,
La7,3.x.x.x.x.x,1,1,1,1,5,0,1,3,3,0,True,False,3,G,x,,x,,x,,x,,x,
LA7,x.0.2.0.2.x,5,1,1,4,2,2,2,2,2,0,True,False,x,,0,A,2,E,0,G,2,C#,x,
La7,3.0.2.0.x.5,1,1,2,5,1,2,3,2,5,3,True,False,3,G,0,A,2,E,0,G,x,,5,A
LA7,x.0.2.0.2.0,2,1,2,5,1,3,2,2,2,0,True,False,x,,0,A,2,E,0,G,2,C#,0,E
LA7,x.0.2.2.2.3,2,1,3,5,1,1,4,2,3,1,True,False,x,,0,A,2,E,2,A,2,C#,3,G
LA7,x.0.5.2.2.2,2,1,4,5,1,1,4,2,5,3,True,False,x,,0,A,5,G,2,A,2,C#,2,F#
LA7,x.x.2.0.2.x,1,1,5,3,3,1,2,2,2,0,True,False,x,,x,,2,E,0,G,2,C#,x,
LA7,x.x.5.6.x.0,1,1,6,3,3,1,2,5,6,1,True,False,x,,x,,5,G,6,C#,x,,0,E
LA7,x.0.2.2.5.3,1,1,7,5,1,1,4,2,5,3,True,False,x,,0,A,2,E,2,A,5,E,3,G
LA7/9,x.x.2.0.0.x,1,1,1,3,3,2,1,2,2,0,True,False,x,,x,,2,E,0,G,0,B,x,
Labm,4.6.6.x.4.7,1,1,1,5,1,0,5,4,7,3,True,False,4,G#,6,D#,6,G#,x,,4,D#,7,B
Labmin/dim5,x.x.6.7.0.x,1,1,1,3,3,1,2,6,7,1,True,True,x,,x,,6,G#,7,D,0,B,x,
LAm,x.0.2.2.1.0,35,2,1,5,1,2,3,1,2,1,True,False,x,,0,A,2,E,2,A,1,C,0,E
Lam,x.0.2.2.1.x,4,1,1,4,2,1,3,1,2,1,True,False,x,,0,A,2,E,2,A,1,C,x,
LAm,x.0.2.2.1.x,12,2,2,4,2,1,3,1,2,1,True,False,x,,0,A,2,E,2,A,1,C,x,
Lam,x.0.x.x.x.x,1,1,2,1,5,1,0,0,0,0,True,False,x,,0,A,x,,x,,x,,x,
LAm,x.0.5.5.5.5,2,1,3,5,1,1,4,5,5,0,True,False,x,,0,A,5,G,5,C,5,E,5,A
Lam,x.3.2.2.x.x,1,1,3,3,3,0,3,2,3,1,True,False,x,,3,C,2,E,2,A,x,,x,
LAm,x.0.5.5.5.8,2,1,4,5,1,1,4,5,8,3,True,False,x,,0,A,5,G,5,C,5,E,8,C
LAm,x.0.x.x.1.x,1,1,5,2,4,1,1,1,1,0,True,False,x,,0,A,x,,x,,1,C,x,
LaM# jeff,1.1.3.3.3.1,24,1,1,6,0,0,6,1,3,2,True,False,1,F,1,A#,3,F,3,A#,3,D,1,F
Lam2,x.0.x.x.x.x,1,1,1,1,5,1,0,0,0,0,True,False,x,,0,A,x,,x,,x,,x,
Lam6dim5,x.3.1.x.x.1,1,1,1,3,3,0,3,1,3,2,True,False,x,,3,C,1,D#,x,,x,,1,F
Lam7,5.x.5.5.5.0,2,1,1,5,1,1,4,5,5,0,True,False,5,A,x,,5,G,5,C,5,E,0,E
LAm7,x.0.2.0.1.0,8,2,1,5,1,3,2,1,2,1,True,False,x,,0,A,2,E,0,G,1,C,0,E
LAsus4,x.0.2.2.3.2,6,2,1,5,1,1,4,2,3,1,True,False,x,,0,A,2,E,2,A,3,D,2,F#
LAsus4/13,x.0.4.2.3.2,2,1,1,5,1,1,4,2,4,2,True,False,x,,0,A,4,F#,2,A,3,D,2,F#
LAsus4/5+,x.0.3.2.3.2,5,1,1,5,1,1,4,2,3,1,True,False,x,,0,A,3,F,2,A,3,D,2,F#
Long A,0.0.2.2.2.5,18,2,1,6,0,2,4,2,5,3,True,False,0,E,0,A,2,E,2,A,2,C#,5,A
Long A,x.0.2.2.2.5,1,1,2,5,1,1,4,2,5,3,True,False,x,,0,A,2,E,2,A,2,C#,5,A
Long C,x.x.5.5.5.8,2,1,1,4,2,0,4,5,8,3,True,False,x,,x,,5,G,5,C,5,E,8,C
long D,x.x.0.2.3.5,3,1,1,4,2,1,3,2,5,3,True,False,x,,x,,0,D,2,A,3,D,5,A
Long D?,2.0.0.2.3.5,1,1,1,6,0,2,4,2,5,3,True,False,2,F#,0,A,0,D,2,A,3,D,5,A
majeur,2.x.x.x.x.x,2,1,1,1,5,0,1,2,2,0,True,False,2,F#,x,,x,,x,,x,,x,
Majeur,x.x.2.x.x.x,2,1,1,1,5,0,1,2,2,0,True,False,x,,x,,2,E,x,,x,,x,
MI,4.7.6.4.5.4,12,2,1,6,0,0,6,4,7,3,True,False,4,G#,7,E,6,G#,4,B,5,E,4,G#
Mi,x.x.x.13.0.0,12,1,1,3,3,2,1,13,13,0,True,True,x,,x,,x,,13,G#,0,B,0,E
MI,0.2.2.1.0.0,4,1,2,6,0,3,3,1,2,1,True,False,0,E,2,B,2,E,1,G#,0,B,0,E
Mi,x.x.x.4.0.4,6,1,2,3,3,1,2,4,4,0,True,False,x,,x,,x,,4,B,0,B,4,G#
Mi,0.2.2.1.0.0,5,1,3,6,0,3,3,1,2,1,True,False,0,E,2,B,2,E,1,G#,0,B,0,E
MI,0.2.2.1.x.0,1,1,3,5,1,2,3,1,2,1,True,False,0,E,2,B,2,E,1,G#,x,,0,E
Mi,x.2.2.1.0.0,2,1,4,5,1,2,3,1,2,1,True,False,x,,2,B,2,E,1,G#,0,B,0,E
MI,x.2.x.x.5.x,1,1,4,2,4,0,2,2,5,3,True,False,x,,2,B,x,,x,,5,E,x,
Mi,0.x.x.x.x.x,1,1,5,1,5,1,0,0,0,0,True,False,0,E,x,,x,,x,,x,,x,
Mi,4.x.x.x.x.x,1,1,6,1,5,0,1,4,4,0,True,False,4,G#,x,,x,,x,,x,,x,
Mi,4.2.2.x.x.x,1,1,7,3,3,0,3,2,4,2,True,False,4,G#,2,B,2,E,x,,x,,x,
Mi,0.2.2.1.x.4,1,1,8,5,1,1,4,1,4,3,True,False,0,E,2,B,2,E,1,G#,x,,4,G#
Mi,4.2.2.1.x.x,1,1,9,4,2,0,4,1,4,3,True,False,4,G#,2,B,2,E,1,G#,x,,x,
Mi4,0.2.2.2.x.0,1,1,1,5,1,2,3,2,2,0,True,False,0,E,2,B,2,E,2,A,x,,0,E
Mi5+,0.0.2.1.1.x,1,1,1,5,1,2,3,1,2,1,True,False,0,E,0,A,2,E,1,G#,1,C,x,
Mi6,0.2.2.1.2.0,2,1,1,6,0,2,4,1,2,1,True,False,0,E,2,B,2,E,1,G#,2,C#,0,E
MI7,0.2.0.1.0.0,12,1,1,6,0,4,2,1,2,1,True,False,0,E,2,B,0,D,1,G#,0,B,0,E
Mi7,0.x.x.x.x.x,1,1,1,1,5,1,0,0,0,0,True,False,0,E,x,,x,,x,,x,,x,
MI7,0.2.x.1.x.0,2,1,2,4,2,2,2,1,2,1,True,False,0,E,2,B,x,,1,G#,x,,0,E
Mi7,0.7.6.7.0.7,1,1,2,6,0,2,4,6,7,1,True,True,0,E,7,E,6,G#,7,D,0,B,7,B
MI7,0.x.2.x.3.0,2,2,3,4,2,2,2,2,3,1,True,False,0,E,x,,2,E,x,,3,D,0,E
MI7,0.2.2.1.3.0,1,1,4,6,0,2,4,1,3,2,True,False,0,E,2,B,2,E,1,G#,3,D,0,E
MI7,0.2.2.1.3.x,1,1,5,5,1,1,4,1,3,2,True,False,0,E,2,B,2,E,1,G#,3,D,x,
MI7,0.2.x.1.3.0,1,1,6,5,1,2,3,1,3,2,True,False,0,E,2,B,x,,1,G#,3,D,0,E
MI7/SI,x.2.0.1.0.x,12,1,1,4,2,2,2,1,2,1,True,False,x,,2,B,0,D,1,G#,0,B,x,
MI7M,0.2.2.1.4.x,1,1,1,5,1,1,4,1,4,3,True,False,0,E,2,B,2,E,1,G#,4,D#,x,
MI9,0.x.2.x.x.2,4,2,1,3,3,1,2,2,2,0,True,False,0,E,x,,2,E,x,,x,,2,F#
Mi9,x.7.6.7.7.0,2,1,1,5,1,1,4,6,7,1,True,True,x,,7,E,6,G#,7,D,7,F#,0,E
Mi9,4.2.2.4.5.x,1,1,2,5,1,0,5,2,5,3,True,False,4,G#,2,B,2,E,4,B,5,E,x,
MI9b,0.2.2.1.0.1,1,1,1,6,0,2,4,1,2,1,True,False,0,E,2,B,2,E,1,G#,0,B,1,F
MIm,0.2.2.0.0.0,23,5,1,6,0,4,2,2,2,0,True,False,0,E,2,B,2,E,0,G,0,B,0,E
Mim,x.2.2.0.0.0,4,1,1,5,1,3,2,2,2,0,True,False,x,,2,B,2,E,0,G,0,B,0,E
Mim,0.x.5.4.5.3,1,1,2,5,1,1,4,3,5,2,True,False,0,E,x,,5,G,4,B,5,E,3,G
MIm,x.2.2.0.0.0,4,1,2,5,1,3,2,2,2,0,True,False,x,,2,B,2,E,0,G,0,B,0,E
MIm,0.2.2.0.0.x,1,1,3,5,1,3,2,2,2,0,True,False,0,E,2,B,2,E,0,G,0,B,x,
MIm,0.x.x.0.0.3,1,1,4,4,2,3,1,3,3,0,True,False,0,E,x,,x,,0,G,0,B,3,G
Mim barré 7,7.7.9.9.8.7,56,2,1,6,0,0,6,7,9,2,True,False,7,B,7,E,9,B,9,E,8,G,7,B
Mim/RE,x.x.0.0.0.0,4,1,1,4,2,4,0,0,0,0,True,False,x,,x,,0,D,0,G,0,B,0,E
MIm7,0.2.2.0.3.x,9,1,1,5,1,2,3,2,3,1,True,False,0,E,2,B,2,E,0,G,3,D,x,
MIm7,0.2.2.0.3.0,2,1,2,6,0,3,3,2,3,1,True,False,0,E,2,B,2,E,0,G,3,D,0,E
MIm7,0.x.2.0.3.x,1,1,3,4,2,2,2,2,3,1,True,False,0,E,x,,2,E,0,G,3,D,x,
MImsus4,0.2.2.2.0.x,1,1,1,5,1,2,3,2,2,0,True,False,0,E,2,B,2,E,2,A,0,B,x,
MIsus4,0.x.2.2.x.0,2,2,1,4,2,2,2,2,2,0,True,False,0,E,x,,2,E,2,A,x,,0,E
N.C. (C#5),9.x.11.x.x.x,1,1,1,2,4,0,2,9,11,2,True,False,9,C#,x,,11,C#,x,,x,,x,
NR Gmaj7,x.x.12.11.12.10,1,1,1,4,2,0,4,10,12,2,True,False,x,,x,,12,D,11,F#,12,B,10,D
oops almost a Dim,x.10.10.8.0.7,1,1,1,5,1,1,4,7,10,3,True,True,x,,10,G,10,C,8,D#,0,B,7,B
open,0.0.0.x.x.x,25,3,1,3,3,3,0,0,0,0,True,False,0,E,0,A,0,D,x,,x,,x,
p--321,4.0.0.6.5.4,2,2,1,6,0,2,4,4,6,2,True,False,4,G#,0,A,0,D,6,C#,5,E,4,G#
Pouce,3.x.5.0.3.0,1,1,1,5,1,2,3,3,5,2,True,False,3,G,x,,5,G,0,G,3,D,0,E
RE,x.x.0.2.3.2,33,6,1,4,2,1,3,2,3,1,True,False,x,,x,,0,D,2,A,3,D,2,F#
RE,2.5.4.2.3.2,4,2,2,6,0,0,6,2,5,3,True,False,2,F#,5,D,4,F#,2,A,3,D,2,F#
RE#7M,x.x.1.0.3.3,2,1,1,4,2,1,3,1,3,2,True,False,x,,x,,1,D#,0,G,3,D,3,G
RE/FA#,2.x.0.2.3.x,14,3,1,4,2,1,3,2,3,1,True,False,2,F#,x,,0,D,2,A,3,D,x,
RE/FA#,2.0.0.2.3.2,3,1,2,6,0,2,4,2,3,1,True,False,2,F#,0,A,0,D,2,A,3,D,2,F#
RE/FA#,2.x.0.2.3.2,1,1,3,5,1,1,4,2,3,1,True,False,2,F#,x,,0,D,2,A,3,D,2,F#
RE/LA,x.0.0.2.3.2,1,1,1,5,1,2,3,2,3,1,True,False,x,,0,A,0,D,2,A,3,D,2,F#
RE6/FA#,2.x.0.2.0.x,1,1,1,4,2,2,2,2,2,0,True,False,2,F#,x,,0,D,2,A,0,B,x,
RE7,x.x.0.2.1.2,12,4,1,4,2,1,3,1,2,1,True,False,x,,x,,0,D,2,A,1,C,2,F#
RE7/9/FA#,2.x.0.2.1.0,1,1,1,5,1,2,3,1,2,1,True,False,2,F#,x,,0,D,2,A,1,C,0,E
RE7/FA#,2.x.0.2.1.x,1,1,1,4,2,1,3,1,2,1,True,False,2,F#,x,,0,D,2,A,1,C,x,
RE7add11+,x.x.0.2.1.4,1,1,1,4,2,1,3,1,4,3,True,False,x,,x,,0,D,2,A,1,C,4,G#
RE7sus4,x.x.0.2.1.3,5,1,1,4,2,1,3,1,3,2,True,False,x,,x,,0,D,2,A,1,C,3,G
RE9,5.5.7.7.5.5,4,2,1,6,0,0,6,5,7,2,True,False,5,A,5,D,7,A,7,D,5,E,5,A
Rem,0.x.3.2.3.x,1,1,1,4,2,1,3,2,3,1,True,False,0,E,x,,3,F,2,A,3,D,x,
REm,x.x.0.2.3.1,6,1,1,4,2,1,3,1,3,2,True,False,x,,x,,0,D,2,A,3,D,1,F
REm9,x.x.0.2.3.0,2,1,1,4,2,2,2,2,3,1,True,False,x,,x,,0,D,2,A,3,D,0,E
Ré,x.x.x.2.3.2,2,1,1,3,3,0,3,2,3,1,True,False,x,,x,,x,,2,A,3,D,2,F#
Ré,5.2.4.2.3.x,1,1,2,5,1,0,5,2,5,3,True,False,5,A,2,B,4,F#,2,A,3,D,x,
Ré,x.x.4.2.3.5,1,1,3,4,2,0,4,2,5,3,True,False,x,,x,,4,F#,2,A,3,D,5,A
Ré barré,5.5.7.7.7.5,50,2,1,6,0,0,6,5,7,2,True,False,5,A,5,D,7,A,7,D,7,F#,5,A
Ré barré 5,5.5.7.7.7.5,2,2,1,6,0,0,6,5,7,2,True,False,5,A,5,D,7,A,7,D,7,F#,5,A
Ré Jeff,5.5.7.7.0.0,4,1,1,6,0,2,4,5,7,2,True,False,5,A,5,D,7,A,7,D,0,B,0,E
Ré7,2.x.0.2.1.0,3,1,1,5,1,2,3,1,2,1,True,False,2,F#,x,,0,D,2,A,1,C,0,E
Ré7,2.x.x.2.1.x,1,1,2,3,3,0,3,1,2,1,True,False,2,F#,x,,x,,2,A,1,C,x,
Ré9,5.x.4.5.5.0,1,1,1,5,1,1,4,4,5,1,True,False,5,A,x,,4,F#,5,C,5,E,0,E
Rém      B 5,x.5.x.x.x.x,1,1,1,1,5,0,1,5,5,0,True,False,x,,5,D,x,,x,,x,,x,
Saturation,x.4.2.x.x.x,1,1,1,2,4,0,2,2,4,2,True,False,x,,4,C#,2,E,x,,x,,x,
Si,x.x.x.11.0.11,4,1,1,3,3,1,2,11,11,0,True,True,x,,x,,x,,11,F#,0,B,11,D#
SI7,x.2.1.2.0.2,14,4,1,5,1,1,4,1,2,1,True,False,x,,2,B,1,D#,2,A,0,B,2,F#
Si7,x.x.x.2.0.2,2,1,1,3,3,1,2,2,2,0,True,False,x,,x,,x,,2,A,0,B,2,F#
SI7,x.2.1.2.0.x,9,2,2,4,2,1,3,1,2,1,True,False,x,,2,B,1,D#,2,A,0,B,x,
Si7,x.x.x.14.0.0,2,1,2,3,3,2,1,14,14,0,True,True,x,,x,,x,,14,A,0,B,0,E
Si7,x.2.1.2.0.2,2,1,3,5,1,1,4,1,2,1,True,False,x,,2,B,1,D#,2,A,0,B,2,F#
SI7,x.2.1.2.x.x,4,1,3,3,3,0,3,1,2,1,True,False,x,,2,B,1,D#,2,A,x,,x,
SI7,2.2.4.2.4.2,3,2,4,6,0,0,6,2,4,2,True,False,2,F#,2,B,4,F#,2,A,4,D#,2,F#
Si7,x.x.x.8.7.5,2,1,4,3,3,0,3,5,8,3,True,False,x,,x,,x,,8,D#,7,F#,5,A
Si7,2.2.4.2.4.x,1,1,5,5,1,0,5,2,4,2,True,False,2,F#,2,B,4,F#,2,A,4,D#,x,
SI7,x.2.4.2.4.2,2,1,5,5,1,0,5,2,4,2,True,False,x,,2,B,4,F#,2,A,4,D#,2,F#
SI7,2.x.1.2.3.x,1,1,6,4,2,0,4,1,3,2,True,False,2,F#,x,,1,D#,2,A,3,D,x,
Si7+4,2.2.4.2.5.x,1,1,1,5,1,0,5,2,5,3,True,False,2,F#,2,B,4,F#,2,A,5,E,x,
SI7/FA#,2.x.1.2.x.x,1,1,1,3,3,0,3,1,2,1,True,False,2,F#,x,,1,D#,2,A,x,,x,
SI7sus4,2.2.4.2.5.2,1,1,1,6,0,0,6,2,5,3,True,False,2,F#,2,B,4,F#,2,A,5,E,2,F#
SI7sus4/FA#,2.x.2.2.0.x,8,1,1,4,2,1,3,2,2,0,True,False,2,F#,x,,2,E,2,A,0,B,x,
Sib,1.5.3.x.x.x,1,1,1,3,3,0,3,1,5,4,True,False,1,F,5,D,3,F,x,,x,,x,
SIb,x.1.3.3.3.x,2,1,1,4,2,0,4,1,3,2,True,False,x,,1,A#,3,F,3,A#,3,D,x,
Sib7M,x.1.x.x.x.x,1,1,1,1,5,0,1,1,1,0,True,False,x,,1,A#,x,,x,,x,,x,
SIm,2.2.4.4.3.2,25,3,1,6,0,0,6,2,4,2,True,False,2,F#,2,B,4,F#,4,B,3,D,2,F#
Sim,x.2.4.4.3.2,2,1,1,5,1,0,5,2,4,2,True,False,x,,2,B,4,F#,4,B,3,D,2,F#
SIm,x.2.x.x.3.2,2,2,2,3,3,0,3,2,3,1,True,False,x,,2,B,x,,x,,3,D,2,F#
SIm7,2.2.4.2.3.2,11,3,1,6,0,0,6,2,4,2,True,False,2,F#,2,B,4,F#,2,A,3,D,2,F#
Sim7,2.x.4.2.3.x,2,1,1,4,2,0,4,2,4,2,True,False,2,F#,x,,4,F#,2,A,3,D,x,
Sim7,x.2.0.2.0.x,1,1,2,4,2,2,2,2,2,0,True,False,x,,2,B,0,D,2,A,0,B,x,
SIm7,x.2.4.2.3.x,1,1,2,4,2,0,4,2,4,2,True,False,x,,2,B,4,F#,2,A,3,D,x,
Sim7,2.2.4.2.3.x,1,1,3,5,1,0,5,2,4,2,True,False,2,F#,2,B,4,F#,2,A,3,D,x,
Sim7,2.2.4.x.3.x,1,1,4,4,2,0,4,2,4,2,True,False,2,F#,2,B,4,F#,x,,3,D,x,
Sim7/5-,x.2.x.x.x.x,3,1,1,1,5,0,1,2,2,0,True,False,x,,2,B,x,,x,,x,,x,
Sim7add11,x.2.0.2.0.0,3,1,1,5,1,3,2,2,2,0,True,False,x,,2,B,0,D,2,A,0,B,0,E
Sim7add11,7.x.7.7.7.0,2,1,2,5,1,1,4,7,7,0,True,True,7,B,x,,7,A,7,D,7,F#,0,E
SIm9,2.2.4.4.2.2,20,2,1,6,0,0,6,2,4,2,True,False,2,F#,2,B,4,F#,4,B,2,C#,2,F#
slide 10 > 12,x.x.12.x.x.x,1,1,1,1,5,0,1,12,12,0,True,False,x,,x,,12,D,x,,x,,x,
Slide 3 vers 5 avec,x.3.2.0.3.0,1,1,1,5,1,2,3,2,3,1,True,False,x,,3,C,2,E,0,G,3,D,0,E
slide 4 -> 6,x.x.6.x.x.x,1,1,1,1,5,0,1,6,6,0,True,False,x,,x,,6,G#,x,,x,,x,
Sol,3.2.0.0.0.3,13,1,1,6,0,3,3,2,3,1,True,False,3,G,2,B,0,D,0,G,0,B,3,G
SOL,3.2.0.0.0.3,51,4,1,6,0,3,3,2,3,1,True,False,3,G,2,B,0,D,0,G,0,B,3,G
SOL,3.x.0.0.3.x,13,3,2,4,2,2,2,3,3,0,True,False,3,G,x,,0,D,0,G,3,D,x,
Sol,3.x.x.x.3.x,2,1,2,2,4,0,2,3,3,0,True,False,3,G,x,,x,,x,,3,D,x,
SOL,3.x.x.0.0.3,12,2,3,4,2,2,2,3,3,0,True,False,3,G,x,,x,,0,G,0,B,3,G
Sol,3.x.x.x.x.3,2,1,3,2,4,0,2,3,3,0,True,False,3,G,x,,x,,x,,x,,3,G
SOL,3.5.5.4.3.3,12,1,4,6,0,0,6,3,5,2,True,False,3,G,5,D,5,G,4,B,3,D,3,G
Sol,x.x.9.7.8.7,2,1,4,4,2,0,4,7,9,2,True,False,x,,x,,9,B,7,D,8,G,7,B
SOL,3.x.x.0.3.3,11,1,5,4,2,1,3,3,3,0,True,False,3,G,x,,x,,0,G,3,D,3,G
Sol,3.x.x.0.x.x,1,1,5,2,4,1,1,3,3,0,True,False,3,G,x,,x,,0,G,x,,x,
Sol,3.5.5.4.3.3,1,1,6,6,0,0,6,3,5,2,True,False,3,G,5,D,5,G,4,B,3,D,3,G
SOL,3.x.0.0.0.3,7,2,6,5,1,3,2,3,3,0,True,False,3,G,x,,0,D,0,G,0,B,3,G
SOL,3.x.x.0.x.3,6,1,7,3,3,1,2,3,3,0,True,False,3,G,x,,x,,0,G,x,,3,G
SOL,3.x.x.x.x.x,4,1,8,1,5,0,1,3,3,0,True,False,3,G,x,,x,,x,,x,,x,
SOL,3.x.0.0.0.x,3,2,9,4,2,3,1,3,3,0,True,False,3,G,x,,0,D,0,G,0,B,x,
SOL,3.x.0.0.x.3,3,1,10,4,2,2,2,3,3,0,True,False,3,G,x,,0,D,0,G,x,,3,G
SOL,3.x.x.0.3.x,2,1,11,3,3,1,2,3,3,0,True,False,3,G,x,,x,,0,G,3,D,x,
SOL,3.3.5.4.3.3,2,2,12,6,0,0,6,3,5,2,True,False,3,G,3,C,5,G,4,B,3,D,3,G
SOL,3.x.0.0.x.x,1,1,13,3,3,2,1,3,3,0,True,False,3,G,x,,0,D,0,G,x,,x,
SOL,3.x.0.x.0.x,1,1,14,3,3,2,1,3,3,0,True,False,3,G,x,,0,D,x,,0,B,x,
SOL,3.x.x.0.0.x,1,1,15,3,3,2,1,3,3,0,True,False,3,G,x,,x,,0,G,0,B,x,
SOL,3.x.x.x.x.3,1,1,16,2,4,0,2,3,3,0,True,False,3,G,x,,x,,x,,x,,3,G
SOL/SI,x.2.x.x.3.x,1,1,1,2,4,0,2,2,3,1,True,False,x,,2,B,x,,x,,3,D,x,
SOL11+,3.3.5.6.3.3,2,2,1,6,0,0,6,3,6,3,True,False,3,G,3,C,5,G,6,C#,3,D,3,G
SOL6,3.3.5.4.5.3,2,2,1,6,0,0,6,3,5,2,True,False,3,G,3,C,5,G,4,B,5,E,3,G
Sol7,3.2.0.0.0.1,9,1,1,6,0,3,3,1,3,2,True,False,3,G,2,B,0,D,0,G,0,B,1,F
SOL7,3.x.0.x.x.1,1,1,1,3,3,1,2,1,3,2,True,False,3,G,x,,0,D,x,,x,,1,F
SOL7,3.5.3.4.6.3,1,1,2,6,0,0,6,3,6,3,True,False,3,G,5,D,3,F,4,B,6,F,3,G
Sol7,3.x.x.x.3.1,2,1,2,3,3,0,3,1,3,2,True,False,3,G,x,,x,,x,,3,D,1,F
Sol7,3.2.3.0.x.x,1,1,3,4,2,1,3,2,3,1,True,False,3,G,2,B,3,F,0,G,x,,x,
Sol7,3.2.x.x.x.1,1,1,4,3,3,0,3,1,3,2,True,False,3,G,2,B,x,,x,,x,,1,F
Sol7,3.5.3.0.x.x,1,1,5,4,2,1,3,3,5,2,True,False,3,G,5,D,3,F,0,G,x,,x,
SOL7M,3.x.x.0.3.2,4,1,1,4,2,1,3,2,3,1,True,False,3,G,x,,x,,0,G,3,D,2,F#
SOL7M,3.x.x.x.3.2,3,1,2,3,3,0,3,2,3,1,True,False,3,G,x,,x,,x,,3,D,2,F#
SOL9,3.x.0.2.0.x,4,1,1,4,2,2,2,2,3,1,True,False,3,G,x,,0,D,2,A,0,B,x,
SOL9,3.x.0.2.x.x,1,1,2,3,3,1,2,2,3,1,True,False,3,G,x,,0,D,2,A,x,,x,
SOL9/11,3.x.x.2.1.3,6,1,1,4,2,0,4,1,3,2,True,False,3,G,x,,x,,2,A,1,C,3,G
Solm7,3.x.3.3.3.0,1,1,1,5,1,1,4,3,3,0,True,False,3,G,x,,3,F,3,A#,3,D,0,E
t - - - - -,0.2.2.1.0.0,36,3,1,6,0,3,3,1,2,1,True,False,0,E,2,B,2,E,1,G#,0,B,0,E
t - - - - -,5.7.7.6.5.5,24,3,2,6,0,0,6,5,7,2,True,False,5,A,7,E,7,A,6,C#,5,E,5,A
t - - - - -,3.x.x.0.x.x,18,3,3,2,4,1,1,3,3,0,True,False,3,G,x,,x,,0,G,x,,x,
t - - - - -,7.x.7.7.7.7,18,3,4,5,1,0,5,7,7,0,True,False,7,B,x,,7,A,7,D,7,F#,7,B
t - - - - -,0.x.9.x.0.x,18,3,5,3,3,2,1,9,9,0,True,True,0,E,x,,9,B,x,,0,B,x,
t - - - - -,7.x.9.7.7.7,18,3,6,5,1,0,5,7,9,2,True,False,7,B,x,,9,B,7,D,7,F#,7,B
t - - - - -,3.x.2.0.3.x,12,3,7,4,2,1,3,2,3,1,True,False,3,G,x,,2,E,0,G,3,D,x,
t - - - - -,8.x.7.0.8.x,12,3,8,4,2,1,3,7,8,1,True,True,8,C,x,,7,A,0,G,8,G,x,
t - - - - -,4.x.6.4.4.4,12,3,9,5,1,0,5,4,6,2,True,False,4,G#,x,,6,G#,4,B,4,D#,4,G#
t - - - - -,3.x.x.x.x.x,9,3,10,1,5,0,1,3,3,0,True,False,3,G,x,,x,,x,,x,,x,
t - - - - -,x.x.6.x.0.x,9,3,11,2,4,1,1,6,6,0,True,True,x,,x,,6,G#,x,,0,B,x,
t - - - - -,10.10.10.10.10.10,9,3,12,6,0,0,6,10,10,0,True,False,10,D,10,G,10,C,10,F,10,A,10,D
t - - - - -,6.x.5.x.6.x,9,3,13,3,3,0,3,5,6,1,True,False,6,A#,x,,5,G,x,,6,F,x,
t - - - - -,3.5.3.4.3.3,9,3,14,6,0,0,6,3,5,2,True,False,3,G,5,D,3,F,4,B,3,D,3,G
t - - - - -,10.10.12.10.10.10,9,3,15,6,0,0,6,10,12,2,True,False,10,D,10,G,12,D,10,F,10,A,10,D
t - - - - -,4.x.4.4.4.4,6,3,16,5,1,0,5,4,4,0,True,False,4,G#,x,,4,F#,4,B,4,D#,4,G#
t - - - - -,0.4.5.3.5.0,6,1,17,6,0,2,4,3,5,2,True,False,0,E,4,C#,5,G,3,A#,5,E,0,E
t - - - - -,0.4.4.2.5.x,6,1,18,5,1,1,4,2,5,3,True,False,0,E,4,C#,4,F#,2,A,5,E,x,
t - - - - -,0.x.x.x.x.x,3,1,19,1,5,1,0,0,0,0,True,False,0,E,x,,x,,x,,x,,x,
t - - - - -,0.0.0.2.2.0,3,1,20,6,0,4,2,2,2,0,True,False,0,E,0,A,0,D,2,A,2,C#,0,E
t - - - - -,2.0.0.2.2.0,3,1,21,6,0,3,3,2,2,0,True,False,2,F#,0,A,0,D,2,A,2,C#,0,E
t - - - - -,2.2.2.2.2.2,3,1,22,6,0,0,6,2,2,0,True,False,2,F#,2,B,2,E,2,A,2,C#,2,F#
t - - - - -,2.x.x.2.2.x,3,1,23,3,3,0,3,2,2,0,True,False,2,F#,x,,x,,2,A,2,C#,x,
t - - - - -,0.1.0.1.2.2,3,3,24,6,0,2,4,1,2,1,True,False,0,E,1,A#,0,D,1,G#,2,C#,2,F#
t - - - - -,1.x.x.2.x.x,3,3,25,2,4,0,2,1,2,1,True,False,1,F,x,,x,,2,A,x,,x,
t - - - - -,7.7.7.8.8.7,3,1,26,6,0,0,6,7,8,1,True,False,7,B,7,E,7,A,8,D#,8,G,7,B
t - - - - -,1.x.0.2.3.0,2,1,27,5,1,2,3,1,3,2,True,False,1,F,x,,0,D,2,A,3,D,0,E
t - - - - -,0.5.7.7.7.7,2,1,28,6,0,1,5,5,7,2,True,False,0,E,5,D,7,A,7,D,7,F#,7,B
t - - - - -,0.12.12.11.10.10,2,1,29,6,0,1,5,10,12,2,True,True,0,E,12,A,12,D,11,F#,10,A,10,D
t - - - - -,7.9.7.9.10.7,2,1,30,6,0,0,6,7,10,3,True,False,7,B,9,F#,7,A,9,E,10,A,7,B
t - - - - -,12.x.x.x.x.x,1,1,31,1,5,0,1,12,12,0,True,False,12,E,x,,x,,x,,x,,x,
t - - - - -,2.x.0.2.3.x,1,1,32,4,2,1,3,2,3,1,True,False,2,F#,x,,0,D,2,A,3,D,x,
t - - - - -,2.x.x.3.2.3,1,1,33,4,2,0,4,2,3,1,True,False,2,F#,x,,x,,3,A#,2,C#,3,G
t - - - - -,0.7.6.7.0.0,1,1,34,6,0,3,3,6,7,1,True,True,0,E,7,E,6,G#,7,D,0,B,0,E
t - - - - -,0.x.9.10.9.10,1,1,35,5,1,1,4,9,10,1,True,True,0,E,x,,9,B,10,F,9,G#,10,D
t - - - - -,1.2.x.2.3.x,1,1,36,4,2,0,4,1,3,2,True,False,1,F,2,B,x,,2,A,3,D,x,
t - - - - -,1.x.0.2.3.x,1,1,37,4,2,1,3,1,3,2,True,False,1,F,x,,0,D,2,A,3,D,x,
t - - - - -,4.2.2.4.4.2,1,1,38,6,0,0,6,2,4,2,True,False,4,G#,2,B,2,E,4,B,4,D#,2,F#
t - - - - -,0.3.4.2.5.0,1,1,39,6,0,2,4,2,5,3,True,False,0,E,3,C,4,F#,2,A,5,E,0,E
t - - - - -,4.x.2.4.5.0,1,1,40,5,1,1,4,2,5,3,True,False,4,G#,x,,2,E,4,B,5,E,0,E
t - - - - -,6.x.5.7.8.x,1,1,41,4,2,0,4,5,8,3,True,False,6,A#,x,,5,G,7,D,8,G,x,
t - - - - -,0.7.6.7.9.9,1,1,42,6,0,1,5,6,9,3,True,True,0,E,7,E,6,G#,7,D,9,G#,9,C#
t - - - - -,9.x.8.10.11.0,1,1,43,5,1,1,4,8,11,3,True,True,9,C#,x,,8,A#,10,F,11,A#,0,E
t - - - - 3,3.x.x.x.3.0,1,1,1,3,3,1,2,3,3,0,True,False,3,G,x,,x,,x,,3,D,0,E
t - - - - 3,3.x.4.0.3.0,1,1,2,5,1,2,3,3,4,1,True,False,3,G,x,,4,F#,0,G,3,D,0,E
t - - - - 3,3.5.3.3.3.5,1,1,3,6,0,0,6,3,5,2,True,False,3,G,5,D,3,F,3,A#,3,D,5,A
t - - - - 3,7.9.7.7.7.9,1,1,4,6,0,0,6,7,9,2,True,False,7,B,9,F#,7,A,7,D,7,F#,9,C#
t - - - -3,7.x.7.7.7.10,2,1,1,5,1,0,5,7,10,3,True,False,7,B,x,,7,A,7,D,7,F#,10,D
t - - - -3,0.x.x.x.x.2,1,1,2,2,4,1,1,2,2,0,True,False,0,E,x,,x,,x,,x,,2,F#
t - - - -3,3.x.x.0.0.3,1,1,3,4,2,2,2,3,3,0,True,False,3,G,x,,x,,0,G,0,B,3,G
t - - - -3,2.x.x.x.x.3,1,1,4,2,4,0,2,2,3,1,True,False,2,F#,x,,x,,x,,x,,3,G
t - - - -3,9.9.9.10.9.10,1,1,5,6,0,0,6,9,10,1,True,False,9,C#,9,F#,9,B,10,F,9,G#,10,D
t - - - -3,6.x.6.7.5.0,1,1,6,5,1,1,4,5,7,2,True,False,6,A#,x,,6,G#,7,D,5,E,0,E
t - - - -3,10.10.10.11.10.12,1,1,7,6,0,0,6,10,12,2,True,False,10,D,10,G,10,C,11,F#,10,A,12,E
t - - - -3,0.x.9.10.10.12,1,1,8,5,1,1,4,9,12,3,True,True,0,E,x,,9,B,10,F,10,A,12,E
t - - - -3,3.x.x.4.5.7,1,1,9,4,2,0,4,3,7,4,True,False,3,G,x,,x,,4,B,5,E,7,B
t - - - 2 -,7.x.5.7.8.x,1,1,1,4,2,0,4,5,8,3,True,False,7,B,x,,5,G,7,D,8,G,x,
t - - - 2-,0.2.2.1.3.0,36,3,1,6,0,2,4,1,3,2,True,False,0,E,2,B,2,E,1,G#,3,D,0,E
t - - - 2-,5.7.5.6.8.5,24,3,2,6,0,0,6,5,8,3,True,False,5,A,7,E,5,G,6,C#,8,G,5,A
t - - - 2-,6.x.6.7.5.0,2,1,3,5,1,1,4,5,7,2,True,False,6,A#,x,,6,G#,7,D,5,E,0,E
t - - - 23,3.3.3.3.3.3,6,3,1,6,0,0,6,3,3,0,True,False,3,G,3,C,3,F,3,A#,3,D,3,G
t - - - 23,6.x.x.x.6.5,1,1,2,3,3,0,3,5,6,1,True,False,6,A#,x,,x,,x,,6,F,5,A
t - - - 3 -,6.5.5.7.6.x,1,1,1,5,1,0,5,5,7,2,True,False,6,A#,5,D,5,G,7,D,6,F,x,
t - - - 3 -,8.7.7.8.9.7,1,1,2,6,0,0,6,7,9,2,True,False,8,C,7,E,7,A,8,D#,9,G#,7,B
t - - - 3 -,8.x.10.9.0.x,1,1,3,4,2,1,3,8,10,2,True,True,8,C,x,,10,C,9,E,0,B,x,
t - - - 3 -,6.x.x.x.10.x,1,1,4,2,4,0,2,6,10,4,True,False,6,A#,x,,x,,x,,10,A,x,
t - - - 3-,0.x.2.0.3.0,1,1,1,5,1,3,2,2,3,1,True,False,0,E,x,,2,E,0,G,3,D,0,E
t - - - 3-,2.x.0.2.3.x,1,1,2,4,2,1,3,2,3,1,True,False,2,F#,x,,0,D,2,A,3,D,x,
t - - - 3-,3.x.2.3.3.0,1,1,3,5,1,1,4,2,3,1,True,False,3,G,x,,2,E,3,A#,3,D,0,E
t - - - 3-,6.x.5.6.6.x,1,1,4,4,2,0,4,5,6,1,True,False,6,A#,x,,5,G,6,C#,6,F,x,
t - - - 3-,1.x.0.1.3.x,1,1,5,4,2,1,3,1,3,2,True,False,1,F,x,,0,D,1,G#,3,D,x,
t - - - 3-,7.x.7.8.10.x,1,1,6,4,2,0,4,7,10,3,True,False,7,B,x,,7,A,8,D#,10,A,x,
t - - - 3-,8.x.7.9.10.x,1,1,7,4,2,0,4,7,10,3,True,False,8,C,x,,7,A,9,E,10,A,x,
t - - 1- -,0.x.x.6.6.6,2,1,1,4,2,1,3,6,6,0,True,True,0,E,x,,x,,6,C#,6,F,6,A#
t - - 1- -,0.x.x.7.7.7,2,1,2,4,2,1,3,7,7,0,True,True,0,E,x,,x,,7,D,7,F#,7,B
t - - 12-,7.7.7.7.7.7,1,1,1,6,0,0,6,7,7,0,True,False,7,B,7,E,7,A,7,D,7,F#,7,B
t - - 123,2.4.2.2.2.4,6,1,1,6,0,0,6,2,4,2,True,False,2,F#,4,C#,2,E,2,A,2,C#,4,G#
t - - 123,5.4.4.6.5.4,3,1,2,6,0,0,6,4,6,2,True,False,5,A,4,C#,4,F#,6,C#,5,E,4,G#
t - - 123,4.2.2.4.4.2,2,1,3,6,0,0,6,2,4,2,True,False,4,G#,2,B,2,E,4,B,4,D#,2,F#
t - - 123,6.x.x.6.7.9,2,1,4,4,2,0,4,6,9,3,True,False,6,A#,x,,x,,6,C#,7,F#,9,C#
t - - 123,7.x.x.7.7.10,2,1,5,4,2,0,4,7,10,3,True,False,7,B,x,,x,,7,D,7,F#,10,D
t - - 123,7.x.x.7.7.7,1,1,6,4,2,0,4,7,7,0,True,False,7,B,x,,x,,7,D,7,F#,7,B
t - - 123,7.7.7.8.8.7,1,1,7,6,0,0,6,7,8,1,True,False,7,B,7,E,7,A,8,D#,8,G,7,B
t - - 123,7.x.x.8.8.7,1,1,8,4,2,0,4,7,8,1,True,False,7,B,x,,x,,8,D#,8,G,7,B
t - - 123,0.x.x.9.9.7,1,1,9,4,2,1,3,7,9,2,True,True,0,E,x,,x,,9,E,9,G#,7,B
t - - 123,0.x.6.4.3.0,1,1,10,5,1,2,3,3,6,3,True,False,0,E,x,,6,G#,4,B,3,D,0,E
t - - 123,0.x.9.10.10.12,1,1,11,5,1,1,4,9,12,3,True,True,0,E,x,,9,B,10,F,10,A,12,E
t - - 2 - -,5.x.5.6.6.x,1,1,1,4,2,0,4,5,6,1,True,False,5,A,x,,5,G,6,C#,6,F,x,
t - - 2- -,3.x.0.4.x.x,9,3,1,3,3,1,2,3,4,1,True,False,3,G,x,,0,D,4,B,x,,x,
t - - 2- -,6.x.5.6.x.x,1,1,2,3,3,0,3,5,6,1,True,False,6,A#,x,,5,G,6,C#,x,,x,
t - - 23 -,6.5.5.6.7.5,2,1,1,6,0,0,6,5,7,2,True,False,6,A#,5,D,5,G,6,C#,7,F#,5,A
t - - 23 -,5.x.5.6.5.5,1,1,2,5,1,0,5,5,6,1,True,False,5,A,x,,5,G,6,C#,5,E,5,A
t - - 23 -,7.6.6.7.6.x,1,1,3,5,1,0,5,6,7,1,True,False,7,B,6,D#,6,G#,7,D,6,F,x,
t - - 23 -,4.x.0.5.6.x,1,1,4,4,2,1,3,4,6,2,True,False,4,G#,x,,0,D,5,C,6,F,x,
t - - 23 -,5.x.5.6.8.5,1,1,5,5,1,0,5,5,8,3,True,False,5,A,x,,5,G,6,C#,8,G,5,A
t - - 23 -,5.x.5.7.8.5,1,1,6,5,1,0,5,5,8,3,True,False,5,A,x,,5,G,7,D,8,G,5,A
t - - 23 -,8.x.8.9.11.8,1,1,7,5,1,0,5,8,11,3,True,False,8,C,x,,8,A#,9,E,11,A#,8,C
t - - 23-,5.5.6.6.7.5,2,1,1,6,0,0,6,5,7,2,True,False,5,A,5,D,6,G#,6,C#,7,F#,5,A
t - 1 - - -,1.x.3.x.x.x,9,3,1,2,4,0,2,1,3,2,True,False,1,F,x,,3,F,x,,x,,x,
t - 1 2- -,10.x.10.10.10.x,3,3,1,4,2,0,4,10,10,0,True,False,10,D,x,,10,C,10,F,10,A,x,
t - 12 - -,7.x.7.7.7.x,9,3,1,4,2,0,4,7,7,0,True,False,7,B,x,,7,A,7,D,7,F#,x,
t - 12 - -,7.7.7.7.7.7,1,1,2,6,0,0,6,7,7,0,True,False,7,B,7,E,7,A,7,D,7,F#,7,B
t - 12- -,7.x.7.7.5.x,6,1,1,4,2,0,4,5,7,2,True,False,7,B,x,,7,A,7,D,5,E,x,
t - 12- -,7.7.7.7.7.7,4,1,2,6,0,0,6,7,7,0,True,False,7,B,7,E,7,A,7,D,7,F#,7,B
t - 12- -,2.x.2.3.2.2,3,3,3,5,1,0,5,2,3,1,True,False,2,F#,x,,2,E,3,A#,2,C#,2,F#
t - 12- -,2.x.2.4.2.2,3,3,4,5,1,0,5,2,4,2,True,False,2,F#,x,,2,E,4,B,2,C#,2,F#
t - 123 -,2.x.2.3.2.2,12,3,1,5,1,0,5,2,3,1,True,False,2,F#,x,,2,E,3,A#,2,C#,2,F#
t - 123 -,3.2.2.3.3.2,9,3,2,6,0,0,6,2,3,1,True,False,3,G,2,B,2,E,3,A#,3,D,2,F#
t - 123 -,5.4.4.5.5.4,3,1,3,6,0,0,6,4,5,1,True,False,5,A,4,C#,4,F#,5,C,5,E,4,G#
t - 123 -,5.x.5.6.5.5,3,3,4,5,1,0,5,5,6,1,True,False,5,A,x,,5,G,6,C#,5,E,5,A
t - 123 -,6.5.5.6.6.5,3,3,5,6,0,0,6,5,6,1,True,False,6,A#,5,D,5,G,6,C#,6,F,5,A
t - 123 -,5.5.6.6.7.5,2,1,6,6,0,0,6,5,7,2,True,False,5,A,5,D,6,G#,6,C#,7,F#,5,A
t - 123 -,7.9.7.9.10.7,2,1,7,6,0,0,6,7,10,3,True,False,7,B,9,F#,7,A,9,E,10,A,7,B
t - 123 -,8.10.8.10.11.8,2,1,8,6,0,0,6,8,11,3,True,False,8,C,10,G,8,A#,10,F,11,A#,8,C
t - 123 -,9.11.9.11.12.9,2,1,9,6,0,0,6,9,12,3,True,False,9,C#,11,G#,9,B,11,F#,12,B,9,C#
t - 123 -,9.9.9.9.9.9,1,1,10,6,0,0,6,9,9,0,True,False,9,C#,9,F#,9,B,9,E,9,G#,9,C#
t - 123 -,7.7.7.8.7.7,1,1,11,6,0,0,6,7,8,1,True,False,7,B,7,E,7,A,8,D#,7,F#,7,B
t - 123 -,9.x.8.9.9.9,1,1,12,5,1,0,5,8,9,1,True,False,9,C#,x,,8,A#,9,E,9,G#,9,C#
t - 123 -,9.x.7.9.9.9,1,1,13,5,1,0,5,7,9,2,True,False,9,C#,x,,7,A,9,E,9,G#,9,C#
t - 123 -,0.x.12.13.14.0,1,1,14,5,1,2,3,12,14,2,True,True,0,E,x,,12,D,13,G#,14,C#,0,E
t - 123-,1.x.2.2.3.x,1,1,1,4,2,0,4,1,3,2,True,False,1,F,x,,2,E,2,A,3,D,x,
t - 1234,0.x.10.11.9.12,1,1,1,5,1,1,4,9,12,3,True,True,0,E,x,,10,C,11,F#,9,G#,12,E
t -12 - -,2.x.2.2.x.x,1,1,1,3,3,0,3,2,2,0,True,False,2,F#,x,,2,E,2,A,x,,x,
t -12 - -,5.x.6.6.5.5,1,1,2,5,1,0,5,5,6,1,True,False,5,A,x,,6,G#,6,C#,5,E,5,A
t 123 - -,0.4.5.4.x.x,3,3,1,4,2,1,3,4,5,1,True,False,0,E,4,C#,5,G,4,B,x,,x,
t- - - - -,0.5.6.6.7.5,4,1,1,6,0,1,5,5,7,2,True,False,0,E,5,D,6,G#,6,C#,7,F#,5,A
t- - - - -,0.x.x.x.x.x,2,1,2,1,5,1,0,0,0,0,True,False,0,E,x,,x,,x,,x,,x,
t- - - - -,0.5.5.6.7.5,2,1,3,6,0,1,5,5,7,2,True,False,0,E,5,D,5,G,6,C#,7,F#,5,A
t- - - - -,x.3.x.x.3.0,1,1,4,3,3,1,2,3,3,0,True,False,x,,3,C,x,,x,,3,D,0,E
t- - - - 3,3.x.x.x.3.0,1,1,1,3,3,1,2,3,3,0,True,False,3,G,x,,x,,x,,3,D,0,E
t- - - - 3,0.x.2.0.3.2,1,1,2,5,1,2,3,2,3,1,True,False,0,E,x,,2,E,0,G,3,D,2,F#
t- - - - 3,8.x.x.7.8.10,1,1,3,4,2,0,4,7,10,3,True,False,8,C,x,,x,,7,D,8,G,10,D
t- - - - 3,6.x.x.7.8.10,1,1,4,4,2,0,4,6,10,4,True,False,6,A#,x,,x,,7,D,8,G,10,D
t- 123 -,6.5.5.6.7.5,2,1,1,6,0,0,6,5,7,2,True,False,6,A#,5,D,5,G,6,C#,7,F#,5,A
V,0.2.2.1.0.0,1,1,1,6,0,3,3,1,2,1,True,False,0,E,2,B,2,E,1,G#,0,B,0,E
V,3.2.0.0.0.3,1,1,2,6,0,3,3,2,3,1,True,False,3,G,2,B,0,D,0,G,0,B,3,G
